Year,Player,Pos,School,Height,Weight,40yd,Vertical,Bench,Broad Jump,3Cone,Shuttle,Drafted,Round,Pick,Height_inches,missing_count,Weight_z,Height_inches_z,40yd_z,Vertical_z,Bench_z,Broad Jump_z,3Cone_z,Shuttle_z
2010,Seyi Ajirotutu,WR,Fresno State,6-3,204.0,4.6,36.0,14.0,115.0,7.22,4.39,False,0,0,75.0,0,0.10516784000872029,0.9979437798498162,0.9686509610035016,0.2059638986403987,-0.06690467575609896,-1.1243788000011872,1.3021800677645676,0.9501342295173543
2010,Rahim Alem,DE,LSU,6-3,251.0,4.75,30.5,23.5,106.0,7.54,4.8,False,0,0,75.0,1,-1.1751015249279326,-0.5934246812855645,-0.4704580199405638,-0.7663239409909207,-0.01544137062167986,-1.5511384433753512,1.313411317680282,2.2736915291915443
2010,Tyson Alualu,DE,California,6-2,295.0,4.87,35.5,21.0,116.0,7.15,4.43,True,1,10,74.0,0,1.8789765256119797,-1.2721115294224987,0.3589652001539877,0.8734444918821264,-0.5641615052135275,0.0855346755625865,-0.4581189632576185,-0.05244307264774429
2010,Jonathon Amaya,S,Nevada,6-1,203.0,4.43,28.0,8.0,118.0,6.975,4.21,False,0,0,73.0,2,-0.3807338649012068,0.5108267420072936,-1.2508070803326867,-2.560838255737365,-2.277252563155314,-0.5845843481157107,0.04632965387590674,-0.06520868639088993
2010,Pat Angerer,ILB,Iowa,6-0,235.0,4.71,35.0,26.0,110.0,7.04,4.29,True,2,63,72.0,0,-1.0221839598870768,-0.9074916605599537,-0.3578645186452753,0.5971140178042317,1.1767733793719908,-1.2966510936059723,-0.4161556865813468,-0.12058051157822004
2010,Lucien Antoine,S,Oklahoma State,6-0,215.0,4.62,32.0,28.0,120.0,7.38,4.47,False,0,0,72.0,0,0.972526720128078,-0.13287400803657493,0.6054605394229484,-1.1590485765138978,2.883257403246541,-0.24609991813104948,2.397160194510272,2.2162902917793534
2010,Alric Arnett,WR,West Virginia,6-2,188.0,4.52,40.0,14.0,122.0,7.03,4.43,False,0,0,74.0,1,-0.9713327831861341,0.5590530483189408,0.12971004039504505,1.5074535648956748,-0.06690467575609896,0.09395170015038568,0.32870371639500046,1.231756749345521
2010,Larry Asante,S,Nebraska,6-0,212.0,4.62,37.5,14.0,118.0,7.0,4.17,True,5,160,72.0,0,0.6342115738707568,-0.13287400803657493,0.6054605394229484,0.7684122324183696,-0.7290995732347575,-0.5845843481157107,0.19144265021136336,-0.41620852918631257
2010,Geno Atkins,DT,Georgia,6-1,293.0,4.75,33.0,34.0,117.0,7.33,4.43,True,4,120,73.0,0,-0.92008134902822,-1.362903695698221,-1.9936862781318634,1.3046301275219172,1.3604198189113494,1.968653595721336,-1.2367666210785704,-1.3319299536666205
2010,Brandon Banks,WR,Kansas State,5-7,149.0,4.37,31.0,14.0,113.0,6.88,4.29,False,0,0,67.0,1,-3.5953030522235916,-2.5131820723971874,-1.443304185745804,-1.4208981841786963,-0.06690467575609896,-1.4724732286159223,-0.4398302452125564,0.2460779299469403
2010,Kevin Basped,DE,Nevada,6-4,258.0,4.75,29.0,26.0,104.0,7.54,4.88,False,0,0,76.0,0,-0.6892254714329467,0.08526216685136973,-0.4704580199405638,-1.258254470852835,0.5332787639701678,-1.8784730671629388,1.313411317680282,2.77663955121085
2010,Jason Beauchamp,ILB,UNLV,6-3,244.0,4.89,39.5,21.0,120.0,7.1,4.29,False,0,0,75.0,1,0.5955174757423848,1.2660972361038185,1.142640357180312,2.2093218658756593,-0.1970540328665359,0.7506927384034592,-0.06352162405735404,-0.12058051157822004
2010,Chris Bell,WR,Norfolk State,6-2,211.0,4.5,35.0,15.0,117.0,6.76,4.35,False,0,0,74.0,0,0.5761368626564691,0.5590530483189408,-0.08002518975706442,-0.11940851792342029,0.20019538637096299,-0.7762843713864521,-1.054657414498601,0.6685117096891874
2010,Joique Bell,RB,Wayne State (MI),5-11,220.0,4.68,36.5,19.0,120.0,6.84,4.17,False,0,0,71.0,1,0.5306304748794304,0.43573769960030895,1.0887378539745458,0.6003672137189878,-0.006735354784749435,0.2039035073223605,-1.3538861956520938,-0.8995517831607012
2010,Arrelious Benn,WR,Illinois,6-1,219.0,4.57,37.0,20.0,118.0,6.96,4.25,True,2,39,73.0,2,1.1143871742538962,0.1201623167880653,0.6540481157753374,0.5313363152042178,1.5356956970062727,-0.6022371570790845,-0.029945465688526695,-0.03554458988122652
2010,Eric Berry,S,Tennessee,6-0,211.0,4.4,43.0,19.0,130.0,6.8,4.23,True,1,5,72.0,0,0.5214398584516496,-0.13287400803657493,-1.543901967662517,2.695873041350637,0.5610279183657063,1.4463222317922566,-0.9694613204722742,0.11029123500682529
2010,Jahvid Best,RB,California,5-10,199.0,4.34,32.5,18.0,113.0,6.75,4.17,True,1,30,70.0,0,-1.058254544802037,-0.10357699416728292,-2.1412997896575408,-0.6742260976562952,-0.23274392645079248,-1.0751825890558928,-1.902791726645884,-0.8995517831607012
2010,Ciron Black,OG,LSU,6-4,327.0,5.53,25.5,23.0,91.0,8.52,5.13,False,0,0,76.0,0,1.077352022524031,-0.12394670466714025,1.4303609351745679,-0.4936676862950124,-0.6731569938512758,-1.5615085805396964,2.398954353041744,1.7349292945217965
2010,LeGarrette Blount,RB,Oregon,6-0,241.0,4.7,35.0,18.0,117.0,6.85,4.49,False,0,0,72.0,0,2.119515494560898,0.9750523933679008,1.2787400683058496,0.1223947219532567,-0.23274392645079248,-0.34427624826831954,-1.2928966922083405,1.5052250999554921
2010,Nyan Boateng,WR,California,6-1,204.0,4.66,36.0,14.0,112.0,7.35,4.69,False,0,0,73.0,0,0.10516784000872029,0.1201623167880653,1.5978566514598487,0.2059638986403987,-0.06690467575609896,-1.64652044292329,1.9682428344911147,3.0623031282286086
2010,Kyle Bosworth,OLB,UCLA,6-1,236.0,4.69,32.5,25.0,117.0,6.67,4.11,False,0,0,73.0,0,-0.7288900120473563,-0.6598547605355265,0.013930356988386591,-0.5502512734162581,0.585394608985829,-0.2383148213349782,-2.169253911973928,-1.65846876213274
2010,Navorro Bowman,OLB,Penn State,6-0,242.0,4.7,29.5,26.0,115.0,6.91,4.59,True,3,91,72.0,0,-0.12157862132314229,-1.351509750494456,0.10049757541620877,-1.4828199900503058,0.8137772591282826,-0.5512716433144976,-1.0011295616962863,2.057070696379249
2010,Dezmon Briscoe,WR,Kansas,6-2,207.0,4.66,33.0,9.0,115.0,7.1,4.57,True,6,191,74.0,0,0.3070117068577555,0.5590530483189408,1.5978566514598487,-0.7701533510510583,-1.4024049863914088,-1.1243788000011872,0.6873528984785231,2.217435568744108
2010,Dorian Brooks,OG,James Madison,6-2,306.0,5.15,23.0,26.0,100.0,7.73,4.66,False,0,0,74.0,0,-0.7688683193097628,-1.799706151766805,-0.6506943266494162,-1.321344660341214,-0.006573798768079143,-0.22795745701309367,-0.378639920434998,-0.6729937155055706
2010,Chris Brown,RB,Oklahoma,5-10,210.0,4.55,36.0,17.0,115.0,7.07,4.28,False,0,0,70.0,2,-0.22598143925460168,-0.10357699416728292,-0.14627653917889855,0.4410430497970774,-0.4587524981168355,-0.7097294186621063,0.04887238355426378,-0.07290972958950806
2010,Antonio Brown,WR,Central Michigan,5-10,186.0,4.56,33.5,13.0,105.0,6.98,4.18,True,6,195,70.0,0,-1.105895361085491,-1.196509877804561,0.5491805006992733,-0.6074671427691488,-0.33400473788316093,-2.8648509430748628,0.07252572919248301,-0.5283839995805201
2010,Cornelius Brown,CB,Texas-El Paso,5-11,198.0,4.59,31.5,11.0,118.0,6.87,4.24,False,0,0,71.0,0,0.5308308428096862,-0.25656352291434187,1.0454385942046367,-1.5757548319594703,-0.8808306392891657,-0.8301818894711352,-0.2545429871511258,0.5763041914460397
2010,Jarrett Brown,QB,West Virginia,6-3,224.0,4.5,34.5,16.0,114.0,7.24,4.39,False,0,0,75.0,1,0.19438666224249634,0.09224785797656607,-1.9103932200712608,1.0626968338815324,-0.061313606531362225,0.21027081073805623,0.7522458195185742,0.3842569446100995
2010,Levi Brown,QB,Troy,6-3,229.0,4.93,31.5,20.0,106.0,7.07,4.43,True,7,209,75.0,0,0.668304557792382,0.09224785797656607,0.7697916274794027,0.020606309798256655,7.17369196416902,-1.0200740983738787,-0.12102102883458295,0.6538842159519751
2010,Bryan Bulaga,OT,Iowa,6-5,314.0,5.2,27.5,26.0,98.0,7.7,4.75,True,1,23,77.0,0,0.05608479684270086,-0.5626325096168238,-0.10182481380179717,-0.18958660829980642,0.4804427706945932,-0.9269922386938314,-0.39014646882610166,-0.08286841734657058
2010,Crezdon Butler,CB,Clemson,6-0,191.0,4.43,39.5,17.0,121.0,7.08,4.23,True,5,164,72.0,0,-0.27685132702164517,0.36731036733780453,-0.7369485172262239,1.350646998822404,0.7198185869459847,-0.30007834040077574,0.9637618832458436,0.495678853404336
2010,Kyle Calloway,OT,Iowa,6-6,323.0,5.46,23.5,22.0,92.0,7.96,4.86,True,7,216,78.0,0,0.8911709263020601,0.3164807866594626,1.354593672116393,-1.4773447024116997,-0.4783122040839738,-1.8312115466683065,0.5246258127902087,0.49163951803931855
2010,Lee Campbell,ILB,Minnesota,6-2,247.0,4.88,34.0,17.0,108.0,7.27,4.4,False,0,0,74.0,0,1.134751287618872,0.5415676038825611,1.0592789751900034,0.23884560712169214,-1.2961159626573573,-1.7061198600078586,0.9356082197606315,0.7105092169577424
2010,Bruce Campbell,OT,Maryland,6-6,314.0,4.75,32.0,34.0,101.0,7.58,4.69,True,4,106,78.0,0,0.05608479684270086,0.3164807866594626,-2.6225491163525136,1.2591412475760735,2.3979527202517272,-0.47488258470659395,-0.8123490603413226,-0.39623638210250717
2010,Sean Canfield,QB,Oregon State,6-4,223.0,4.93,29.5,16.0,100.0,7.26,4.39,True,7,239,76.0,1,0.09960308313251924,0.6753861030427393,0.7697916274794027,-0.6741207062572604,-0.061313606531362225,-1.9428327802078302,0.8549830957954141,0.3842569446100995
2010,Selvish Capers,OT,West Virginia,6-5,308.0,5.11,30.5,19.0,106.0,7.68,4.68,True,7,231,77.0,0,-0.5006392894635386,-0.5626325096168238,-0.6059696743119395,0.7762319622841136,-1.197378435167899,0.27863350527213526,-0.46051356741197336,-0.44846437622850044
2010,Brandon Carter,OG,Texas Tech,6-6,329.0,5.34,24.5,22.0,102.0,7.82,4.94,False,0,0,78.0,0,1.2531825312701066,1.5518127424325245,0.3898333042625734,-0.824738475913493,-0.8953513922123414,0.06838723710392916,-0.06220512978574905,0.7615136096171182
2010,Chris Chancellor,CB,Clemson,5-9,177.0,4.49,34.0,14.0,115.0,6.85,4.07,False,0,0,69.0,0,-1.8922156666843077,-1.5043113034186348,-0.06855335043964621,-0.6612542598401346,-0.08050602617159051,-1.3602854385414949,-0.3705720224270303,-0.7943265552629531
2010,Kam Chancellor,S,Virginia Tech,6-3,231.0,4.62,32.0,22.0,116.0,7.36,4.41,True,5,133,75.0,0,2.776874166833791,1.7982282420950304,0.6054605394229484,-1.1590485765138978,1.3351044133259846,-0.9230687781003719,2.2810697974419107,1.6897905275862233
2010,Jamar Chaney,ILB,Mississippi State,6-1,242.0,4.54,39.0,26.0,124.0,6.9,4.29,True,7,220,73.0,0,0.23602826782472663,-0.18296202833869626,-1.7750080124805538,2.0301876605343896,1.1767733793719908,1.5696302712072319,-1.2389684991373333,-0.12058051157822004
2010,Barry Church,S,Toledo,6-1,222.0,4.69,36.0,19.0,121.0,6.65,4.17,False,0,0,73.0,0,1.7619287280618274,0.5108267420072936,1.2893486098592364,0.24274110270956936,0.5610279183657063,-0.07685770313871888,-1.8401392984849985,-0.41620852918631257
2010,Keenan Clayton,OLB,Oklahoma,6-1,229.0,4.59,41.5,27.0,124.0,7.105,4.32,True,4,121,73.0,2,-1.4374199678922726,-0.6598547605355265,-0.8517418272898583,2.2474548764858855,1.042159909270736,0.8570340555933398,-0.05202852709570183,-0.03292024903374371
2010,Terrence Cody,DT,Alabama,6-4,354.0,5.71,20.5,27.0,90.0,8.19,5.03,True,2,57,76.0,1,2.92944389755207,0.7477277133506463,3.388535392705859,-2.8171408797588664,-0.06595378282710605,-2.4201796497858616,2.022102441745686,2.234432022088345
2010,Justin Cole,OLB,San Jose State,6-3,242.0,4.76,34.5,22.0,117.0,7.13,4.42,False,0,0,75.0,0,-0.12157862132314229,0.7234552193823325,0.6199008859831495,0.07146120433977383,-0.09975334144153167,-0.2383148213349782,0.06965109272488314,0.7411504714895853
2010,Harry Coleman,S,LSU,6-1,211.0,4.56,33.0,13.0,115.0,7.24,4.42,False,0,0,73.0,0,0.5214398584516496,0.5108267420072936,0.01927076476327049,-0.8086011567080311,-0.9871250715548503,-1.0923109930927024,1.5845274150317283,1.7775404882850772
2010,John Conner,FB,Kentucky,5-11,246.0,4.64,35.0,24.0,111.0,7.15,4.32,True,5,139,71.0,0,0.3296160453974869,-0.9748282513003759,-1.1275429236874477,0.5913599901352252,0.21733917633780242,-0.5387696031463984,-0.404735841906386,-0.2932266800416887
2010,Kavell Conner,OLB,Clemson,6-0,242.0,4.59,33.5,24.0,110.0,7.36,4.6,True,7,240,72.0,0,-0.12157862132314229,-1.351509750494456,-0.8517418272898583,-0.23939503453824212,0.35701195884337544,-1.3336636982632961,1.1891035950742908,2.13447776843158
2010,Chris Cook,CB,Virginia,6-2,212.0,4.45,38.0,7.0,132.0,6.88,4.23,True,2,34,74.0,0,2.146195182472349,1.6150581478420973,-0.5141501282973614,0.8019466555508025,-1.9479301234459325,1.643634672857209,-0.19652846951317607,0.495678853404336
2010,Erik Cook,C,New Mexico,6-6,318.0,5.55,25.0,19.0,94.0,8.24,4.99,True,7,229,78.0,0,2.1250896959907886,2.1859463858197903,2.11933084210892,-0.9098848975955589,-1.8014459129148994,-1.3108050526831314,2.1408706708086775,1.9354894204375577
2010,Perrish Cox,CB,Oklahoma State,5-11,195.0,4.58,32.5,12.0,113.0,6.92,4.16,True,5,137,71.0,2,0.18468134145340132,-0.25656352291434187,0.9340393997402104,-1.209954603111736,-0.614055768249974,-1.7136878045884012,0.03552960103862786,-0.06869851288760483
2010,Anthony Davis,OT,Rutgers,6-5,323.0,5.36,33.0,21.0,99.0,8.17,4.97,True,1,11,77.0,0,0.8911709263020601,-0.5626325096168238,0.7944327159940137,1.5810807711040469,-0.7180009477786156,-0.7762890206980856,1.2634803479418444,1.0661474534252031
2010,Dexter Davis,OLB,Arizona State,6-1,244.0,4.62,35.0,25.0,109.0,7.08,4.3,True,7,236,73.0,0,0.08085850891826236,-0.6598547605355265,-0.592040172006384,0.22688932377878182,0.585394608985829,-1.4901421092530558,-0.17370814691629113,-0.18773439313841364
2010,Chris DeGeare,OG,Wake Forest,6-4,325.0,5.12,32.5,27.0,103.0,7.84,4.9,True,5,161,76.0,0,0.9015215137779553,-0.12394670466714025,-0.8149881631092057,1.823827841034352,0.21562059959298643,0.21655958416244056,0.008113712580749333,0.5565839917424484
2010,Dorin Dickerson,TE,Pittsburgh,6-1,226.0,4.4,43.5,24.0,125.0,6.96,4.3,True,7,227,73.0,0,-2.882459385887604,-2.183939324696453,-2.3167832908851143,3.283737782982059,1.2073083221249519,1.3730428606531087,-1.0000188642694987,-0.6087460359546659
2010,Ed Dickson,TE,Oregon,6-4,249.0,4.59,34.0,23.0,115.0,7.32,4.59,True,3,70,76.0,0,-0.2269339571762332,-0.14819588274726075,-1.0183792292363294,0.19261104307924293,0.9203251963739388,-0.34944782250219747,0.8267872499865979,1.4431794800288054
2010,Phillip Dillard,ILB,Nebraska,6-0,245.0,4.65,31.5,22.0,106.0,7.16,4.43,True,4,115,72.0,1,0.7752620797012137,-0.9074916605599537,-0.8580328105871352,-0.6568254195846566,0.07771144958116945,-2.1155886264097448,0.2891124384666439,0.9371700520129994
2010,Andre Dixon,RB,Connecticut,6-1,205.0,4.56,40.0,19.0,117.0,6.99,4.19,False,0,0,73.0,1,-0.6042873963216178,1.5143670871354926,-0.05127543201325092,1.7156363611723602,-0.006735354784749435,-0.34427624826831954,-0.43904364399577317,-0.7492532279659357
2010,Anthony Dixon,RB,Mississippi State,6-1,233.0,4.67,33.0,15.0,121.0,7.09,4.49,True,6,173,73.0,0,1.514225963253672,1.5143670871354926,0.9937367468088982,-0.5149019337343848,-0.9107696414489216,0.38663009251925384,0.1708513904417703,1.5052250999554921
2010,Vladimir Ducasse,OT,Massachusetts,6-4,332.0,5.21,26.0,29.0,91.0,8.25,4.97,True,2,61,76.0,0,1.7262570557614192,-1.44174580589311,-0.045808718189560234,-0.6724958935917664,1.1995090017785184,-1.9819147646640523,1.544948742285325,1.0661474534252031
2010,Carlos Dunlap,DE,Florida,6-6,277.0,4.68,31.5,21.0,111.0,7.21,4.61,True,2,54,78.0,0,0.6295809594820155,1.4426358631252383,-0.9542882316623871,-0.4383702544163113,-0.5641615052135275,-0.7328018839063823,-0.1855758431133277,1.0791899768956967
2010,Jonathan Dwyer,RB,Georgia Tech,5-11,229.0,4.64,33.0,15.0,107.0,7.56,4.67,True,6,188,71.0,0,1.2115811976000592,0.43573769960030895,0.7087334253119469,-0.5149019337343848,-0.9107696414489216,-2.171542100237253,3.0373580522982335,2.8579120967083473
2010,Marcus Easley,WR,Connecticut,6-3,210.0,4.39,34.0,16.0,123.0,6.94,4.6,True,4,107,75.0,0,0.5088555737067907,0.9979437798498162,-1.2335689555936944,-0.4447809344872393,0.46729544849802496,0.26799891445775326,-0.13241666056953186,2.4286524586152285
2010,A.J. Edds,OLB,Iowa,6-4,246.0,4.62,33.0,16.0,117.0,7.19,4.28,True,4,119,76.0,0,0.28329563915966705,1.415110209341262,-0.592040172006384,-0.3948231539772501,-1.470049242296253,-0.2383148213349782,0.3616821802942957,-0.3425485372430767
2010,Jacoby Ford,WR,Clemson,5-9,186.0,4.28,33.5,15.0,115.0,7.0,4.44,True,4,108,69.0,0,-1.105895361085491,-1.6354006093354365,-2.387112721430315,-0.6074671427691488,0.20019538637096299,-1.1243788000011872,0.17499692407348816,1.3021623793025674
2010,Dominique Franks,CB,Oklahoma,5-11,194.0,4.46,33.5,10.0,117.0,7.32,4.33,True,5,135,71.0,0,0.06929817433463971,-0.25656352291434187,-0.40275093383293503,-0.8441543742640018,-1.1476055103283573,-1.0068830724945885,2.3561103065566673,1.3019322338213881
2010,Junior Galette,OLB,Temple,6-2,257.0,4.77,33.5,25.0,113.0,7.04,4.16,False,0,0,74.0,0,1.3966998554873926,0.031800229423403006,0.7064681044109717,-0.23939503453824212,0.585394608985829,-0.864228465294017,-0.3683955386292314,-1.2714334018710756
2010,Clifton Geathers,DE,South Carolina,6-7,299.0,4.98,36.0,26.0,112.0,7.69,4.43,True,6,186,79.0,1,2.156619984751972,2.1213227112621724,1.1192698185739949,1.037421335169431,0.5332787639701678,-0.5691345720125885,1.994769118041015,-0.05244307264774429
2010,Riar Geer,FB,Colorado,6-3,256.0,5.0,33.0,13.0,106.0,7.13,4.29,False,0,0,75.0,0,1.4072069630431159,1.5266178275081304,1.4282210366707642,-0.04190740087572476,-1.8147821224206513,-1.5028836298294264,-0.5157117985581392,-0.5084002150363104
2010,Toby Gerhart,RB,Stanford,6-0,231.0,4.5,38.0,22.0,118.0,6.94,4.25,True,2,51,72.0,0,1.3629035804268657,0.9750523933679008,-0.621282075007145,1.0783397054847188,0.6712903602133796,-0.16154966307142618,-0.7439911612145449,-0.29835756238165284
2010,David Gettis,WR,Baylor,6-3,217.0,4.43,34.5,15.0,124.0,6.94,4.41,True,6,198,75.0,0,0.9798245963545396,0.9979437798498162,-0.8140984952894662,-0.2820947262053298,0.20019538637096299,0.4420461287651208,-0.13241666056953186,1.0909454894314408
2010,Brandon Ghee,CB,Wake Forest,6-0,192.0,4.37,37.0,15.0,127.0,6.75,4.07,True,3,96,72.0,0,-0.16146815990288352,0.36731036733780453,-1.4053436840127917,0.4361464267030682,0.1862688448676012,0.7601287577399434,-0.9507171988065376,-0.7943265552629531
2010,Thaddeus Gibson,OLB,Ohio State,6-2,243.0,4.78,32.0,32.0,115.0,6.84,4.27,True,4,116,74.0,0,-0.02036005620243996,0.031800229423403006,0.7930353228388015,-0.705679392855266,2.184073159983004,-0.5512716433144976,-1.3418324971939328,-0.4199556092954151
2010,Mardy Gilyard,WR,Cincinnati,6-0,187.0,4.61,39.0,14.0,116.0,6.92,4.4,True,4,99,72.0,1,-1.0386140721358126,-0.3187284147428101,1.0735185760795656,1.1820811483318556,-0.06690467575609896,-0.9503315856938197,-0.23488785545054156,1.0205398594744006
2010,Travis Goethel,ILB,Arizona State,6-2,240.0,4.81,35.0,21.0,111.0,6.93,4.54,True,6,190,74.0,0,-0.12346094009293149,0.5415676038825611,0.4757493012578271,0.5971140178042317,-0.1970540328665359,-1.0919167104050291,-1.0626514678753396,1.768259780548962
2010,Garrett Graham,TE,Wisconsin,6-3,243.0,4.71,34.5,20.0,112.0,7.09,4.35,True,4,118,75.0,0,-0.9196797211878951,-0.8267770300636582,-0.19833455872130468,0.3553019241267596,0.05937581912089951,-0.8661950274487893,-0.3403388785659094,-0.2549657745782066
2010,Jimmy Graham,TE,Miami (FL),6-6,260.0,4.53,38.5,19.0,120.0,6.9,4.45,True,3,95,78.0,1,1.0430999435118138,1.208966411885534,-1.4284015644938388,1.6568289725068928,-0.22760730663011358,0.5117975190754556,-1.3044865499788458,0.4525947481747181
2010,Marshay Green,CB,Mississippi,5-9,180.0,4.52,35.5,14.0,124.0,6.66,4.11,False,0,0,69.0,1,-1.546066165328023,-1.5043113034186348,0.26564423295363276,-0.11255391656853322,-0.08050602617159051,0.23002520866958379,-1.4728478575480952,-0.4718252030961309
2010,Kurtis Gregory,OG,Missouri,6-4,305.0,5.31,25.5,26.0,91.0,7.62,4.93,False,0,0,76.0,0,-0.8567835736828006,-0.12394670466714025,0.2255394678027838,-0.4936676862950124,-0.006573798768079143,-1.5615085805396964,-0.7653935534507484,0.7102812051484474
2010,Jermaine Gresham,TE,Oklahoma,6-5,261.0,4.66,35.0,20.0,113.0,7.07,4.53,True,1,21,77.0,0,1.1585575708470908,0.5303852645691367,-0.5400198381025635,0.5179928051742763,0.05937581912089951,-0.6939459591332586,-0.44182810713569026,1.0186431663770554
2010,Cody Grimm,S,Virginia Tech,5-11,203.0,4.55,35.5,11.0,117.0,6.58,4.21,True,7,210,71.0,1,-0.3807338649012068,-0.7765747580804434,-0.0784275310133396,0.06751739280663596,-1.5031760681950357,-0.7538265631080413,-2.2464556882242728,-0.06520868639088993
2010,Joe Haden,CB,Florida,5-11,193.0,4.52,35.0,18.0,125.0,6.94,4.34,True,1,7,71.0,0,-0.04608499278412191,-0.25656352291434187,0.26564423295363276,-0.29545403099240036,0.9865934579851764,0.406726391693037,0.1515586363145324,1.3825575718630918
2010,Max Hall,QB,BYU,6-1,209.0,4.84,32.0,16.0,102.0,7.07,4.35,False,0,0,73.0,1,-1.2273670244071604,-1.0740286321557804,0.20882270589903176,0.19428806381213592,-0.061313606531362225,-1.6352465529298463,-0.12102102883458295,0.11462967326822397
2010,Clay Harbor,FB,Missouri State,6-3,252.0,4.62,40.0,30.0,120.0,7.215,4.37,True,4,125,75.0,1,0.9761705959848643,1.5266178275081304,-1.2695298103740118,2.1745284676626,1.3257689756605955,1.1966356448830517,-0.04406398278819936,0.06539587828267644
2010,Montario Hardesty,RB,Tennessee,6-0,225.0,4.49,41.0,21.0,124.0,6.87,4.14,True,2,59,72.0,0,0.9089364319464465,0.9750523933679008,-0.7162831821727927,2.034284689016181,0.44528178854733663,0.934809848109934,-1.1709176853208285,-1.124999615952846
2010,Greg Hardy,DE,Mississippi,6-4,281.0,4.82,35.0,21.0,117.0,7.25,4.65,True,6,175,76.0,0,0.9072244186220076,0.08526216685136973,0.013372191781259445,0.7094676485948217,-0.5641615052135275,0.24920198745638025,-0.0038804296837991353,1.3306639879053497
2010,Chris Hawkins,CB,LSU,6-0,187.0,4.43,35.0,16.0,118.0,6.91,4.46,False,0,0,72.0,0,-0.7383839954966916,0.36731036733780453,-0.7369485172262239,-0.29545403099240036,0.45304371590679293,-0.8301818894711352,-0.02248491659932184,2.3500616283635587
2010,Joe Hawley,C,UNLV,6-3,297.0,5.21,26.0,35.0,105.0,7.5,4.73,True,4,117,75.0,0,-1.230315087152559,-0.39297912554063485,-0.21154134098684452,-0.5238731228580491,2.367189257466686,0.4724456373628241,-0.809304927698626,0.33358367000720385
2010,Tim Hiller,QB,West. Michigan,6-4,229.0,4.97,32.5,18.0,118.0,7.1,4.54,False,0,0,76.0,0,0.668304557792382,0.6753861030427393,1.0191111481817903,0.3679698178260152,3.556189178818829,0.8254432652940238,0.03308488558067686,1.3953592121421343
2010,Shay Hodge,WR,Mississippi,6-1,209.0,4.62,33.5,11.0,117.0,6.9,4.32,False,0,0,73.0,0,0.4415742847571123,0.1201623167880653,1.1783861911556204,-0.6074671427691488,-0.8682048621372848,-0.7762843713864521,-0.33735905033154673,0.45729481981806697
2010,Trindon Holliday,WR,LSU,5-5,166.0,4.34,42.0,10.0,116.0,6.54,4.48,True,6,197,65.0,0,-2.451521140079059,-3.3909635354589382,-1.7579070309739775,2.1581983980233126,-1.1353049242643467,-0.9503315856938197,-2.1818405581896805,1.5837848991307342
2010,Lamarr Houston,DT,Texas,6-3,305.0,4.84,33.5,30.0,114.0,7.61,4.71,True,2,44,75.0,0,-0.16279769396324495,0.04418391033435714,-1.4891029964908276,1.4695009678131485,0.5453491893465177,1.4810054573316476,-0.1757394843450899,0.3323723016856967
2010,Jerry Hughes,OLB,TCU,6-2,255.0,4.65,34.5,26.0,118.0,6.99,4.15,True,1,31,74.0,0,1.1942627252459879,0.031800229423403006,-0.3323385167229098,0.07146120433977383,0.8137772591282826,-0.08183641034521849,-0.6117547782704057,-1.3488404739234072
2010,Josh Hull,ILB,Penn State,6-3,237.0,4.93,32.5,25.0,115.0,6.86,4.07,True,7,254,75.0,0,-0.6626947519694186,1.2660972361038185,1.4760858851415544,-0.2985570089021171,0.9020078969242855,-0.27297917760125656,-1.4740578741533303,-1.7827599686501383
2010,Mike Iupati,OG,Idaho,6-5,331.0,5.24,27.5,27.0,92.0,7.85,4.93,True,1,17,77.0,0,1.429013040016182,0.7139330188826921,-0.15781281727005217,0.16847389294194884,0.21562059959298643,-1.413336233481185,0.04327313376399852,0.7102812051484474
2010,Brian Jackson,CB,Oklahoma,6-1,202.0,4.65,35.5,20.0,120.0,6.76,4.22,False,0,0,73.0,0,0.9923635112847327,0.991184257589951,1.7138337609912144,-0.11255391656853322,1.52014320006356,-0.4767795234242289,-0.8927026811685879,0.415053515362625
2010,Kareem Jackson,CB,Alabama,5-10,196.0,4.4,37.5,13.0,118.0,6.92,4.14,True,1,20,70.0,0,0.30006450857216294,-0.8804374131664883,-1.0711461006195029,0.6190465411269354,-0.34728089721078226,-0.8301818894711352,0.03552960103862786,-0.22994918897101954
2010,Javarris James,RB,Miami (FL),6-0,212.0,4.58,36.0,21.0,115.0,7.07,4.28,False,0,0,72.0,2,-0.07465905642779525,0.9750523933679008,0.13872678231805277,0.4410430497970774,0.44528178854733663,-0.7097294186621063,0.04887238355426378,-0.07290972958950806
2010,A.J. Jefferson,CB,Fresno State,6-0,193.0,4.42,44.0,7.0,126.0,6.72,4.0,False,0,0,72.0,0,-0.04608499278412191,0.36731036733780453,-0.8483477116906503,2.9967480286372083,-1.9479301234459325,0.5834275747164901,-1.124760751720392,-1.358703921554894
2010,John Jerry,OT,Mississippi,6-5,328.0,5.15,27.5,24.0,101.0,7.93,4.69,True,3,73,77.0,1,1.3551076648905929,-0.5626325096168238,-0.3819052918629868,-0.18958660829980642,0.0010652833053096855,-0.47488258470659395,0.4190751649114027,-0.39623638210250717
2010,Mike Johnson,OG,Alabama,6-5,312.0,5.37,25.0,26.0,91.0,8.15,5.01,True,3,98,77.0,1,-0.24137679307153603,0.7139330188826921,0.554127140722363,-0.6592030811042527,-0.006573798768079143,-1.5615085805396964,1.0980557692614992,1.120140440897787
2010,Stafon Johnson,RB,USC,5-11,214.0,4.62,35.5,13.0,118.0,7.07,4.28,False,0,0,71.0,2,0.07666332639901118,0.43573769960030895,0.5187312109806517,0.281718885875167,-1.3627867847810076,-0.16154966307142618,0.04887238355426378,-0.07290972958950806
2010,Kyle Jolly,OT,North Carolina,6-6,311.0,5.36,21.5,20.0,89.0,7.89,4.87,False,0,0,78.0,0,-0.22227724631041887,0.3164807866594626,0.7944327159940137,-2.1212237494676462,-0.9576896914732573,-2.283321200655544,0.2783409677396624,0.5438675121653072
2010,Donald Jones,WR,Youngstown State,6-0,214.0,4.46,41.0,20.0,119.0,6.9,4.2,False,0,0,72.0,0,0.7779807295055043,-0.3187284147428101,-0.4994956500612927,1.8328259814594938,1.5356956970062727,-0.428189942771717,-0.33735905033154673,-0.38757273966643346
2010,Reshad Jones,S,Georgia,6-1,214.0,4.51,39.5,24.0,118.0,7.43,4.54,True,5,163,73.0,0,0.8597550047089709,0.5108267420072936,-0.4692207141197886,1.4693070720301031,1.85115540996617,-0.5845843481157107,2.68738618718118,2.8305400166713452
2010,Chad Jones,S,LSU,6-2,221.0,4.59,36.0,9.0,115.0,6.83,4.14,True,3,76,74.0,0,1.6491570126427204,1.1545274920511621,0.3123656520931094,0.24274110270956936,-2.019227064835221,-1.0923109930927024,-0.7953257248697272,-0.6794584112828815
2010,Linval Joseph,DT,East Carolina,6-4,328.0,5.09,30.0,39.0,100.0,8.12,4.71,True,2,46,76.0,0,1.2886626449112906,0.7477277133506463,-0.08748276971017069,0.31540508577452914,2.379258105867389,-0.7946858551535662,1.7568456575623153,0.3323723016856967
2010,Mike Kafka,QB,Northwestern,6-3,225.0,4.93,32.0,16.0,110.0,6.96,4.37,True,4,122,75.0,1,0.2891702413524735,0.09224785797656607,0.7697916274794027,0.19428806381213592,-0.061313606531362225,-0.4049016438179113,-0.6860760483572159,0.24944330893916475
2010,Sergio Kindle,OLB,Texas,6-3,250.0,4.65,36.5,25.0,118.0,7.26,4.53,True,2,43,75.0,0,0.6881698996424763,0.7234552193823325,-0.3323385167229098,0.6931736820958058,0.585394608985829,-0.08183641034521849,0.702385115791938,1.5926282640652527
2010,Jammie Kirlew,DE,Indiana,6-1,260.0,5.05,33.0,26.0,111.0,7.5,4.74,True,7,232,73.0,0,-0.5504037418629506,-1.950798377559433,1.603100030295812,0.05356027544560284,0.5332787639701678,-0.7328018839063823,1.1317159042507534,1.8964805126770674
2010,Keaton Kristick,OLB,Oregon State,6-3,234.0,4.7,34.0,16.0,120.0,6.96,4.21,False,0,0,75.0,0,-0.9313271422887609,0.7234552193823325,0.10049757541620877,-0.08396691509923414,-1.470049242296253,0.23112041163430092,-0.757770322055112,-0.8843980416094112
2010,Brandon LaFell,WR,LSU,6-2,211.0,4.58,36.0,14.0,115.0,6.81,4.23,True,3,78,74.0,1,0.5761368626564691,0.5590530483189408,0.7589157308513921,0.2059638986403987,-0.06690467575609896,-1.1243788000011872,-0.7984794272960836,-0.1763558497953068
2010,Brandon Lang,DE,Troy,6-4,266.0,5.0,28.5,20.0,104.0,7.24,4.68,False,0,0,76.0,1,-0.13393855315296255,0.08526216685136973,1.2575070219230837,-1.4222313141401395,-0.7836495590502666,-1.8784730671629388,-0.049304283041180265,1.5192694961625852
2010,Ted Larsen,C,North Carolina State,6-3,304.0,5.19,24.0,26.0,96.0,7.81,4.66,True,6,205,75.0,0,-0.11184682610477643,-0.39297912554063485,-0.3486514694042396,-1.2958966723330687,0.02233197412704413,-0.9865776544929578,0.4265794446490262,-0.09769864741635505
2010,Shawn Lauvao,OG,Arizona State,6-3,315.0,5.22,26.5,33.0,101.0,7.56,4.51,True,3,92,75.0,0,0.022368970047577368,-0.9618264282169726,-0.2673420415765802,-0.1625968966765318,1.5487869897593798,-0.07978510995458227,-0.9763500805502497,-1.4414797825355836
2010,Simoni Lawrence,OLB,Minnesota,6-0,232.0,4.59,40.0,21.0,123.0,7.3,4.43,False,0,0,72.0,0,-1.1337642725301655,-1.351509750494456,-0.8517418272898583,1.7811705181688615,-0.3281359915839852,0.70055564460358,0.8970725075048782,0.8185575435419168
2010,Boris Lee,ILB,Troy,6-0,238.0,4.94,32.5,27.0,112.0,7.12,4.29,False,0,0,72.0,2,-0.4829501480105896,-0.9074916605599537,1.5594472671318707,-0.2985570089021171,1.451538861819696,-0.887182327204086,0.05402306345064703,-0.12058051157822004
2010,Sean Lee,ILB,Penn State,6-2,236.0,4.71,37.5,24.0,120.0,7.12,4.29,True,2,55,74.0,2,-0.8424393559282477,0.5415676038825611,-0.3578645186452753,1.4927850445105804,0.6272424144765801,0.7506927384034592,0.05402306345064703,-0.12058051157822004
2010,Dan LeFevour,QB,Central Michigan,6-3,230.0,4.6,29.5,16.0,110.0,6.93,4.22,True,6,181,75.0,1,0.763088136902359,0.09224785797656607,-1.2870944183152944,-0.6741207062572604,-0.061313606531362225,-0.4049016438179113,-0.8401819627724803,-0.76165895859287
2010,Kendrick Lewis,S,Mississippi,6-0,198.0,4.73,31.5,16.0,116.0,6.88,4.33,True,5,136,72.0,0,-0.9445924419967422,-0.13287400803657493,1.6801417929656854,-1.3342722864168313,-0.213048576594572,-0.9230687781003719,-0.5050997321988191,0.987790841995378
2010,Myron Lewis,S,Vanderbilt,6-2,203.0,4.42,37.0,10.0,126.0,6.975,4.21,True,3,67,74.0,2,-0.3807338649012068,1.1545274920511621,-1.3485053761092967,0.5931885225154362,-1.7612015665151286,0.7693533718229342,0.04632965387590674,-0.06520868639088993
2010,Trevard Lindley,CB,Kentucky,5-11,183.0,4.51,38.5,9.0,116.0,6.81,4.27,True,4,105,71.0,0,-1.199916663971738,-0.25656352291434187,0.15424503848920643,0.9848467699746696,-1.414380381367549,-1.1835842555180416,-0.6026300929788343,0.8181802055711511
2010,Scott Long,WR,Louisville,6-2,216.0,4.46,41.5,20.0,123.0,6.45,4.09,False,0,0,74.0,0,0.9125433074048611,0.5590530483189408,-0.4994956500612927,1.9955121897414032,1.5356956970062727,0.26799891445775326,-2.6429609351542127,-1.1620346691938939
2010,Darius Marshall,RB,Marshall,5-9,190.0,4.59,35.5,14.0,109.0,7.07,4.39,False,0,0,69.0,1,-1.739205267522666,-0.6428916879348747,0.23372788948370038,0.281718885875167,-1.1367782131149646,-1.8060889298434664,0.04887238355426378,0.7537323239816783
2010,Ryan Mathews,RB,Fresno State,6-0,218.0,4.37,36.0,19.0,121.0,7.0,4.33,True,1,12,72.0,0,0.379308092052624,0.9750523933679008,-1.8562964681605896,0.4410430497970774,-0.006735354784749435,0.38663009251925384,-0.3780541405520199,0.30283665839739543
2010,Sam Maxwell,OLB,Kentucky,6-2,246.0,4.98,33.0,22.0,108.0,7.37,4.52,False,0,0,74.0,1,0.28329563915966705,0.031800229423403006,2.5243796913952834,-0.3948231539772501,-0.09975334144153167,-1.6466205202428155,1.2377754430025247,1.5152211920129144
2010,Taylor Mays,S,USC,6-3,230.0,4.31,41.0,24.0,125.0,6.975,4.21,True,2,49,75.0,2,2.664102451414684,1.7982282420950304,-2.423186629652034,1.9949782017389035,1.85115540996617,0.6001111568306036,0.04632965387590674,-0.06520868639088993
2010,Kyle McCarthy,S,Notre Dame,6-0,205.0,4.58,34.0,24.0,117.0,6.74,4.13,False,0,0,72.0,0,-0.1551904340629927,-0.13287400803657493,0.21466735631649933,-0.45815373690216427,1.85115540996617,-0.7538265631080413,-1.3177325116773628,-0.7672083719817352
2010,Albert McClellan,ILB,Marshall,6-1,247.0,4.75,36.5,26.0,119.0,7.24,4.21,False,0,0,73.0,0,1.134751287618872,-0.18296202833869626,-0.02441899068403283,1.1345166338280408,1.1767733793719908,0.545958355202516,0.7592911884986377,-0.7250094050589188
2010,Dexter McCluster,WR,Mississippi,5-9,172.0,4.53,37.5,20.0,118.0,6.96,4.06,True,2,36,69.0,1,-2.0478334063809887,-1.6354006093354365,0.2345776554711091,0.6940225234861273,1.5356956970062727,-0.6022371570790845,-0.029945465688526695,-1.3732515590650205
2010,Devin McCourty,CB,Rutgers,5-11,193.0,4.38,36.0,16.0,126.0,6.7,4.07,True,1,27,71.0,0,-0.04608499278412191,-0.25656352291434187,-1.2939444895483654,0.07034619785533391,0.45304371590679293,0.5834275747164901,-1.2407897869962912,-0.7943265552629531
2010,Anthony McCoy,TE,USC,6-4,259.0,4.71,35.5,19.0,113.0,6.99,4.57,True,6,185,76.0,0,0.9276423161765367,-0.14819588274726075,-0.19833455872130468,0.6806836862217929,-0.22760730663011358,-0.6939459591332586,-0.8477850214148228,1.3016673754782242
2010,Gerald McCoy,DT,Oklahoma,6-4,295.0,5.04,30.5,23.0,114.0,7.32,4.48,True,1,3,76.0,0,-0.7938674065173909,0.7477277133506463,-0.3678068150663011,0.4802759260657605,-0.8810244123919377,1.4810054573316476,-1.2746604473904797,-1.0347331223537028
2010,Chris McGaha,WR,Arizona State,6-1,201.0,4.52,40.0,19.0,122.0,6.96,4.21,False,0,0,73.0,1,-0.09667602684031491,0.1201623167880653,0.12971004039504505,1.5074535648956748,1.2685956348792107,0.09395170015038568,-0.029945465688526695,-0.3171671097093933
2010,Joe McKnight,RB,USC,5-11,198.0,4.4,36.5,18.0,120.0,7.07,4.28,True,4,112,71.0,2,-1.1339157362154402,0.43573769960030895,-1.5712931466636382,0.6003672137189878,-0.23274392645079248,0.2039035073223605,0.04887238355426378,-0.07290972958950806
2010,Mike McLaughlin,ILB,Boston Col.,6-0,242.0,4.84,38.5,29.0,114.0,6.85,4.11,False,0,0,72.0,0,0.23602826782472663,-0.9074916605599537,0.7258334472287609,1.85105345519312,2.001069826715107,-0.47771356080219973,-1.5328302179073334,-1.480545521909789
2010,Shawnbrey McNeal,RB,SMU,5-9,194.0,4.53,36.0,14.0,117.0,7.07,4.28,False,0,0,69.0,2,-1.436560501869053,-0.6428916879348747,-0.33627875351019376,0.4410430497970774,-1.1367782131149646,-0.34427624826831954,0.04887238355426378,-0.07290972958950806
2010,Kerry Meier,WR,Kansas,6-2,224.0,4.62,35.0,13.0,115.0,6.96,4.23,True,5,165,74.0,1,1.4507936190022883,0.5590530483189408,1.1783861911556204,-0.11940851792342029,-0.33400473788316093,-1.1243788000011872,-0.029945465688526695,-0.1763558497953068
2010,Greg Middleton,DE,Indiana,6-3,268.0,4.96,38.0,23.5,116.0,7.65,4.69,False,0,0,75.0,1,0.00488317641703347,-0.5934246812855645,0.9810326152248998,1.69332870831865,-0.01544137062167986,0.0855346755625865,1.8130737046114864,1.5821379989150026
2010,Lonyae Miller,RB,Fresno State,5-11,221.0,4.43,36.5,26.0,120.0,7.2,4.54,False,0,0,71.0,0,0.6062916662928336,0.43573769960030895,-1.2862898251666952,0.6003672137189878,1.5753246468775517,0.2039035073223605,0.8417359283230724,1.8809714879423955
2010,Koa Misi,OLB,Utah,6-3,251.0,4.75,38.0,22.0,127.0,7.07,4.27,True,2,40,75.0,1,0.7893884647631787,0.7234552193823325,0.5333336675553273,1.1594580404128296,-0.09975334144153167,1.3264692885626188,-0.22237999484452511,-0.4199556092954151
2010,Carlton Mitchell,WR,South Florida,6-3,215.0,4.46,36.0,16.0,122.0,6.96,4.55,True,6,177,75.0,0,0.8452620184551827,0.9979437798498162,-0.4994956500612927,0.2059638986403987,0.46729544849802496,0.09395170015038568,-0.029945465688526695,2.0766243088300214
2010,Earl Mitchell,DT,Arizona,6-2,296.0,4.75,28.5,25.0,107.0,7.68,4.55,True,3,81,74.0,0,-0.7307604352619762,-0.659359892681932,-1.9936862781318634,-0.17920743509916484,-0.4734890976095219,0.34315980108904065,0.08951729983827772,-0.6186575585156274
2010,Arthur Moats,OLB,James Madison,6-0,246.0,4.64,36.5,24.0,122.0,7.22,4.37,True,6,178,72.0,0,0.28329563915966705,-1.351509750494456,-0.41890573515073964,0.6931736820958058,0.35701195884337544,0.5440772336138203,0.5076977240789977,0.3541151112279208
2010,Tony Moeaki,TE,Iowa,6-3,245.0,4.69,34.0,18.0,113.0,7.1,4.42,True,3,93,75.0,0,-0.6887644665173411,-0.8267770300636582,-0.3350086704738058,0.19261104307924293,-0.5145904323811267,-0.6939459591332586,-0.2895942642810189,0.24032659134884007
2010,Joshua Moore,CB,Kansas State,5-11,188.0,4.5,36.5,2.0,122.0,6.74,4.07,True,5,141,71.0,0,-0.62300082837793,-0.25656352291434187,0.042845844024780116,0.2532463122792011,-3.281804478641891,-0.12337715737732258,-1.0087317164444873,-0.7943265552629531
2010,Derrick Morgan,DE,Georgia Tech,6-3,266.0,4.77,34.0,23.5,112.0,7.12,4.43,True,1,16,75.0,1,-0.13393855315296255,-0.5934246812855645,-0.33222081659147495,0.38151396202021226,-0.01544137062167986,-0.5691345720125885,-0.5943905233297659,-0.05244307264774429
2010,Roddrick Muckelroy,OLB,Texas,6-2,246.0,4.68,31.0,19.0,110.0,7.25,4.39,True,4,131,74.0,0,0.28329563915966705,0.031800229423403006,-0.07263686143944327,-1.016535631733282,-0.7849012918688923,-1.3336636982632961,0.653713267863704,0.5089292553325838
2010,Jerome Murphy,CB,South Florida,6-0,196.0,4.5,38.0,16.0,127.0,6.87,4.05,True,3,65,72.0,0,0.30006450857216294,0.36731036733780453,0.042845844024780116,0.8019466555508025,0.45304371590679293,0.7601287577399434,-0.2545429871511258,-0.955577231346368
2010,Mike Neal,DT,Purdue,6-3,294.0,4.87,33.0,31.0,113.0,7.53,4.53,True,2,56,75.0,0,-0.8569743777728054,0.04418391033435714,-1.3209085692771474,1.3046301275219172,0.7491168467377256,1.318456077868418,-0.47889009484037004,-0.7375362910407903
2010,Marshall Newhouse,OG,TCU,6-4,319.0,4.99,25.0,25.0,97.0,7.4,4.6,True,5,169,76.0,0,0.37402998753972855,-0.12394670466714025,-1.526928121101621,-0.6592030811042527,-0.22876819712914473,-0.6724744981886279,-1.5389008194822462,-0.9803881423175776
2010,Eric Norwood,OLB,South Carolina,6-1,245.0,4.71,36.5,22.0,115.0,7.08,4.23,True,4,124,73.0,1,0.1820770740389647,-0.6598547605355265,0.18706479384403094,0.6931736820958058,-0.09975334144153167,-0.5512716433144976,-0.17370814691629113,-0.7295838975047412
2010,Jared Odrick,DT,Penn State,6-5,304.0,5.03,29.0,26.0,106.0,7.22,4.59,True,1,28,77.0,0,-0.22590466521865954,1.4512715163669354,-0.42387162413752616,-0.014336594807933516,-0.26972144021831396,0.18061042162581112,-1.6535987105095815,-0.3809000934652964
2010,Vince Oghobaase,DT,Duke,6-5,303.0,5.46,26.0,27.0,90.0,7.84,4.645,False,0,0,77.0,1,-0.28901163647407413,1.4512715163669354,1.9869151659252022,-1.0035616365553215,-0.06595378282710605,-2.4201796497858616,0.695818520828838,-0.05398357902109323
2010,Eric Olsen,C,Notre Dame,6-4,306.0,5.25,29.5,35.0,93.0,7.5,4.82,True,6,183,76.0,0,0.20771553419459,0.46666271157950695,0.06267891584795167,0.827168088723235,2.367189257466686,-1.4729187517782183,-0.809304927698626,0.8880895066946336
2010,Jeff Owens,DT,Georgia,6-1,304.0,4.97,30.0,44.0,101.0,7.65,4.68,True,7,243,73.0,1,-0.22590466521865954,-1.362903695698221,-0.7602604785648867,0.31540508577452914,3.3980963928234287,-0.6321364756903366,-0.02416417909744982,0.1540542028979471
2010,Akwasi Owusu-Ansah,CB,Indiana (PA),6-0,207.0,4.32,35.5,14.0,120.0,6.84,4.32,True,4,126,72.0,1,1.5692793468785406,0.36731036733780453,-1.9623396563349331,-0.11255391656853322,-0.08050602617159051,-0.4767795234242289,-0.42858654006498004,1.2213068957796844
2010,Preston Parker,WR,Florida State,5-11,199.0,4.59,35.0,16.0,117.0,6.96,4.16,False,0,0,71.0,1,-0.23123860473967173,-0.7576191462736855,0.8637833459274469,-0.11940851792342029,0.46729544849802496,-0.7762843713864521,-0.029945465688526695,-0.6691952594946003
2010,Alex Parsons,OG,USC,6-4,309.0,5.12,27.0,23.0,99.0,7.83,4.79,False,0,0,76.0,2,-0.5051225561906494,-0.12394670466714025,-0.8149881631092057,0.0029384981327085333,-0.6731569938512758,-0.3761298040716051,-0.027045708602499857,-0.00697245741289477
2010,Pat Paschall,RB,North Dakota State,6-0,209.0,4.65,38.5,15.0,118.0,7.02,4.33,False,0,0,72.0,0,-0.3016426306680049,0.9750523933679008,0.803734532477603,1.2376638694066293,-0.9107696414489216,-0.16154966307142618,-0.2560751336645134,0.30283665839739543
2010,Cole Pemberton,OT,Colorado State,6-7,315.0,5.37,22.5,18.0,96.0,7.65,4.77,False,0,0,79.0,0,0.14887214456040743,1.195594082935749,0.8504488116062505,-1.799284225939673,-1.4370671788625409,-1.228398674685323,-0.5660642152907762,0.021587570905406726
2010,David Pender,CB,Purdue,6-0,180.0,4.37,39.0,8.0,124.0,6.92,4.16,False,0,0,72.0,2,-1.546066165328023,0.36731036733780453,-1.4053436840127917,1.1677468843985368,-1.6811552524067408,0.23002520866958379,0.03552960103862786,-0.06869851288760483
2010,Jared Perry,WR,Missouri,6-1,178.0,4.51,33.5,11.0,121.0,6.75,4.39,False,0,0,73.0,0,-1.6441456726829182,0.1201623167880653,0.02484242531899031,-0.6074671427691488,-0.8682048621372848,-0.08009551415698189,-1.1058930119391035,0.9501342295173543
2010,Corey Peters,DT,Kentucky,6-3,300.0,4.98,33.0,27.0,98.0,7.56,4.76,True,3,83,75.0,1,-0.4783325502403179,0.04418391033435714,-0.7041956694936565,1.3046301275219172,-0.06595378282710605,-1.1197846140800252,-0.36520861590464254,0.6295691329986092
2010,Jason Pierre-Paul,DE,South Florida,6-5,270.0,4.71,30.5,19.0,115.0,7.18,4.67,True,1,15,77.0,0,0.14370490598702948,0.7639490149883039,-0.7469324266387477,-0.7663239409909207,-1.0031376128870055,-0.07813263633120728,-0.3218474031854751,1.4564009934101734
2010,Tony Pike,QB,Cincinnati,6-6,223.0,4.9,28.5,16.0,108.0,7.06,4.53,True,6,204,78.0,1,0.09960308313251924,1.8416625931750856,0.5828019869526161,-1.021484214285019,-0.061313606531362225,-0.7124878710958951,-0.17238966697300745,1.327952394306667
2010,Dennis Pitta,TE,BYU,6-4,245.0,4.68,34.0,27.0,113.0,6.72,4.17,True,4,114,76.0,0,-0.6887644665173411,-0.14819588274726075,-0.4033457263500624,0.19261104307924293,2.068257699377991,-0.6939459591332586,-2.2178896071068963,-1.5285747155334626
2010,Nick Polk,S,Indiana,5-11,211.0,4.55,38.0,14.0,121.0,6.975,4.21,False,0,0,71.0,2,0.5214398584516496,-0.7765747580804434,-0.0784275310133396,0.943635942321303,-0.7290995732347575,-0.07685770313871888,0.04632965387590674,-0.06520868639088993
2010,Maurkice Pouncey,C,Florida,6-4,304.0,5.25,27.0,25.5,95.0,7.74,4.92,True,1,18,76.0,2,-0.11184682610477643,0.46666271157950695,0.06267891584795167,-0.13786134812053938,-0.10793787494738041,-1.1486913535880448,0.14750877992536482,1.5042071030139987
2010,Brian Price,DT,UCLA,6-1,303.0,5.12,28.5,34.0,96.0,7.65,4.645,True,2,35,73.0,2,-0.28901163647407413,-1.362903695698221,0.08071165750350953,-0.17920743509916484,1.3604198189113494,-1.4448833730064843,-0.02416417909744982,-0.05398357902109323
2010,Taylor Price,WR,Ohio,6-0,204.0,4.4,37.0,16.0,114.0,6.82,4.34,True,3,90,72.0,0,0.10516784000872029,-0.3187284147428101,-1.1287013405176305,0.5313363152042178,0.46729544849802496,-1.2984260143085549,-0.7472438298555765,0.5981060797321472
2010,Andrew Quarless,TE,Penn State,6-4,254.0,4.68,32.0,23.0,112.0,7.14,4.38,True,5,154,76.0,2,0.3503541795001518,-0.14819588274726075,-0.4033457263500624,-0.45815248111082363,0.9203251963739388,-0.8661950274487893,-0.08661580714145264,-0.04269761775232858
2010,David Reed,WR,Utah,6-0,191.0,4.56,37.0,15.0,114.0,6.95,4.38,True,5,156,72.0,0,-0.7694889163370989,-0.3187284147428101,0.5491805006992733,0.5313363152042178,0.20019538637096299,-1.2984260143085549,-0.08118106312902927,0.8797285995603141
2010,Dace Richardson,OG,Iowa,6-5,320.0,5.76,23.5,19.0,87.0,8.58,5.38,False,0,0,77.0,0,0.46194524191276637,0.7139330188826921,2.6899470146996087,-1.1558092655319736,-1.5619345872955381,-2.154197968773742,2.6099108801412454,3.015739406238482
2010,Perry Riley,OLB,LSU,6-1,239.0,4.69,35.5,22.0,119.0,6.97,4.25,True,4,103,73.0,1,-0.42523431668524925,-0.6598547605355265,0.013930356988386591,0.38231744321778977,-0.09975334144153167,0.07464200064454121,-0.709098474126878,-0.5747697534000782
2010,Andre Roberts,WR,Citadel,5-11,195.0,4.4,36.0,15.0,120.0,6.77,4.15,True,3,88,71.0,0,-0.5003637605383853,-0.7576191462736855,-1.1287013405176305,0.2059638986403987,0.20019538637096299,-0.25414272846434943,-1.0034218170580984,-0.7396008894516405
2010,Patrick Robinson,CB,Florida State,5-11,190.0,4.46,39.0,15.0,122.0,6.78,4.16,True,1,32,71.0,1,-0.3922344941404068,-0.25656352291434187,-0.40275093383293503,1.1677468843985368,0.1862688448676012,-0.12337715737732258,-0.7766736458926833,-0.06869851288760483
2010,Zac Robinson,QB,Oklahoma State,6-2,214.0,4.68,35.0,16.0,110.0,7.24,4.4,True,7,250,74.0,1,-0.7534491288572748,-0.4908903870896071,-0.7884553769105189,1.2363785878954114,-0.061313606531362225,-0.4049016438179113,0.7522458195185742,0.4516637624455729
2010,Dennis Rogan,S,Tennessee,5-9,185.0,4.73,38.0,17.0,118.0,6.975,4.1,False,0,0,69.0,2,-2.410624742445134,-2.0639762581681804,1.6801417929656854,0.943635942321303,0.04497692172552077,-0.5845843481157107,0.04632965387590674,-1.0304582540783043
2010,Myron Rolle,S,Florida State,6-2,215.0,4.59,36.0,21.0,124.0,6.94,4.15,True,6,207,74.0,0,0.972526720128078,1.1545274920511621,0.3123656520931094,0.24274110270956936,1.0770789150058917,0.4308689418382729,-0.1568285409937253,-0.59170845058402
2010,Devin Ross,CB,Arizona,5-10,183.0,4.64,40.0,16.0,119.0,7.07,4.16,False,0,0,70.0,1,-1.199916663971738,-0.8804374131664883,1.6024345665267783,1.533547113246271,0.45304371590679293,-0.6534807064476821,0.9057473656078939,-0.06869851288760483
2010,Jay Ross,DT,East Carolina,6-3,313.0,5.1,32.0,30.0,100.0,7.83,4.64,False,0,0,75.0,0,0.34205807608007177,0.04418391033435714,-0.031417960638945606,0.9748884469394545,0.5453491893465177,-0.7946858551535662,0.6579246945169288,-0.08370326215238395
2010,Rodger Saffold,OT,Indiana,6-5,316.0,5.21,29.5,27.0,113.0,7.42,4.67,True,2,33,77.0,0,0.241659492278114,-0.5626325096168238,-0.045808718189560234,0.4542924387561402,0.720131514389235,1.333556031242356,-1.3752858490282838,-0.5006923703544891
2010,Emmanuel Sanders,WR,SMU,5-11,186.0,4.4,39.5,12.0,126.0,6.64,4.1,True,3,82,71.0,0,-1.105895361085491,-0.7576191462736855,-1.1287013405176305,1.3447673566137652,-0.6011048000102228,0.7901405573798559,-1.6694845837846457,-1.0916290392368537
2010,Ricky Sapp,OLB,Clemson,6-4,252.0,4.65,34.0,23.0,114.0,7.29,4.41,True,5,134,76.0,0,0.890607029883881,1.415110209341262,-0.3323385167229098,-0.08396691509923414,0.12862930870092187,-0.7077500543042573,0.8484006595766442,0.6637433994372538
2010,Charles Scott,RB,LSU,5-11,238.0,4.68,30.5,19.0,111.0,6.98,4.47,True,6,200,71.0,1,1.8925319203206883,0.43573769960030895,1.0887378539745458,-1.3115227533439366,-0.006735354784749435,-1.4406357594496797,-0.5000331474395264,1.3549265447607266
2010,Chris Scott,OG,Tennessee,6-5,319.0,5.52,22.5,19.0,90.0,8.24,5.03,True,5,151,77.0,0,0.37402998753972855,0.7139330188826921,1.3755963230213013,-1.4868800551504542,-1.5619345872955381,-1.709680927598208,1.414490559910748,1.2226052498351243
2010,George Selvie,DE,South Florida,6-4,252.0,4.93,30.5,24.0,109.0,7.48,4.63,True,7,226,76.0,0,-1.1056906601429346,0.08526216685136973,0.7736768102012604,-0.7663239409909207,0.09430265629668967,-1.06013650769397,1.040868197535991,1.2049269824005204
2010,Darryl Sharpton,ILB,Miami (FL),5-11,236.0,4.81,33.0,24.0,116.0,7.19,4.42,True,4,102,71.0,2,-0.8424393559282477,-1.632021292781211,0.4757493012578271,-0.11942280356084735,0.6272424144765801,-0.06824479440031342,0.4654294697286429,0.8616164403279137
2010,Cameron Sheffield,OLB,Troy,6-2,257.0,4.92,33.0,22.0,115.0,7.23,4.53,True,5,142,74.0,1,1.3966998554873926,0.031800229423403006,2.004976380828335,-0.3948231539772501,-0.09975334144153167,-0.5512716433144976,0.556369572007236,1.5926282640652527
2010,Malcolm Sheppard,DT,Arkansas,6-2,285.0,5.11,28.0,19.0,100.0,7.81,4.78,False,0,0,74.0,0,-1.4249371190715368,-0.659359892681932,0.024646848432284454,-0.3440782753903962,-1.6960950419567695,-0.7946858551535662,0.5821370418931071,0.7484478655237773
2010,Jordan Shipley,WR,Texas,5-11,193.0,4.6,36.5,16.0,116.0,6.96,4.25,True,3,84,71.0,2,-0.6349263384377422,-0.7576191462736855,0.9686509610035016,0.3686501069223082,0.46729544849802496,-0.9503315856938197,-0.029945465688526695,-0.03554458988122652
2010,John Skelton,QB,Fordham,6-5,243.0,4.85,33.5,16.0,108.0,7.17,4.33,True,5,155,77.0,1,1.9952746653320614,1.2585243481089123,0.2711525860746273,0.7153333258537737,-0.061313606531362225,-0.7124878710958951,0.39266535254962553,-0.020183962402710812
2010,Riley Skinner,QB,Wake Forest,6-0,214.0,5.05,30.0,16.0,101.0,7.04,4.29,False,0,0,72.0,1,-0.7534491288572748,-1.6571668772219534,1.5177501895865657,-0.5004389522433812,-0.061313606531362225,-1.7890396665688382,-0.2751269432498473,-0.28981123374458634
2010,Shelley Smith,OG,Colorado State,6-3,300.0,5.03,34.0,26.0,112.0,7.67,4.71,True,6,187,75.0,0,-1.2963598455479897,-0.9618264282169726,-1.3078696724885697,2.320434025462073,-0.006573798768079143,1.5501107076890432,-0.5895964475344994,-0.41683169316223445
2010,Jevan Snead,QB,Mississippi,6-3,219.0,5.04,33.0,16.0,106.0,7.08,4.33,False,0,0,75.0,1,-0.2795312333073892,0.09224785797656607,1.4554203094109701,0.5416515718398944,-0.061313606531362225,-1.0200740983738787,-0.06965239069616301,-0.020183962402710812
2010,Brandon Spikes,ILB,Florida,6-3,249.0,5.05,29.0,22.0,111.0,6.97,4.29,True,2,62,75.0,2,1.49424049553653,1.2660972361038185,2.4764224690252816,-1.5524964462910054,0.07771144958116945,-1.0919167104050291,-0.8275620928593427,-0.12058051157822004
2010,James Starks,RB,Buffalo,6-2,218.0,4.5,36.0,15.0,119.0,6.89,4.23,True,6,193,74.0,0,0.379308092052624,2.0536817809030845,-0.621282075007145,0.4410430497970774,-0.9107696414489216,0.02117692212546717,-1.0489386784333221,-0.44865611757641155
2010,Darian Stewart,S,South Carolina,5-11,213.0,4.53,37.0,12.0,122.0,6.975,4.32,False,0,0,71.0,1,0.7469832892898638,-0.7765747580804434,-0.27382412256655975,0.5931885225154362,-1.245150569874943,0.09238451185361173,0.04632965387590674,0.9000408812965243
2010,Darrell Stuckey,S,Kansas,5-11,205.0,4.46,39.5,17.0,120.0,6.975,4.21,True,4,110,71.0,2,-0.1551904340629927,-0.7765747580804434,-0.9577121930028477,1.4693070720301031,0.04497692172552077,-0.24609991813104948,0.04632965387590674,-0.06520868639088993
2010,Ndamukong Suh,DT,Nebraska,6-4,307.0,5.03,35.5,32.0,105.0,7.21,4.44,True,1,2,76.0,0,-0.03658375145241576,0.7477277133506463,-0.42387162413752616,2.1289843289780737,0.9528845041289336,0.018061042162581573,-1.6914925368214906,-1.272490587404034
2010,Ben Tate,RB,Auburn,5-11,220.0,4.34,40.5,26.0,124.0,6.91,4.12,True,2,58,71.0,0,0.5306304748794304,0.43573769960030895,-2.1412997896575408,1.8749605250942707,1.5753246468775517,0.934809848109934,-0.9269596715458102,-1.2752981711476046
2010,Golden Tate,WR,Notre Dame,5-10,199.0,4.42,35.0,17.0,120.0,7.12,4.34,True,2,60,70.0,0,-0.23123860473967173,-1.196509877804561,-0.918966110365521,-0.11940851792342029,0.7343955106250869,-0.25414272846434943,0.7898240933595327,0.5981060797321472
2010,Daniel Te'o-Nesheim,DE,Washington,6-3,263.0,4.73,37.0,29.0,121.0,6.91,4.18,True,3,86,75.0,0,-0.3421711475079566,-0.5934246812855645,-0.6086952232896526,1.3653750217440406,1.1917429254803849,0.9038712350315553,-1.54829144383479,-1.6241556414580738
2010,Tim Tebow,QB,Florida,6-3,236.0,4.71,38.5,16.0,115.0,6.66,4.17,True,1,25,75.0,1,1.3317896115622216,0.09224785797656607,-0.6014657363837268,2.4521508659925666,-0.061313606531362225,0.3640639243770481,-2.227135192509846,-1.098693047770213
2010,Matt Tennant,C,Boston Col.,6-5,300.0,5.15,25.0,27.0,98.0,7.6,4.62,True,5,158,77.0,0,-0.7509715467035093,1.3263045486996488,-0.6228717262390358,-0.9098848975955589,0.2828716722758932,-0.662350256302784,-0.410632549521965,-0.3441456859441022
2010,Mike Tepper,OG,California,6-5,324.0,5.31,26.5,28.0,94.0,7.95,5.25,False,0,0,77.0,0,0.8136062594049175,0.7139330188826921,0.2255394678027838,-0.1625968966765318,0.437814997954052,-1.1169915393641623,0.3948673455964998,2.349718148145806
2010,Cam Thomas,DT,North Carolina,6-4,330.0,5.16,29.0,31.0,102.0,7.68,4.78,True,5,146,76.0,0,1.4148765874221199,0.7477277133506463,0.30497089378841485,-0.014336594807933516,0.7491168467377256,-0.46958709622710704,0.08951729983827772,0.7484478655237773
2010,Kevin Thomas,CB,USC,6-0,192.0,4.41,34.5,19.0,126.0,6.82,4.18,True,3,94,72.0,0,-0.16146815990288352,0.36731036733780453,-0.9597469061550765,-0.47835414541626753,1.2533683290243682,0.5834275747164901,-0.5446155753408795,0.09255216319580274
2010,Syd'Quan Thompson,CB,California,5-9,186.0,4.75,33.0,14.0,117.0,6.73,4.26,True,7,225,69.0,1,-0.8537671626154533,-1.5043113034186348,2.8278257056354974,-1.027054488687869,-0.08050602617159051,-1.0068830724945885,-1.066746234082437,0.7375548675294473
2010,Manase Tonga,FB,BYU,5-11,245.0,4.84,32.0,19.0,105.0,7.44,4.69,False,0,0,71.0,0,0.221856953632924,-0.9748282513003759,0.2923259431782255,-0.35854109638119974,-0.7063523230978583,-1.6957064351660318,1.2044155295439978,2.360580251558624
2010,Keith Toston,RB,Oklahoma State,6-0,213.0,4.66,32.0,22.0,110.0,7.07,4.67,False,0,0,72.0,1,0.0010021349856079611,0.9750523933679008,0.8987356396432507,-0.8335502615782054,0.6712903602133796,-1.623362344646573,0.04887238355426378,2.8579120967083473
2010,Adrian Tracy,OLB,William & Mary,6-3,248.0,4.76,35.5,20.0,110.0,7.08,4.34,True,6,184,75.0,0,0.4857327694010717,0.7234552193823325,0.6199008859831495,0.38231744321778977,-0.5565186417264388,-1.3336636982632961,-0.17370814691629113,0.12189389507091934
2010,Nate Triplett,OLB,Minnesota,6-3,250.0,4.7,33.0,20.0,115.0,7.02,4.37,True,5,167,75.0,0,0.6881698996424763,0.7234552193823325,0.10049757541620877,-0.3948231539772501,-0.5565186417264388,-0.5512716433144976,-0.4657392344857037,0.3541151112279208
2010,Torell Troup,DT,Central Florida,6-3,314.0,5.12,29.0,34.0,98.0,7.61,4.73,True,2,41,75.0,0,0.40516504733548636,0.04418391033435714,0.08071165750350953,-0.014336594807933516,1.3604198189113494,-1.1197846140800252,-0.1757394843450899,0.4512510342108649
2010,Adam Ulatoski,OG,Texas,6-5,300.0,5.52,26.0,24.0,94.0,7.98,4.99,False,0,0,77.0,0,-1.2963598455479897,0.7139330188826921,1.3755963230213013,-0.3281322914857721,-0.4509625954902103,-1.1169915393641623,0.5003456091462505,1.0176756319604543
2010,Jared Veldheer,OT,Hillsdale,6-8,312.0,5.06,33.5,32.0,109.0,7.4,4.51,True,3,69,80.0,0,-0.1294898985927123,2.074707379212035,-0.8860501523731341,1.7420505328680336,1.9185752328624437,0.7307431592593727,-1.4456529476141522,-1.336340276370326
2010,Alterraun Verner,CB,UCLA,5-10,189.0,4.52,32.0,11.0,116.0,6.7,4.12,True,4,104,70.0,0,-0.5076176612591684,-0.8804374131664883,0.26564423295363276,-1.3928547175356032,-0.8808306392891657,-1.1835842555180416,-1.2407897869962912,-0.3911998650544271
2010,Stephan Virgil,CB,Virginia Tech,5-11,183.0,4.69,34.0,12.0,113.0,7.11,4.35,False,0,0,71.0,0,-1.199916663971738,-0.25656352291434187,2.1594305388489294,-0.6612542598401346,-0.614055768249974,-1.7136878045884012,1.1378054361596979,1.4631829099047957
2010,J.D. Walton,C,Baylor,6-3,300.0,5.19,27.0,24.0,101.0,7.6,4.69,True,3,80,75.0,0,-0.7509715467035093,-0.39297912554063485,-0.3486514694042396,-0.13786134812053938,-0.49874742217065404,-0.17600915901752343,-0.410632549521965,0.08713663147945667
2010,Ed Wang,OT,Virginia Tech,6-5,314.0,5.18,27.0,29.0,96.0,7.81,4.7,True,5,140,77.0,1,0.05608479684270086,-0.5626325096168238,-0.213857005026276,-0.3505563700637931,1.1995090017785184,-1.228398674685323,-0.0031274266038181873,-0.3440083879765185
2010,T.J. Ward,S,Oregon,5-10,211.0,4.56,34.0,19.0,121.0,6.975,4.21,True,2,38,70.0,2,0.5214398584516496,-1.420275508124312,0.01927076476327049,-0.45815373690216427,0.5610279183657063,-0.07685770313871888,0.04632965387590674,-0.06520868639088993
2010,Lorenzo Washington,DT,Alabama,6-4,291.0,5.21,30.0,25.0,107.0,7.4,4.68,False,0,0,76.0,0,-1.046295291539049,0.7477277133506463,0.5852949391445452,0.31540508577452914,-0.4734890976095219,0.34315980108904065,-0.9715098368951994,0.1540542028979471
2010,Daryl Washington,OLB,TCU,6-2,230.0,4.58,31.0,17.0,114.0,7.105,4.32,True,2,47,74.0,2,-1.3362014027715703,0.031800229423403006,-0.9383090457176804,-1.016535631733282,-1.2416665921537995,-0.7077500543042573,-0.05202852709570183,-0.03292024903374371
2010,Tony Washington,OT,Appalachian State,6-6,311.0,5.25,29.5,33.0,114.0,7.52,4.84,False,0,0,78.0,0,-0.22227724631041887,0.3164807866594626,0.17825566425939246,0.4542924387561402,2.1582639765570852,1.484259249238102,-1.0234503560989345,0.3871835297873366
2010,Dekoda Watson,OLB,Florida State,6-1,240.0,4.55,40.0,24.0,134.0,7.06,4.11,True,7,217,73.0,0,-0.3240157515645469,-0.6598547605355265,-1.1980107010011547,1.7811705181688615,0.35701195884337544,2.421818165490937,-0.27105184277276345,-1.65846876213274
2010,Sean Weatherspoon,OLB,Missouri,6-1,239.0,4.62,40.0,34.0,123.0,6.99,4.38,True,1,19,73.0,0,-0.42523431668524925,-0.6598547605355265,-0.592040172006384,1.7811705181688615,2.640838460267911,0.70055564460358,-0.6117547782704057,0.4315221832802523
2010,Thomas Welch,OT,Vanderbilt,6-6,307.0,5.42,29.0,29.0,105.0,7.67,4.8,True,7,208,78.0,0,-0.5934266371812452,0.3164807866594626,1.1305292896674402,0.2933226769921536,1.1995090017785184,0.12793028727638941,-0.4956971167049077,0.17827155328337732
2010,Chastin West,WR,Fresno State,6-0,212.0,4.59,33.5,15.0,113.0,6.96,4.25,False,0,0,72.0,2,0.6434181516061475,-0.3187284147428101,0.8637833459274469,-0.6074671427691488,0.20019538637096299,-1.4724732286159223,-0.029945465688526695,-0.03554458988122652
2010,Blair White,WR,Michigan State,6-2,209.0,4.49,33.5,18.0,115.0,6.69,4.03,False,0,0,74.0,0,0.4415742847571123,0.5590530483189408,-0.18489280483311918,-0.6074671427691488,1.0014955727521488,-1.1243788000011872,-1.4133065965821237,-1.584468448936141
2010,Jeremy Williams,WR,Tulane,6-0,206.0,4.59,36.0,14.0,117.0,6.73,4.25,False,0,0,72.0,1,0.2397304179080771,-0.3187284147428101,0.8637833459274469,0.2059638986403987,-0.06690467575609896,-0.7762843713864521,-1.2083642068201088,-0.03554458988122652
2010,Damian Williams,WR,USC,6-1,197.0,4.52,38.0,19.0,118.0,6.79,4.24,True,3,77,73.0,0,-0.3658011826390285,0.1201623167880653,0.12971004039504505,0.8567087317680367,1.2685956348792107,-0.6022371570790845,-0.9009506221770888,-0.10595021983826666
2010,Dan Williams,DT,Tennessee,6-2,327.0,5.19,32.0,27.0,96.0,7.88,4.87,True,1,26,74.0,0,1.225555673655876,-0.659359892681932,0.4731653210020951,0.9748884469394545,-0.06595378282710605,-1.4448833730064843,0.8473938260764781,1.2834021618870208
2010,Kyle Williams,WR,Arizona State,5-10,188.0,4.4,33.0,11.0,118.0,7.0,4.19,True,6,206,70.0,0,-0.9713327831861341,-1.196509877804561,-1.1287013405176305,-0.7701533510510583,-0.8682048621372848,-0.6022371570790845,0.17499692407348816,-0.4579783696234736
2010,Mike Williams,WR,Syracuse,6-1,221.0,4.53,33.5,8.0,116.0,6.9,4.31,True,4,101,73.0,0,1.248949752153253,0.1201623167880653,0.2345776554711091,-0.6074671427691488,-1.6695050485184706,-0.9503315856938197,-0.33735905033154673,0.3868891898610206
2010,Stephen Williams,WR,Toledo,6-4,210.0,4.5,36.5,15.0,125.0,6.81,4.11,False,0,0,76.0,0,0.5088555737067907,1.4368345113806915,-0.08002518975706442,0.3686501069223082,0.20019538637096299,0.6160933430724883,-0.7984794272960836,-1.0212234092798074
2010,Trent Williams,OT,Oklahoma,6-5,315.0,4.81,34.5,23.0,113.0,7.64,4.63,True,1,4,77.0,0,0.14887214456040743,-0.5626325096168238,-2.286452542679087,2.063990056396007,-0.23862346038933205,1.333556031242356,-0.6012477645837137,-0.7096043468584483
2010,C.J. Wilson,DE,East Carolina,6-3,290.0,4.83,33.0,32.0,116.0,7.24,4.77,True,7,230,75.0,1,1.5319222016869898,-0.5934246812855645,0.08249079345580387,0.05356027544560284,1.850207086990602,0.0855346755625865,-0.049304283041180265,2.085086020934303
2010,Kion Wilson,ILB,South Florida,6-0,239.0,4.87,36.5,27.0,123.0,7.12,4.53,False,0,0,72.0,1,-0.30320554405176053,-0.9074916605599537,0.9759175931996945,1.1345166338280408,1.451538861819696,1.3648958880062887,0.05402306345064703,1.6927061688638763
2010,Lindsey Witten,DE,Connecticut,6-4,250.0,4.7,36.5,23.0,115.0,7.32,4.62,False,0,0,76.0,0,-1.2445123897129307,0.08526216685136973,-0.8160510283132921,1.2013981784567358,-0.1251853975400494,-0.07813263633120728,0.3140865438178768,1.1420584796481086
2010,Justin Woodall,S,Alabama,6-1,223.0,4.64,34.0,13.0,118.0,6.88,4.17,False,0,0,73.0,0,1.8747004434809345,0.5108267420072936,0.8008571309761685,-0.45815373690216427,-0.9871250715548503,-0.5845843481157107,-0.5050997321988191,-0.41620852918631257
2010,Al Woods,DT,LSU,6-4,309.0,5.15,37.0,27.0,109.0,7.45,4.67,True,4,123,76.0,1,0.08963019105841341,0.7477277133506463,0.24890608471718975,2.6235968498517677,-0.06595378282710605,0.6682585600154998,-0.7820407053356502,0.09461483663536566
2010,Jason Worilds,OLB,Virginia Tech,6-1,254.0,4.65,38.0,24.0,114.0,6.95,4.29,True,2,52,73.0,0,1.0930441601252856,-0.6598547605355265,-0.3323385167229098,1.1594580404128296,0.35701195884337544,-0.7077500543042573,-0.806442169983346,-0.26514146519074516
2010,Major Wright,S,Florida,5-11,206.0,4.44,37.5,14.0,119.0,6.95,4.36,True,3,75,71.0,0,-0.04241871864388563,-0.7765747580804434,-1.153108784556068,0.7684122324183696,-0.7290995732347575,-0.4153421331233801,-0.09878334245954473,1.251040724091947
2010,Sam Young,OT,Notre Dame,6-8,316.0,5.2,29.5,29.0,104.0,7.73,4.87,True,6,179,80.0,0,0.241659492278114,2.074707379212035,-0.10182481380179717,0.4542924387561402,1.1995090017785184,-0.022772930719356425,-0.28459582094729563,0.5438675121653072
2010,Willie Young,DE,North Carolina State,6-5,251.0,4.88,38.0,25.0,118.0,7.24,4.56,True,7,213,77.0,0,-1.1751015249279326,0.7639490149883039,0.4280838018285321,1.69332870831865,0.31379071013342874,0.412869299350174,-0.049304283041180265,0.7648474631336264
2011,Sam Acho,OLB,Texas,6-2,262.0,4.67,33.5,23.0,112.0,6.69,4.32,True,4,103,74.0,0,1.9027926810909042,0.031800229423403006,-0.15920407986726545,-0.23939503453824212,0.12862930870092187,-1.0207068762837768,-2.0719102161174554,-0.03292024903374371
2011,Ladi Ajiboye,DT,South Carolina,6-1,297.0,5.3,24.0,23.0,91.0,7.72,4.71,False,0,0,73.0,0,-0.6676534640065617,-1.362903695698221,1.0898782207855808,-1.6630449977202468,-0.8810244123919377,-2.257630270322632,0.2410926050859178,0.3323723016856967
2011,Anthony Allen,RB,Georgia Tech,6-1,228.0,4.56,41.5,24.0,120.0,6.79,4.06,True,7,225,73.0,0,1.1359200061866561,1.5143670871354926,-0.05127543201325092,2.1936088529380915,1.1233075035454658,0.2039035073223605,-1.6588337128708655,-1.7261938367318943
2011,Cortez Allen,CB,Citadel,6-1,197.0,4.5,35.5,18.0,129.0,6.76,4.01,True,4,128,73.0,0,0.41544767569092456,0.991184257589951,0.042845844024780116,-0.11255391656853322,0.9865934579851764,1.1135311237868497,-0.8927026811685879,-1.2780785835131903
2011,Prince Amukamara,CB,Nebraska,6-0,206.0,4.38,38.0,15.0,128.0,6.97,4.08,True,1,19,72.0,0,1.4538961797597791,0.36731036733780453,-1.2939444895483654,0.8019466555508025,0.1862688448676012,0.9368299407633965,0.32560218922838147,-0.7137012172212495
2011,David Arkin,OG,Missouri State,6-5,300.0,5.31,29.0,25.0,103.0,7.6,4.63,True,4,110,77.0,0,-1.2963598455479897,0.7139330188826921,0.2255394678027838,0.6650800773696698,-0.22876819712914473,0.21655958416244056,-0.8357123958172499,-0.8266909289115741
2011,Matt Asiata,RB,Utah,5-11,229.0,4.77,30.0,22.0,104.0,7.09,4.37,False,0,0,71.0,0,1.2115811976000592,0.43573769960030895,1.9437478184653914,-1.470846917265847,0.6712903602133796,-2.7197218558279332,0.1708513904417703,0.6034337687869196
2011,Marvin Austin,DT,North Carolina,6-2,309.0,4.84,30.5,38.0,112.0,7.33,4.4,True,2,52,74.0,0,0.08963019105841341,-0.659359892681932,-1.4891029964908276,0.4802759260657605,2.175490448476181,1.1559066984051884,-1.2367666210785704,-1.5102480524543649
2011,Akeem Ayers,OLB,UCLA,6-2,254.0,4.81,31.0,18.0,116.0,7.49,4.28,True,2,39,74.0,0,1.0930441601252856,0.031800229423403006,1.0527369781222682,-1.016535631733282,-1.013283942011346,-0.3947932323247379,1.8218376181413456,-0.3425485372430767
2011,Allen Bailey,DE,Miami (FL),6-3,285.0,4.71,36.5,27.0,117.0,7.43,4.56,True,3,86,75.0,0,1.1848678777619996,-0.5934246812855645,-0.7469324266387477,1.2013981784567358,0.7527668178069068,0.24920198745638025,0.8137489307490773,0.7648474631336264
2011,Brandon Bair,DE,Oregon,6-6,276.0,4.92,28.0,26.0,114.0,7.07,4.37,False,0,0,78.0,0,0.5601700946970175,1.4426358631252383,0.704558208526716,-1.5862081574274443,0.5332787639701678,-0.24179994822500103,-0.8215097901166756,-0.4296540891622209
2011,Jon Baldwin,WR,Pittsburgh,6-4,228.0,4.49,42.0,20.0,129.0,7.07,4.34,True,1,26,76.0,0,1.7199187748010019,1.4368345113806915,-0.18489280483311918,2.1581983980233126,1.5356956970062727,1.3122822003019585,0.5336461061570154,0.5981060797321472
2011,Christian Ballard,DE,Iowa,6-4,283.0,4.75,31.5,23.5,111.0,7.54,4.51,True,4,106,76.0,1,1.0460461481920036,0.08526216685136973,-0.4704580199405638,-0.4383702544163113,-0.01544137062167986,-0.7328018839063823,1.313411317680282,0.4505049493715616
2011,Joe Barksdale,OT,LSU,6-5,325.0,5.31,29.0,29.0,103.0,8.27,4.75,True,3,92,77.0,0,1.0767456217374731,-0.5626325096168238,0.514352237932819,0.2933226769921536,1.1995090017785184,-0.17347614871510225,1.6153158408711936,-0.08286841734657058
2011,Ryan Bartholomew,C,Syracuse,6-1,302.0,4.93,26.5,34.0,92.0,7.62,4.62,False,0,0,73.0,0,-0.43140918640414283,-2.1122627997809182,-2.1310831388304177,-0.33086723548929425,2.106649559317837,-1.6350324508733052,-0.3308980738866306,-0.3441456859441022
2011,Jeremy Beal,DE,Oklahoma,6-2,262.0,5.14,28.5,22.0,106.0,7.19,4.46,True,7,247,74.0,0,-0.4115820122929546,-1.2721115294224987,2.2251674453667243,-1.4222313141401395,-0.34467345137678845,-1.5511384433753512,-0.2764235498280899,0.1361624356094968
2011,Nick Bellore,ILB,Central Michigan,6-1,245.0,4.84,32.5,23.0,109.0,6.98,4.0,False,0,0,73.0,0,0.7752620797012137,-0.18296202833869626,0.7258334472287609,-0.2985570089021171,0.3524769320288748,-1.5013854768069155,-0.7687897491053395,-2.311635250445751
2011,Damien Berry,RB,Miami (FL),5-10,211.0,4.58,33.5,23.0,120.0,7.0,4.12,False,0,0,70.0,0,-0.15032024784119846,-0.10357699416728292,0.13872678231805277,-0.3555777698124744,0.8972989318794227,0.2039035073223605,-0.3780541405520199,-1.2752981711476046
2011,Armon Binns,WR,Cincinnati,6-3,209.0,4.5,31.5,13.0,118.0,6.86,4.31,False,0,0,75.0,0,0.4415742847571123,0.9979437798498162,-0.08002518975706442,-1.258211975896787,-0.33400473788316093,-0.6022371570790845,-0.5423014400935616,0.3868891898610206
2011,Ahmad Black,S,Florida,5-9,184.0,4.7,35.5,18.0,119.0,6.85,4.2,True,5,151,69.0,0,-2.523396457864241,-2.0639762581681804,1.3870469056358463,0.06751739280663596,0.3030024200456135,-0.4153421331233801,-0.6792353278013661,-0.15295864708974366
2011,Clint Boling,OG,Georgia,6-5,308.0,5.28,31.0,28.0,102.0,7.66,4.64,True,4,101,77.0,0,-0.5930378105636872,0.7139330188826921,0.06124563134299904,1.327221656606631,0.437814997954052,0.06838723710392916,-0.6247558687177486,-0.7754585244429077
2011,Justin Boren,OG,Ohio State,6-3,309.0,5.4,27.0,28.0,102.0,7.57,4.75,False,0,0,75.0,2,-0.5051225561906494,-0.9618264282169726,0.7184209771821527,0.0029384981327085333,0.437814997954052,0.06838723710392916,-0.9411906593669975,-0.2119020752875646
2011,Allen Bradford,RB,USC,5-11,242.0,4.53,29.0,28.0,113.0,6.97,4.39,True,6,187,71.0,0,2.195176685974301,0.43573769960030895,-0.33627875351019376,-1.7894952451096677,2.027341790209638,-1.0751825890558928,-0.5610226508832851,0.7537323239816783
2011,James Brewer,OT,Indiana,6-6,323.0,5.21,26.0,25.0,100.0,7.84,4.81,True,4,117,78.0,0,0.8911709263020601,0.3164807866594626,-0.045808718189560234,-0.6724958935917664,0.24075402699995144,-0.6255858027023398,0.10242322127498782,0.23049954740936598
2011,Niles Brinkley,CB,Wisconsin,5-9,193.0,4.54,33.5,15.0,120.0,7.23,4.16,False,0,0,69.0,1,-0.04608499278412191,-1.5043113034186348,0.48844262188249526,-0.8441543742640018,0.1862688448676012,-0.4767795234242289,1.8339796478151096,-0.06869851288760483
2011,DeAndre Brown,WR,Southern Miss,6-6,233.0,4.59,29.0,20.0,117.0,6.93,4.33,False,0,0,78.0,0,2.056325219549394,2.3146159744424426,0.8637833459274469,-2.0716430173063345,1.5356956970062727,-0.7762843713864521,-0.18365225801003898,0.5277004497751071
2011,Chykie Brown,CB,Texas,5-11,190.0,4.49,36.5,14.0,120.0,6.5,4.0,True,5,164,71.0,1,-0.3922344941404068,-0.25656352291434187,-0.06855335043964621,0.2532463122792011,-0.08050602617159051,-0.4767795234242289,-2.4010801397553108,-1.358703921554894
2011,Curtis Brown,CB,Texas,6-0,185.0,4.51,39.5,10.0,128.0,6.59,4.0,True,3,95,72.0,0,-0.9691503297342149,0.36731036733780453,0.15424503848920643,1.350646998822404,-1.1476055103283573,0.9368299407633965,-1.8789494810137533,-1.358703921554894
2011,Jalil Brown,CB,Colorado,6-1,204.0,4.52,35.5,24.0,116.0,6.85,4.25,True,4,118,73.0,0,1.223129845522256,0.991184257589951,0.26564423295363276,-0.11255391656853322,2.587242684220327,-1.1835842555180416,-0.3705720224270303,0.6569295294877435
2011,Vincent Brown,WR,San Diego State,5-11,187.0,4.68,33.5,12.0,121.0,6.64,4.25,True,3,82,71.0,0,-1.0386140721358126,-0.7576191462736855,1.807591881611958,-0.6074671427691488,-0.6011048000102228,-0.08009551415698189,-1.6694845837846457,-0.03554458988122652
2011,Kendric Burney,CB,North Carolina,5-9,186.0,4.71,32.5,14.0,112.0,6.92,4.16,False,0,0,69.0,2,-0.8537671626154533,-1.5043113034186348,2.382228927777782,-1.209954603111736,-0.08050602617159051,-1.8903889876118543,0.03552960103862786,-0.06869851288760483
2011,Brandon Burton,CB,Utah,6-0,190.0,4.5,32.0,18.0,118.0,6.93,4.07,True,5,139,72.0,0,-0.3922344941404068,0.36731036733780453,0.042845844024780116,-1.3928547175356032,0.9865934579851764,-0.8301818894711352,0.09354411867657755,-0.7943265552629531
2011,Stephen Burton,WR,West Texas A&M,6-1,221.0,4.5,34.5,19.0,117.0,7.04,4.31,True,7,236,73.0,0,1.248949752153253,0.1201623167880653,-0.08002518975706442,-0.2820947262053298,1.2685956348792107,-0.7762843713864521,0.379939313835503,0.3868891898610206
2011,Mario Butler,CB,Georgia Tech,6-0,182.0,4.65,30.5,14.0,120.0,7.09,4.37,False,0,0,72.0,1,-1.3152998310904997,0.36731036733780453,1.7138337609912144,-1.9415550608072045,-0.08050602617159051,-0.4767795234242289,1.0217764008837933,1.6244335859882104
2011,Jordan Cameron,TE,USC,6-5,254.0,4.53,37.5,23.0,119.0,6.82,4.03,True,4,102,77.0,0,0.3503541795001518,0.5303852645691367,-1.4284015644938388,1.3314472104118593,0.9203251963739388,0.33954845075992496,-1.7104434642579784,-2.51915944738755
2011,Jeff Van Camp,QB,Florida Atlantic,6-5,218.0,4.83,31.0,16.0,114.0,6.87,4.16,False,0,0,77.0,1,-0.3743148124173663,1.2585243481089123,0.14649282572343622,-0.1530754442156226,-0.061313606531362225,0.21027081073805623,-1.1483937916030045,-1.1660998656056805
2011,Marcus Cannon,OT,TCU,6-5,358.0,5.26,30.5,33.0,105.0,8.07,4.97,True,5,138,77.0,0,4.13872809642179,-0.5626325096168238,0.2342717598716294,0.7762319622841136,2.1582639765570852,0.12793028727638941,0.9116448550124953,1.0661474534252031
2011,Gabe Carimi,OT,Wisconsin,6-7,314.0,5.18,31.5,29.0,109.0,7.81,4.75,True,1,29,79.0,2,0.05608479684270086,1.195594082935749,-0.213857005026276,1.098171485812087,1.1995090017785184,0.7307431592593727,-0.0031274266038181873,-0.08286841734657058
2011,Roc Carmichael,CB,Virginia Tech,5-10,192.0,4.41,31.0,13.0,116.0,6.69,4.06,True,4,127,70.0,0,-0.16146815990288352,-0.8804374131664883,-0.9597469061550765,-1.7586549463833374,-0.34728089721078226,-1.1835842555180416,-1.2988043046342408,-0.8749518933046642
2011,Chris Carter,OLB,Fresno State,6-1,248.0,4.58,36.0,27.0,114.0,6.88,4.34,True,5,162,73.0,0,0.4857327694010717,-0.6598547605355265,-0.9383090457176804,0.5377455626567977,1.042159909270736,-0.7077500543042573,-1.1471451054809925,0.12189389507091934
2011,Delone Carter,RB,Syracuse,5-9,222.0,4.54,37.0,27.0,120.0,6.92,4.07,True,4,119,69.0,0,0.6819528577062368,-0.6428916879348747,-0.24127764634454615,0.7596913776408981,1.8013332185435948,0.2039035073223605,-0.8659701681020568,-1.6510445591345082
2011,Quinton Carter,S,Oklahoma,6-1,208.0,4.57,34.5,23.0,121.0,7.05,4.06,True,4,108,73.0,0,0.1831247121943285,0.5108267420072936,0.11696906053988926,-0.28293002699923087,1.5931299116460773,-0.07685770313871888,0.48166864288227146,-1.381458096873727
2011,Jurrell Casey,DT,USC,6-1,300.0,5.04,27.5,26.0,101.0,7.51,4.78,True,3,77,73.0,0,-0.4783325502403179,-1.362903695698221,-0.3678068150663011,-0.5089491156816275,-0.26972144021831396,-0.6321364756903366,-0.5546777474641917,0.7484478655237773
2011,Anthony Castonzo,OT,Boston Col.,6-7,311.0,5.21,29.5,28.0,105.0,7.25,4.4,True,1,22,79.0,0,-0.22227724631041887,1.195594082935749,-0.045808718189560234,0.4542924387561402,0.9598202580838767,0.12793028727638941,-1.9734061870081792,-1.9108482117562107
2011,Shaun Chapas,FB,Georgia,6-2,247.0,4.87,35.5,23.0,116.0,7.13,4.4,True,7,220,74.0,0,0.4373751371620498,0.9012563078060039,0.5053062732080781,0.7496768378879627,0.032600876450670266,0.42534442353662943,-0.5157117985581392,0.2805694132772981
2011,Ugo Chinasa,DE,Oklahoma State,6-5,264.0,4.63,28.0,22.0,117.0,7.07,4.39,False,0,0,77.0,0,-0.27276028272295855,0.7639490149883039,-1.2998812400351154,-1.5862081574274443,-0.34467345137678845,0.24920198745638025,-0.8215097901166756,-0.3039170836573972
2011,Charles Clay,FB,Tulsa,6-3,245.0,4.69,33.5,18.0,118.0,7.07,4.15,True,6,174,75.0,0,0.221856953632924,1.5266178275081304,-0.7725757069710246,0.11640944687701273,-0.8910906229849905,0.8109900342098406,-0.8486396685133888,-1.5125433783445343
2011,Adrian Clayborn,DE,Iowa,6-3,281.0,4.78,33.0,23.5,113.0,7.3,4.13,True,1,20,75.0,1,0.9072244186220076,-0.5934246812855645,-0.2631022149169244,0.05356027544560284,-0.01544137062167986,-0.4054672601187948,0.22323883710311054,-1.9384981552201386
2011,Randall Cobb,WR,Kentucky,5-10,191.0,4.46,33.5,16.0,115.0,7.08,4.34,True,2,64,70.0,0,-0.7694889163370989,-1.196509877804561,-0.4994956500612927,-0.6074671427691488,0.46729544849802496,-1.1243788000011872,0.5848817035975179,0.5981060797321472
2011,Chris Conte,S,California,6-2,197.0,4.52,35.5,18.0,127.0,7.01,4.19,True,3,93,74.0,0,-1.0573641574158492,1.1545274920511621,-0.3715224183431785,0.06751739280663596,0.3030024200456135,0.9385955868152648,0.24948784874554394,-0.24070860778859737
2011,Graig Cooper,RB,Miami (FL),5-10,205.0,4.6,34.5,18.0,114.0,6.66,4.03,False,0,0,70.0,1,-0.6042873963216178,-0.10357699416728292,0.328728996649348,-0.03692944196865367,-0.23274392645079248,-0.8924560038589996,-2.4516972576396743,-1.9516416695240324
2011,Vance Cuff,CB,Georgia,5-10,178.0,4.53,36.0,14.0,120.0,6.91,4.09,False,0,0,70.0,1,-1.7768324995655462,-0.8804374131664883,0.37704342741806895,0.07034619785533391,-0.08050602617159051,-0.4767795234242289,-0.02248491659932184,-0.6330758791795457
2011,Chris Culliver,CB,South Carolina,6-0,199.0,4.36,38.5,14.0,123.0,6.88,4.08,True,3,80,72.0,1,0.6462140099284478,0.36731036733780453,-1.5167428784772181,0.9848467699746696,-0.08050602617159051,0.053324025646130604,-0.19652846951317607,-0.7137012172212495
2011,Andy Dalton,QB,TCU,6-2,215.0,4.83,29.5,16.0,106.0,6.93,4.27,True,2,35,74.0,1,-0.6586655497472976,-0.4908903870896071,0.14649282572343622,-0.6741207062572604,-0.061313606531362225,-1.0200740983738787,-0.8401819627724803,-0.42462486941552713
2011,Wayne Daniels,OLB,TCU,6-0,260.0,5.03,25.0,22.0,106.0,7.81,4.68,False,0,0,72.0,1,1.7003555508494996,-1.351509750494456,2.957215783534402,-2.8816730650013778,-0.09975334144153167,-1.959577342222335,3.3793367518448636,2.7537343448502463
2011,Marcell Dareus,DT,Alabama,6-3,319.0,4.93,27.0,24.0,105.0,7.83,4.62,True,1,3,75.0,1,0.7206999036125593,0.04418391033435714,-0.984519714849792,-0.6738199559728588,-0.6772567550007298,0.018061042162581573,0.6579246945169288,-0.20258199467754684
2011,Josh Davis,OT,Georgia,6-7,313.0,5.5,24.0,24.0,91.0,7.98,5.07,False,0,0,79.0,1,-0.036702550875005714,1.195594082935749,1.5786580545653455,-1.316374940647713,0.0010652833053096855,-1.9819147646640523,0.5949929113760805,1.5884273946851035
2011,Akeem Dent,ILB,Georgia,6-1,242.0,4.73,37.5,24.0,123.0,7.12,4.29,True,3,91,73.0,2,0.23602826782472663,-0.18296202833869626,-0.19114175466465036,1.4927850445105804,0.6272424144765801,1.3648958880062887,0.05402306345064703,-0.12058051157822004
2011,Pat Devlin,QB,Pittsburgh,6-3,225.0,4.81,33.0,16.0,116.0,7.08,4.32,False,0,0,75.0,1,0.2891702413524735,0.09224785797656607,0.021833065372239627,0.5416515718398944,-0.061313606531362225,0.51785703801604,-0.06965239069616301,-0.0875907802381782
2011,Demarcus Dobbs,DE,Georgia,6-2,281.0,4.87,31.0,23.5,107.0,7.22,4.37,False,0,0,74.0,1,0.9072244186220076,-1.2721115294224987,0.3589652001539877,-0.602347097703616,-0.01544137062167986,-1.3874711314815573,-0.14015198975594656,-0.4296540891622209
2011,Ray Dominguez,OG,Arkansas,6-4,334.0,5.45,27.5,21.0,90.0,7.74,4.9,False,0,0,76.0,0,1.6927588031352956,-0.12394670466714025,0.9922440379484655,0.16847389294194884,-1.117545790573407,-1.709680927598208,-0.3434804992517488,0.5565839917424484
2011,Shaun Draughn,RB,North Carolina,5-11,213.0,4.73,34.0,21.0,118.0,7.15,4.2,False,0,0,71.0,0,0.0010021349856079611,0.43573769960030895,1.5637433898028008,-0.19625360589056404,0.44528178854733663,-0.16154966307142618,0.5367884111043008,-0.6741039503685563
2011,Demarcus Van Dyke,CB,Miami (FL),6-1,176.0,4.28,33.5,5.0,121.0,6.97,4.09,True,3,81,73.0,0,-2.0075988338030695,0.991184257589951,-2.4079364341926484,-0.8441543742640018,-2.481479865524316,-0.30007834040077574,0.32560218922838147,-0.6330758791795457
2011,Ricky Elmore,DE,Arizona,6-4,255.0,4.88,31.5,26.0,106.0,7.25,4.32,True,6,197,76.0,0,-0.8974580657879406,0.08526216685136973,0.4280838018285321,-0.4383702544163113,0.5332787639701678,-1.5511384433753512,-0.0038804296837991353,-0.7439966029242857
2011,Nathan Enderle,QB,Idaho,6-4,240.0,5.12,25.5,16.0,102.0,7.13,4.46,True,5,160,76.0,1,1.7109239280021302,0.6753861030427393,1.9540593508157456,-2.0635747383682945,-0.061313606531362225,-1.6352465529298463,0.18719079999594124,0.8561046694583833
2011,Darren Evans,RB,Virginia Tech,6-0,227.0,4.56,35.0,26.0,111.0,6.96,4.46,False,0,0,72.0,0,1.060258814773253,0.9750523933679008,-0.05127543201325092,0.1223947219532567,1.5753246468775517,-1.4406357594496797,-0.6220121543270384,1.2797772671633472
2011,Nick Fairley,DT,Auburn,6-4,291.0,4.84,31.0,27.0,113.0,7.14,4.56,True,1,13,76.0,1,-1.046295291539049,0.7477277133506463,-1.4891029964908276,0.6451467663569919,-0.06595378282710605,1.318456077868418,-1.9567493210048617,-0.559218192253046
2011,Mario Fannin,RB,Auburn,5-10,231.0,4.37,37.5,21.0,115.0,6.99,4.21,False,0,0,70.0,0,1.3629035804268657,-0.10357699416728292,-1.8562964681605896,0.9190155415628085,0.44528178854733663,-0.7097294186621063,-0.43904364399577317,-0.598954672771177
2011,Mason Foster,OLB,Washington,6-1,245.0,4.75,31.0,22.0,110.0,7.14,4.45,True,3,84,73.0,0,0.1820770740389647,-0.6598547605355265,0.5333336675553273,-1.016535631733282,-0.09975334144153167,-1.3336636982632961,0.11832294065311713,0.9733716876465868
2011,Sione Fua,DT,Stanford,6-1,308.0,5.28,24.0,30.0,101.0,7.54,4.54,True,3,97,73.0,0,0.026523219802998828,-1.362903695698221,0.9777486026431308,-1.6630449977202468,0.5453491893465177,-0.6321364756903366,-0.44099626852846086,-0.6780969247782089
2011,Brandon Fusco,C,Slippery Rock,6-4,306.0,5.18,28.5,26.0,108.0,7.29,4.43,True,6,172,76.0,0,0.20771553419459,0.46666271157950695,-0.4172065336129432,0.44115631398572525,0.02233197412704413,0.9587867346480847,-1.6465169218696172,-1.5147691189509025
2011,Blaine Gabbert,QB,Missouri,6-4,234.0,4.61,33.5,16.0,120.0,6.84,4.26,True,1,10,76.0,1,1.1422224533422676,0.6753861030427393,-1.2247645381396932,0.7153333258537737,-0.061313606531362225,1.1330294925720075,-1.3024997060182688,-0.4920316872509945
2011,Charlie Gantt,TE,Michigan State,6-4,252.0,4.85,30.5,27.0,112.0,7.15,4.4,False,0,0,76.0,0,0.1194389248295978,-0.14819588274726075,0.7583842235462213,-0.9462251242533736,2.068257699377991,-0.8661950274487893,-0.03587119285655769,0.0988144867982589
2011,Clyde Gates,WR,Abilene Christian,6-0,192.0,4.31,40.0,16.0,131.0,6.96,4.25,True,4,111,72.0,2,-0.7022076273874205,-0.3187284147428101,-2.072509876202151,1.5074535648956748,0.46729544849802496,1.6603766289166937,-0.029945465688526695,-0.03554458988122652
2011,Marcus Gilchrist,CB,Clemson,5-10,195.0,4.45,38.5,26.0,119.0,6.81,4.12,True,2,50,70.0,0,0.18468134145340132,-0.8804374131664883,-0.5141501282973614,0.9848467699746696,3.1207924262987103,-0.6534807064476821,-0.6026300929788343,-0.3911998650544271
2011,DeJon Gomes,S,Nebraska,5-11,208.0,4.5,31.0,13.0,110.0,6.975,4.21,True,5,146,71.0,2,0.1831247121943285,-0.7765747580804434,-0.5669190098963988,-1.5094959963197647,-0.9871250715548503,-1.9385220680543556,0.04632965387590674,-0.06520868639088993
2011,Cameron Graham,TE,Louisville,6-3,244.0,5.0,31.0,18.0,105.0,7.19,4.51,False,0,0,75.0,0,-0.8042220938526181,-0.8267770300636582,1.7834400616900037,-0.783534243205857,-0.5145904323811267,-2.0719385056575037,0.1671072642830086,0.877131061826468
2011,Adam Grant,OT,Arizona,6-6,325.0,5.54,26.5,25.0,99.0,8.25,5.0,False,0,0,78.0,0,1.0767456217374731,0.3164807866594626,1.8027224370142982,-0.5115261318277797,0.24075402699995144,-0.7762890206980856,1.544948742285325,1.2228314358031735
2011,John Graves,DT,Virginia Tech,6-3,286.0,5.09,28.5,29.0,114.0,7.49,4.49,False,0,0,75.0,0,-1.361830147816122,0.04418391033435714,-0.08748276971017069,-0.17920743509916484,0.34158153195530977,1.4810054573316476,-0.6304654000880101,-0.9752937560911213
2011,A.J. Green,WR,Georgia,6-4,211.0,4.48,34.5,18.0,126.0,6.91,4.21,True,1,4,76.0,0,0.5761368626564691,1.4368345113806915,-0.2897604199091739,-0.2820947262053298,1.0014955727521488,0.7901405573798559,-0.2861234528910441,-0.3171671097093933
2011,Alex Green,RB,Hawaii,6-0,225.0,4.45,34.0,20.0,114.0,6.91,4.15,True,3,96,72.0,0,0.9089364319464465,0.9750523933679008,-1.0962876108353916,-0.19625360589056404,0.2192732168812936,-0.8924560038589996,-0.9269596715458102,-1.0498503383554598
2011,Virgil Green,TE,Nevada,6-3,249.0,4.54,42.5,23.0,130.0,6.9,4.4,True,7,204,75.0,0,-0.2269339571762332,-0.8267770300636582,-1.3600645086175882,2.9583560208870257,0.9203251963739388,2.2342882022307617,-1.3044865499788458,0.0988144867982589
2011,Tori Gurley,WR,South Carolina,6-4,216.0,4.53,33.5,15.0,118.0,7.05,4.25,False,0,0,76.0,0,0.9125433074048611,1.4368345113806915,0.2345776554711091,-0.6074671427691488,0.20019538637096299,-0.6022371570790845,0.4311749112760056,-0.03554458988122652
2011,Lawrence Guy,DT,Arizona State,6-4,305.0,4.96,29.0,28.0,105.0,7.6,4.43,True,7,233,76.0,1,-0.16279769396324495,0.7477277133506463,-0.8163252876361117,-0.014336594807933516,0.13781387456410185,0.018061042162581573,-0.21363331065700245,-1.3319299536666205
2011,Eric Hagg,S,Nebraska,6-1,209.0,4.62,34.5,18.0,121.0,6.73,4.19,True,7,248,73.0,0,0.29589642761343554,0.5108267420072936,0.6054605394229484,-0.28293002699923087,0.3030024200456135,-0.07685770313871888,-1.3757777102115434,-0.24070860778859737
2011,Chris Hairston,OT,Clemson,6-6,326.0,5.38,29.0,33.0,96.0,7.9,4.7,True,4,122,78.0,0,1.1695329694551797,0.3164807866594626,0.9064649072184875,0.2933226769921536,2.1582639765570852,-1.228398674685323,0.3135245170325998,-0.3440083879765185
2011,Jamel Hamler,WR,Fresno State,6-1,193.0,4.59,32.0,4.0,112.0,7.16,4.18,False,0,0,73.0,0,-0.6349263384377422,0.1201623167880653,0.8637833459274469,-1.0955257676148773,-2.7379052970267184,-1.64652044292329,0.9947664831215476,-0.5283839995805201
2011,Leonard Hankerson,WR,Miami (FL),6-1,209.0,4.4,36.0,14.0,117.0,6.94,4.21,True,3,79,73.0,0,0.4415742847571123,0.1201623167880653,-1.1287013405176305,0.2059638986403987,-0.06690467575609896,-0.7762843713864521,-0.13241666056953186,-0.3171671097093933
2011,Jamie Harper,RB,Clemson,5-11,233.0,4.53,36.5,24.0,120.0,7.16,4.39,True,4,130,71.0,0,1.514225963253672,0.43573769960030895,-0.33627875351019376,0.6003672137189878,1.1233075035454658,0.2039035073223605,0.597777914548054,0.7537323239816783
2011,Brandon Harris,CB,Miami (FL),5-9,191.0,4.46,35.5,13.0,113.0,6.77,4.12,True,2,60,69.0,0,-0.27685132702164517,-1.5043113034186348,-0.40275093383293503,-0.11255391656853322,-0.34728089721078226,-1.7136878045884012,-0.8346881635306381,-0.3911998650544271
2011,Dwayne Harris,WR,East Carolina,5-10,203.0,4.53,34.0,10.0,111.0,6.77,4.21,True,6,176,70.0,0,0.037886551059041894,-1.196509877804561,0.2345776554711091,-0.4447809344872393,-1.1353049242643467,-1.8205676572306575,-1.0034218170580984,-0.3171671097093933
2011,Roy Helu,RB,Nebraska,5-11,219.0,4.4,36.5,11.0,119.0,6.67,4.01,True,4,105,71.0,0,0.4549692834660272,0.43573769960030895,-1.5712931466636382,0.6003672137189878,-1.8148039281130937,0.02117692212546717,-2.390707754195921,-2.1019402247187977
2011,Ricky Henry,OG,Nebraska,6-3,308.0,5.68,24.0,20.0,90.0,7.98,4.68,False,0,0,75.0,0,-0.5930378105636872,-0.9618264282169726,2.251830117473506,-0.9902738707227333,-1.3397401889344727,-1.709680927598208,0.5003456091462505,-0.570528906568238
2011,Mark Herzlich,OLB,Boston Col.,6-4,244.0,4.91,32.5,29.0,112.0,7.32,4.46,False,0,0,76.0,0,0.08085850891826236,1.415110209341262,1.9184091624005128,-0.5502512734162581,1.4989252095556433,-1.0207068762837768,0.9944162033613505,1.0507787596989182
2011,Will Hill,S,Florida,6-1,202.0,4.64,31.0,17.0,123.0,6.975,4.19,False,0,0,73.0,2,-0.4935055803203139,0.5108267420072936,0.8008571309761685,-1.5094959963197647,0.04497692172552077,0.26162672684594235,0.04632965387590674,-0.24070860778859737
2011,Jermale Hines,S,Ohio State,6-1,219.0,4.59,31.0,19.0,121.0,6.9,4.21,True,5,158,73.0,1,1.4236135818045061,0.5108267420072936,0.3123656520931094,-1.5094959963197647,0.5610279183657063,-0.07685770313871888,-0.3890093351304528,-0.06520868639088993
2011,Kyle Hix,OT,Texas,6-7,319.0,5.44,32.0,24.0,104.0,7.77,4.78,False,0,0,79.0,0,0.5200215354312338,1.195594082935749,1.242561480891919,1.2591412475760735,0.0010652833053096855,-0.022772930719356425,-0.14386162377555847,0.07381556503140002
2011,Doug Hogue,OLB,Syracuse,6-2,235.0,4.62,36.0,18.0,121.0,7.09,4.57,True,5,157,74.0,0,-0.8301085771680585,0.031800229423403006,-0.592040172006384,0.5377455626567977,-1.013283942011346,0.38759882262406065,-0.12503629898805713,1.9022565522745858
2011,Andre Holmes,WR,Hillsdale,6-4,210.0,4.51,35.0,11.0,130.0,6.69,4.31,False,0,0,76.0,0,0.5088555737067907,1.4368345113806915,0.02484242531899031,-0.11940851792342029,-0.8682048621372848,1.4863294146093262,-1.4133065965821237,0.3868891898610206
2011,Ross Homan,OLB,Ohio State,6-1,240.0,4.66,35.5,32.0,111.0,7.21,4.34,True,6,200,73.0,0,-0.3240157515645469,-0.6598547605355265,-0.24577129829508762,0.38231744321778977,2.184073159983004,-1.1771852872735364,0.4590258761507637,0.12189389507091934
2011,Davon House,CB,New Mexico State,6-0,200.0,4.44,33.5,14.0,109.0,6.65,4.12,True,4,131,72.0,0,0.7615971770472094,0.36731036733780453,-0.6255493227617877,-0.8441543742640018,-0.08050602617159051,-2.420492536682214,-1.5308623751860448,-0.3911998650544271
2011,Rob Housler,TE,Florida Atlantic,6-5,248.0,4.46,37.0,22.0,117.0,6.9,4.21,True,3,69,77.0,0,-0.3423915845115102,0.5303852645691367,-1.9067609556276048,1.1687563293643428,0.6333420706229257,-0.004949685871136246,-1.3044865499788458,-1.2455505064322938
2011,Justin Houston,OLB,Georgia,6-3,270.0,4.62,36.5,30.0,125.0,6.95,4.37,True,3,70,75.0,0,2.712541202056523,0.7234552193823325,-0.592040172006384,0.6931736820958058,1.7273078596980969,1.0135124665830995,-0.806442169983346,0.3541151112279208
2011,Rodney Hudson,C,Florida State,6-2,299.0,5.27,25.5,27.0,95.0,8.03,4.96,True,2,55,74.0,0,-0.9107527268531925,-1.2526209626607767,0.19978904426534672,-0.716879010226804,0.2828716722758932,-1.1486913535880448,1.3036586766376828,1.7506541415417458
2011,Kevin Hughes,OT,SE Louisiana,6-4,302.0,5.31,29.5,22.0,95.0,8.29,4.97,False,0,0,76.0,0,-1.057363375769778,-1.44174580589311,0.514352237932819,0.4542924387561402,-0.4783122040839738,-1.379101892681069,1.6856829394570623,1.0661474534252031
2011,Jeremiha Hunter,OLB,Iowa,6-0,239.0,4.77,31.5,20.0,116.0,7.105,4.32,False,0,0,72.0,2,-0.42523431668524925,-1.351509750494456,0.7064681044109717,-0.8611075122942741,-0.5565186417264388,-0.3947932323247379,-0.05202852709570183,-0.03292024903374371
2011,Kendall Hunter,RB,Oklahoma State,5-7,199.0,4.46,35.0,24.0,122.0,6.74,4.21,True,4,115,67.0,0,-1.058254544802037,-1.7215210754700585,-1.001286503669744,0.1223947219532567,1.1233075035454658,0.5693566777161472,-1.9637812300896373,-0.598954672771177
2011,Zach Hurd,OG,Connecticut,6-7,316.0,5.28,28.0,26.0,101.0,7.73,4.77,False,0,0,79.0,1,0.11028422442061517,2.389692465982357,0.06124563134299904,0.33400928775118915,-0.006573798768079143,-0.07978510995458227,-0.378639920434998,-0.10943726635023196
2011,Henry Hynoski,FB,Pittsburgh,6-0,257.0,5.06,30.5,24.0,111.0,7.215,4.35,False,0,0,72.0,2,1.5149660548076789,-0.3494667315982493,1.854181696730463,-0.8334916396394122,0.21733917633780242,-0.5387696031463984,-0.04406398278819936,-0.07805314504707345
2011,Mark Ingram,RB,Alabama,5-9,215.0,4.62,31.5,21.0,118.0,7.13,4.62,True,1,28,69.0,0,0.15232451781241438,-0.6428916879348747,0.5187312109806517,-0.9928744255001158,0.44528178854733663,-0.16154966307142618,0.4148094042167888,2.482165708721444
2011,Andrew Jackson,OG,Fresno State,6-5,299.0,5.27,28.0,25.0,98.0,7.55,4.65,True,7,210,77.0,0,-1.3842750999210274,0.7139330188826921,0.006481019189732594,0.33400928775118915,-0.22876819712914473,-0.5243021511301165,-1.011509501733499,-0.7242261199742369
2011,Jaiquawn Jarrett,S,Temple,6-0,198.0,4.62,30.0,14.0,113.0,6.95,4.14,True,2,54,72.0,0,-0.9445924419967422,-0.13287400803657493,0.6054605394229484,-1.8599434161256316,-0.7290995732347575,-1.4307954230773636,-0.09878334245954473,-0.6794584112828815
2011,Lestar Jean,WR,Florida Atlantic,6-3,215.0,4.61,37.5,14.0,113.0,7.45,4.43,False,0,0,75.0,0,0.8452620184551827,0.9979437798498162,1.0735185760795656,0.6940225234861273,-0.06690467575609896,-1.4724732286159223,2.480598808896154,1.231756749345521
2011,Jarvis Jenkins,DT,Clemson,6-4,310.0,5.03,26.5,17.0,98.0,7.42,4.83,True,2,41,76.0,0,0.152737162313828,0.7477277133506463,-0.42387162413752616,-0.8386907962640902,-2.103630356739185,-1.1197846140800252,-0.8957221842713811,1.04564469683669
2011,Jerrel Jernigan,WR,Troy,5-9,185.0,4.46,37.5,11.0,124.0,7.07,4.25,True,3,83,69.0,0,-1.1731766500351692,-1.6354006093354365,-0.4994956500612927,0.6940225234861273,-0.8682048621372848,0.4420461287651208,0.5336461061570154,-0.03554458988122652
2011,Carl Johnson,OG,Florida,6-5,361.0,5.4,25.5,25.0,96.0,7.83,5.03,False,0,0,77.0,1,4.066470671207316,0.7139330188826921,0.7184209771821527,-0.4936676862950124,-0.22876819712914473,-0.8206468452471394,-0.027045708602499857,1.2226052498351243
2011,Jerrod Johnson,QB,Texas A&M,6-5,251.0,4.75,29.0,16.0,119.0,7.28,4.31,False,0,0,77.0,1,2.7535432982118784,1.2585243481089123,-0.35214621568133914,-0.8478024602711397,-0.061313606531362225,0.9792363789330156,0.9577203720722585,-0.15499759807365157
2011,Greg Jones,ILB,Michigan State,6-0,242.0,4.75,31.5,21.0,117.0,7.27,4.27,True,6,185,72.0,0,0.23602826782472663,-0.9074916605599537,-0.02441899068403283,-0.6568254195846566,-0.1970540328665359,0.13648958880062972,0.9356082197606315,-0.2716877349483981
2011,Julio Jones,WR,Alabama,6-3,220.0,4.34,38.5,17.0,135.0,6.66,4.25,True,1,6,75.0,0,1.1816684632035748,0.9979437798498162,-1.7579070309739775,1.0193949400499462,0.7343955106250869,2.356565486146164,-1.567013388903636,-0.03554458988122652
2011,Cameron Jordan,DE,California,6-4,287.0,4.74,31.0,25.0,117.0,7.07,4.37,True,1,24,76.0,0,1.3236896073319957,0.08526216685136973,-0.5395766216151082,-0.602347097703616,0.31379071013342874,0.24920198745638025,-0.8215097901166756,-0.4296540891622209
2011,Colin Kaepernick,QB,Nevada,6-5,233.0,4.53,32.5,16.0,115.0,6.85,4.18,True,2,36,77.0,1,1.0474388742322904,1.2585243481089123,-1.7234035795444687,0.3679698178260152,-0.061313606531362225,0.3640639243770481,-1.2511310678798488,-1.0312862299347456
2011,Jason Kelce,C,Cincinnati,6-3,280.0,4.89,30.5,25.5,110.0,7.22,4.14,True,6,191,75.0,1,-3.9465951496971736,-0.39297912554063485,-2.405303395665214,1.2131798634607447,-0.10793787494738041,1.2830141328382585,-1.925587586593282,-3.301510148277068
2011,Lance Kendricks,TE,Wisconsin,6-3,243.0,4.65,34.5,25.0,122.0,6.94,4.15,True,2,47,75.0,0,-0.9196797211878951,-0.8267770300636582,-0.608356893978814,0.3553019241267596,1.494291447875965,0.8562956557065168,-1.1015080928392795,-1.6700868200840437
2011,Shiloh Keo,S,Idaho,5-11,219.0,4.74,32.5,24.0,110.0,6.55,3.9,True,5,144,71.0,0,1.4236135818045061,-0.7765747580804434,1.7778400887422954,-0.9838248666109645,1.85115540996617,-1.9385220680543556,-2.4205912838268198,-2.7854574680554136
2011,Jeremy Kerley,WR,TCU,5-9,189.0,4.56,34.5,16.0,120.0,6.96,4.25,True,5,153,69.0,2,-0.9040514942364557,-1.6354006093354365,0.5491805006992733,-0.2820947262053298,0.46729544849802496,-0.25414272846434943,-0.029945465688526695,-0.03554458988122652
2011,Ryan Kerrigan,DE,Purdue,6-4,267.0,4.67,33.5,31.0,122.0,7.18,4.39,True,1,16,76.0,0,-0.06452768836796455,0.08526216685136973,-1.0234068333369315,0.21753711873290754,1.630719033153863,1.067538546925349,-0.3218474031854751,-0.3039170836573972
2011,Daniel Kilgore,OG,Appalachian State,6-3,308.0,5.28,32.5,23.0,105.0,7.59,4.68,True,5,163,75.0,0,-0.5930378105636872,-0.9618264282169726,0.06124563134299904,1.823827841034352,-0.6731569938512758,0.5129042782794634,-0.8708718170004991,-0.570528906568238
2011,Jarriel King,OT,South Carolina,6-5,317.0,5.03,30.0,23.0,114.0,7.6,4.77,False,0,0,77.0,0,0.3344468399958206,-0.5626325096168238,-1.054098439209845,0.6152622005201269,-0.23862346038933205,1.484259249238102,-0.741981961755454,0.021587570905406726
2011,Joe Lefeged,S,Rutgers,6-0,210.0,4.42,36.5,18.0,122.0,6.82,4.13,False,0,0,72.0,0,0.4086681430325426,-0.13287400803657493,-1.3485053761092967,0.4179648126125028,0.3030024200456135,0.09238451185361173,-0.8533709234039079,-0.7672083719817352
2011,Mark LeGree,S,Appalachian State,5-11,210.0,4.49,31.0,21.0,116.0,6.9,4.09,True,5,156,71.0,0,0.4086681430325426,-0.7765747580804434,-0.6646173056730088,-1.5094959963197647,1.0770789150058917,-0.9230687781003719,-0.3890093351304528,-1.118208214777158
2011,Orie Lemon,ILB,Oklahoma State,6-1,242.0,4.87,30.0,27.0,113.0,7.45,4.4,False,0,0,73.0,0,0.23602826782472663,-0.18296202833869626,0.9759175931996945,-1.1942280356084658,1.451538861819696,-0.6824479440031429,1.9935104073326202,0.7105092169577424
2011,Mikel Leshoure,RB,Illinois,6-0,227.0,4.56,38.0,21.0,122.0,6.82,4.4,True,2,57,72.0,0,1.060258814773253,0.9750523933679008,-0.05127543201325092,1.0783397054847188,0.44528178854733663,0.5693566777161472,-1.4758652025396004,0.8288816015790644
2011,Pep Levingston,DE,LSU,6-3,292.0,4.86,29.5,23.5,104.0,7.29,4.62,False,0,0,75.0,1,1.6707439312569858,-0.5934246812855645,0.2898465984794433,-1.0942776275655302,-0.01544137062167986,-1.8784730671629388,0.1778149837457294,1.1420584796481086
2011,Dion Lewis,RB,Pittsburgh,5-7,193.0,4.56,34.5,17.0,112.0,6.9,4.18,True,5,149,67.0,0,-1.5122216932824561,-1.7215210754700585,-0.05127543201325092,-0.03692944196865367,-0.4587524981168355,-1.2579091742527864,-0.9879491749895634,-0.8244025055633217
2011,Alex Linnenkohl,C,Oregon State,6-2,304.0,5.36,26.5,24.0,89.0,7.67,4.62,False,0,0,74.0,0,-0.11184682610477643,-1.2526209626607767,0.8167846221436427,-0.33086723548929425,-0.49874742217065404,-2.121373548158566,-0.13156188479830008,-0.3441456859441022
2011,Greg Little,WR,North Carolina,6-2,231.0,4.51,40.5,27.0,129.0,6.8,4.21,True,2,59,74.0,0,1.921762641650037,0.5590530483189408,0.02484242531899031,1.6701397731775842,3.4053961318957064,1.3122822003019585,-0.8497150247365861,-0.3171671097093933
2011,Corey Liuget,DT,Illinois,6-2,298.0,4.97,27.5,27.0,102.0,7.48,4.68,True,1,18,74.0,0,-0.604546492751147,-0.659359892681932,-0.7602604785648867,-0.5089491156816275,-0.06595378282710605,-0.46958709622710704,-0.6683592263999193,0.1540542028979471
2011,Greg Lloyd,ILB,Connecticut,6-1,246.0,4.8,32.0,22.0,109.0,7.17,4.46,True,7,237,73.0,0,0.9550066836600428,-0.18296202833869626,0.39238791926751837,-0.47769121424338684,0.07771144958116945,-1.5013854768069155,0.34788478222064184,1.1638308870682632
2011,Derrick Locke,RB,Kentucky,5-8,188.0,4.37,37.5,16.0,118.0,6.98,4.15,False,0,0,68.0,0,-1.8905276503494723,-1.1822063817024666,-1.8562964681605896,0.9190155415628085,-0.6847610697828785,-0.16154966307142618,-0.5000331474395264,-1.0498503383554598
2011,Jake Locker,QB,Washington,6-2,231.0,4.51,35.0,16.0,120.0,6.77,4.12,True,1,8,74.0,1,0.8578717160123361,-0.4908903870896071,-1.8480633398956652,1.2363785878954114,-0.061313606531362225,1.1330294925720075,-1.6620801729872174,-1.435727136947556
2011,Ricardo Lockette,WR,Fort Valley State,6-2,211.0,4.34,35.5,14.0,127.0,7.15,4.19,False,0,0,74.0,1,0.5761368626564691,0.5590530483189408,-1.7579070309739775,0.043277690358489204,-0.06690467575609896,0.9641877716872235,0.943530885681045,-0.4579783696234736
2011,DeMarcus Love,OT,Arkansas,6-4,315.0,5.18,26.5,27.0,97.0,7.84,4.84,True,6,168,76.0,0,0.14887214456040743,-1.44174580589311,-0.213857005026276,-0.5115261318277797,0.720131514389235,-1.0776954566895773,0.10242322127498782,0.3871835297873366
2011,Scott Lutrus,OLB,Connecticut,6-2,241.0,4.68,38.0,22.0,121.0,6.89,4.09,False,0,0,74.0,1,-0.2227971864438446,0.031800229423403006,-0.07263686143944327,1.1594580404128296,-0.09975334144153167,0.38759882262406065,-1.0984732575527585,-1.81328290623741
2011,Jeff Maehl,WR,Oregon,6-1,190.0,4.56,33.5,14.0,115.0,6.42,3.94,False,0,0,73.0,1,-0.8367702052867774,0.1201623167880653,0.5491805006992733,-0.6074671427691488,-0.06690467575609896,-1.1243788000011872,-2.7966677274757252,-2.218119118549518
2011,Owen Marecic,FB,Stanford,6-0,248.0,4.87,28.5,22.0,102.0,7.1,4.56,True,4,124,72.0,0,0.5451342289266127,-0.3494667315982493,0.5053062732080781,-1.4667590306503622,-0.1521374234364619,-2.2741748511758484,-0.6821757335357664,1.4281615999152655
2011,Curtis Marsh,CB,Utah State,6-0,197.0,4.42,37.5,12.0,123.0,6.87,4.07,True,3,90,72.0,0,0.41544767569092456,0.36731036733780453,-0.8483477116906503,0.6190465411269354,-0.614055768249974,0.053324025646130604,-0.2545429871511258,-0.7943265552629531
2011,Cliff Matthews,DE,South Carolina,6-3,257.0,4.81,32.0,17.0,112.0,7.21,4.37,True,7,230,75.0,0,-0.7586363362179447,-0.5934246812855645,-0.05574640989329112,-0.27439341112900656,-1.4421137205604837,-0.5691345720125885,-0.1855758431133277,-0.4296540891622209
2011,Byron Maxwell,CB,Clemson,6-0,202.0,4.43,33.0,24.0,124.0,6.92,4.16,True,6,173,72.0,2,0.9923635112847327,0.36731036733780453,-0.7369485172262239,-1.027054488687869,2.587242684220327,0.23002520866958379,0.03552960103862786,-0.06869851288760483
2011,Colin McCarthy,ILB,Miami (FL),6-1,238.0,4.59,36.5,23.0,119.0,6.93,4.2,True,4,109,73.0,0,-0.4829501480105896,-0.18296202833869626,-1.3582011025290026,1.1345166338280408,0.3524769320288748,0.545958355202516,-1.0626514678753396,-0.8005630167440044
2011,Terrell McClain,DT,South Florida,6-2,297.0,4.98,28.0,29.0,104.0,7.48,4.56,True,3,65,74.0,0,-0.6676534640065617,-0.659359892681932,-0.7041956694936565,-0.3440782753903962,0.34158153195530977,-0.14448833730064797,-0.6683592263999193,-0.559218192253046
2011,Greg McElroy,QB,Alabama,6-2,220.0,4.84,33.0,16.0,107.0,7.11,4.45,True,7,208,74.0,1,-0.1847476541974121,-0.4908903870896071,0.20882270589903176,0.5416515718398944,-0.061313606531362225,-0.866280984734887,0.08445352371910136,0.7886978516229158
2011,Pernell McPhee,DE,Mississippi State,6-3,278.0,4.91,28.5,20.0,107.0,7.13,4.59,True,5,165,75.0,0,0.6989918242670136,-0.5934246812855645,0.6354396068521716,-1.4222313141401395,-0.7836495590502666,-1.3874711314815573,-0.5489666699723847,0.9534529713908675
2011,Bruce Miller,OLB,Central Florida,6-1,254.0,4.81,31.0,35.0,113.0,7.05,4.34,True,7,211,73.0,0,1.0930441601252856,-0.6598547605355265,1.0527369781222682,-1.016535631733282,2.8692211104103644,-0.864228465294017,-0.31972369070099743,0.12189389507091934
2011,Von Miller,OLB,Texas A&M,6-3,246.0,4.42,37.0,21.0,126.0,6.7,4.06,True,1,2,75.0,0,0.28329563915966705,0.7234552193823325,-2.323384540562866,0.8486018015348137,-0.3281359915839852,1.1699908775728591,-2.0232383681892214,-2.0455041223944117
2011,Dontay Moch,OLB,Nevada,6-1,248.0,4.4,42.0,21.0,128.0,7.09,4.38,True,3,66,73.0,0,0.4857327694010717,-0.6598547605355265,-2.49651897741851,2.4028829959248936,-0.3281359915839852,1.4829476995523785,-0.12503629898805713,0.4315221832802523
2011,John Moffitt,OG,Wisconsin,6-4,319.0,5.51,30.5,23.0,102.0,7.79,4.53,True,3,75,76.0,0,0.37402998753972855,-0.12394670466714025,1.3208317108680399,1.1616862617973907,-0.6731569938512758,0.06838723710392916,-0.16768339333549973,-1.3390149735982464
2011,Mike Mohamed,ILB,California,6-3,239.0,4.65,32.0,21.0,115.0,6.7,4.0,True,6,189,75.0,0,-0.30320554405176053,1.2660972361038185,-0.8580328105871352,-0.47769121424338684,-0.1970540328665359,-0.27297917760125656,-2.414415374217318,-2.311635250445751
2011,Denarius Moore,WR,Tennessee,6-0,194.0,4.43,36.0,13.0,118.0,6.78,4.15,True,5,148,72.0,0,-0.5676450494880637,-0.3187284147428101,-0.8140984952894662,0.2059638986403987,-0.33400473788316093,-0.6022371570790845,-0.9521862196175913,-0.7396008894516405
2011,Rahim Moore,S,UCLA,6-0,202.0,4.58,35.0,11.0,115.0,6.98,3.96,True,2,45,72.0,0,-0.4935055803203139,-0.13287400803657493,0.21466735631649933,-0.10770631709629744,-1.5031760681950357,-1.0923109930927024,0.07535225314300219,-2.2589577038622797
2011,Joseph Morgan,WR,Michigan State,6-0,189.0,4.38,35.5,10.0,123.0,6.91,4.25,False,0,0,72.0,0,-0.9040514942364557,-0.3187284147428101,-1.3384365706697492,0.043277690358489204,-1.1353049242643467,0.26799891445775326,-0.2861234528910441,-0.03554458988122652
2011,Adrian Moten,OLB,Maryland,6-2,228.0,4.53,31.0,18.0,114.0,7.05,4.21,False,0,0,74.0,0,-1.5386385330129748,0.031800229423403006,-1.371145137856799,-1.016535631733282,-1.013283942011346,-0.7077500543042573,-0.31972369070099743,-0.8843980416094112
2011,Jonas Mouton,OLB,Michigan,6-1,239.0,4.84,31.5,22.0,115.0,7.08,4.34,True,2,61,73.0,1,-0.42523431668524925,-0.6598547605355265,1.3124386334057423,-0.8611075122942741,-0.09975334144153167,-0.5512716433144976,-0.17370814691629113,0.12189389507091934
2011,O.J. Murdock,WR,Fort Hays State,5-10,197.0,4.5,34.5,15.0,116.0,6.96,4.37,False,0,0,70.0,1,-0.3658011826390285,-1.196509877804561,-0.08002518975706442,-0.2820947262053298,0.20019538637096299,-0.9503315856938197,-0.029945465688526695,0.809322969603274
2011,DeMarco Murray,RB,Oklahoma,6-0,213.0,4.37,34.5,21.0,124.0,7.28,4.18,True,3,71,72.0,0,0.0010021349856079611,0.9750523933679008,-1.8562964681605896,-0.03692944196865367,0.44528178854733663,0.934809848109934,1.3296519558731095,-0.8244025055633217
2011,Chris Neild,DT,West Virginia,6-2,319.0,5.06,29.0,30.0,106.0,7.56,4.46,True,7,253,74.0,0,0.7206999036125593,-0.659359892681932,-0.25567719692385094,-0.014336594807933516,0.5453491893465177,0.18061042162581112,-0.36520861590464254,-1.153611854878871
2011,Drake Nevis,DT,LSU,6-1,294.0,5.06,30.5,31.0,112.0,7.71,4.65,True,3,87,73.0,0,-0.8569743777728054,-1.362903695698221,-0.25567719692385094,0.4802759260657605,0.7491168467377256,1.1559066984051884,0.2031987787740086,-0.024263895889797226
2011,Jamar Newsome,WR,Central Florida,6-0,200.0,4.46,38.5,13.0,129.0,6.83,4.22,False,0,0,72.0,0,-0.1639573157899933,-0.3187284147428101,-0.4994956500612927,1.0193949400499462,-0.33400473788316093,1.3122822003019585,-0.6960082324150738,-0.24676147975235319
2011,Cam Newton,QB,Auburn,6-5,248.0,4.56,35.0,16.0,126.0,6.92,4.18,True,1,1,77.0,1,2.469192560881947,1.2585243481089123,-1.5364139390176819,1.2363785878954114,-0.061313606531362225,2.0557881744059587,-0.8915506009109002,-1.0312862299347456
2011,Derek Newton,OT,Arkansas State,6-5,311.0,5.0,25.5,24.0,100.0,7.76,5.0,True,7,214,77.0,0,-0.22227724631041887,-0.5626325096168238,-1.2221467260465606,-0.8334656553557531,0.0010652833053096855,-0.6255858027023398,-0.17904517306849277,1.2228314358031735
2011,Kris O'Dowd,C,USC,6-4,304.0,5.12,32.5,31.0,105.0,7.67,4.59,False,0,0,76.0,0,-0.11184682610477643,0.46666271157950695,-0.8285369188651345,1.9852034129357643,1.3250304648712896,0.4724456373628241,-0.13156188479830008,-0.528980964839914
2011,Schuylar Oordt,TE,New Mexico,6-6,261.0,4.63,36.0,18.0,119.0,6.83,4.25,False,0,0,78.0,0,1.1585575708470908,1.208966411885534,-0.7450310057313212,0.8433745672693095,-0.5145904323811267,0.33954845075992496,-1.659698849973088,-0.9625262973311252
2011,Cheta Ozougwu,DE,Rice,6-2,247.0,4.84,34.5,26.0,119.0,7.06,4.31,True,7,254,74.0,0,-1.4527449840679247,-1.2721115294224987,0.1516093951303483,0.5454908053075169,0.5332787639701678,0.5765366112439678,-0.8669336434740608,-0.8068651056767031
2011,Martin Parker,DT,Richmond,6-2,303.0,4.95,29.0,22.0,104.0,7.56,4.57,False,0,0,74.0,0,-0.28901163647407413,-0.659359892681932,-0.8723900967073368,-0.014336594807933516,-1.0847920697831457,-0.14448833730064797,-0.36520861590464254,-0.4997788259904593
2011,Johnny Patrick,CB,Louisville,5-11,191.0,4.59,32.0,13.0,110.0,6.92,4.16,True,3,88,71.0,1,-0.27685132702164517,-0.25656352291434187,1.0454385942046367,-1.3928547175356032,-0.34728089721078226,-2.243791353658761,0.03552960103862786,-0.06869851288760483
2011,Niles Paul,WR,Nebraska,6-1,224.0,4.45,34.5,24.0,117.0,6.9,4.14,True,5,155,73.0,0,1.4507936190022883,0.1201623167880653,-0.6043632651373474,-0.2820947262053298,2.6040959455145205,-0.7762843713864521,-0.33735905033154673,-0.8100065194086868
2011,Mike Person,OG,Montana State,6-4,299.0,5.07,28.0,21.0,108.0,7.44,4.5,True,7,239,76.0,0,-1.3842750999210274,-0.12394670466714025,-1.0888112238755185,0.33400928775118915,-1.117545790573407,0.9574213194549976,-1.3982631347492462,-1.49271218700425
2011,Patrick Peterson,CB,LSU,6-0,219.0,4.31,38.0,15.0,126.0,6.58,4.07,True,1,5,72.0,0,2.9538773523036803,0.36731036733780453,-2.0737388507993693,0.8019466555508025,0.1862688448676012,0.5834275747164901,-1.936963998651703,-0.7943265552629531
2011,Austin Pettis,WR,Boise State,6-3,209.0,4.56,33.5,14.0,120.0,6.68,3.88,True,3,78,75.0,0,0.4415742847571123,0.9979437798498162,0.5491805006992733,-0.6074671427691488,-0.06690467575609896,-0.25414272846434943,-1.4645421940226306,-2.640552898291768
2011,Zack Pianalto,TE,North Carolina,6-3,256.0,4.78,32.0,22.0,108.0,6.85,4.41,False,0,0,75.0,0,0.5812694341707058,-0.8267770300636582,0.2800248324124613,-0.45815248111082363,0.6333420706229257,-1.5551913007109117,-1.5582096214033072,0.1695705390735495
2011,Jason Pinkston,OT,Pittsburgh,6-3,317.0,5.39,26.5,24.0,98.0,7.88,4.91,True,5,150,75.0,1,0.3344468399958206,-2.3208591021693965,0.9624810028307244,-0.5115261318277797,0.0010652833053096855,-0.9269922386938314,0.2431574184467281,0.7527794886692665
2011,Christian Ponder,QB,Florida State,6-2,229.0,4.63,34.0,16.0,116.0,6.85,4.09,True,1,12,74.0,1,0.668304557792382,-0.4908903870896071,-1.1001047777885022,0.889015079867653,-0.061313606531362225,0.51785703801604,-1.2511310678798488,-1.6379475904539642
2011,Josh Portis,QB,California (PA),6-3,211.0,4.59,40.0,16.0,126.0,6.84,4.12,False,0,0,75.0,1,-1.037799866187206,0.09224785797656607,-1.3494242984908897,2.9731961280342043,-0.061313606531362225,2.0557881744059587,-1.3024997060182688,-1.435727136947556
2011,Mike Pouncey,OG,Florida,6-5,303.0,5.12,25.0,26.0,96.0,7.66,4.64,True,1,15,77.0,1,-1.032614082428876,0.7139330188826921,-0.8149881631092057,-0.6592030811042527,-0.006573798768079143,-0.8206468452471394,-0.6247558687177486,-0.7754585244429077
2011,Jerrell Powe,DT,Mississippi,6-2,335.0,5.25,25.0,27.0,93.0,8.17,5.06,True,6,199,74.0,0,1.7304114436991926,-0.659359892681932,0.8095541754294505,-1.3333033171377842,-0.06595378282710605,-1.932531511396173,1.9463147891218677,2.4127501208760895
2011,Robert Quinn,DE,North Carolina,6-4,265.0,4.62,34.0,22.0,116.0,7.13,4.4,True,1,14,76.0,0,-0.20334941793796057,0.08526216685136973,-1.3689998417096598,0.38151396202021226,-0.34467345137678845,0.0855346755625865,-0.5489666699723847,-0.24104858090497983
2011,Will Rackley,OG,Lehigh,6-3,309.0,5.39,23.5,29.0,99.0,7.91,4.94,True,3,76,75.0,0,-0.5051225561906494,-0.9618264282169726,0.6636563650288863,-1.1558092655319736,0.6600093963151176,-0.3761298040716051,0.2542296608634999,0.7615136096171182
2011,Brooks Reed,OLB,Arizona,6-2,263.0,4.65,30.5,30.0,113.0,7.11,4.28,True,2,42,74.0,0,2.0040112462116064,0.031800229423403006,-0.3323385167229098,-1.17196375117229,1.7273078596980969,-0.864228465294017,-0.027692603131584836,-0.3425485372430767
2011,D'Aundre Reed,DE,Arizona,6-4,261.0,4.84,35.5,30.0,119.0,7.24,4.32,True,7,215,76.0,0,-0.48099287707795263,0.08526216685136973,0.1516093951303483,0.8734444918821264,1.411230979317124,0.5765366112439678,-0.049304283041180265,-0.7439966029242857
2011,Jah Reid,OT,Central Florida,6-7,327.0,5.32,29.5,28.0,111.0,7.73,4.65,True,3,85,79.0,0,1.2623203171728863,1.195594082935749,0.5703683335450609,0.4542924387561402,0.9598202580838767,1.0321495952508644,-0.28459582094729563,-0.6051483586064664
2011,Allen Reisner,FB,Iowa,6-2,248.0,4.9,28.0,14.0,108.0,7.31,4.59,False,0,0,74.0,0,0.5451342289266127,0.9012563078060039,0.7182866032379307,-1.6250758784030996,-1.6300438225335192,-1.1172380191562152,0.48307181130761456,1.6433351349098873
2011,Stevan Ridley,RB,LSU,5-11,225.0,4.65,36.0,18.0,118.0,6.78,4.21,True,3,73,71.0,0,0.9089364319464465,0.43573769960030895,0.803734532477603,0.4410430497970774,-0.23274392645079248,-0.16154966307142618,-1.7198232163146188,-0.598954672771177
2011,Aldrick Robinson,WR,SMU,5-10,184.0,4.35,40.0,17.0,126.0,6.65,4.09,True,6,178,70.0,0,-1.2404579389848478,-1.196509877804561,-1.6530394158979227,1.5074535648956748,0.7343955106250869,0.7901405573798559,-1.6182489863441385,-1.1620346691938939
2011,Jacquizz Rodgers,RB,Oregon State,5-6,196.0,4.59,33.0,19.0,113.0,7.31,4.26,True,5,145,66.0,1,-1.2852381190422466,-2.26083576923765,0.23372788948370038,-0.5149019337343848,-0.006735354784749435,-1.0751825890558928,1.5126204662043692,-0.22320828478427346
2011,Justin Rogers,CB,Richmond,5-10,180.0,4.45,33.0,14.0,114.0,7.21,4.2,True,7,206,70.0,0,-1.546066165328023,-0.8804374131664883,-0.5141501282973614,-1.027054488687869,-0.08050602617159051,-1.536986621564948,1.717950612539205,0.2538028392792175
2011,Brian Rolle,OLB,Ohio State,5-10,229.0,4.53,33.0,28.0,115.0,6.89,4.26,True,6,193,70.0,0,-1.4374199678922726,-2.734819730412315,-1.371145137856799,-0.3948231539772501,1.2705425594131896,-0.5512716433144976,-1.0984732575527585,-0.49736268134774664
2011,Evan Royster,RB,Penn State,6-0,212.0,4.65,34.0,20.0,113.0,7.07,4.18,True,6,177,72.0,0,-0.07465905642779525,0.9750523933679008,0.803734532477603,-0.19625360589056404,0.2192732168812936,-1.0751825890558928,0.04887238355426378,-0.8244025055633217
2011,Kevin Rutland,CB,Missouri,6-0,190.0,4.58,35.5,12.0,118.0,6.92,4.15,False,0,0,72.0,0,-0.3922344941404068,0.36731036733780453,0.9340393997402104,-0.11255391656853322,-0.614055768249974,-0.8301818894711352,0.03552960103862786,-0.1493238509293086
2011,Brandon Saine,RB,Ohio State,5-11,220.0,4.4,34.5,22.0,113.0,6.98,4.25,False,0,0,71.0,0,0.5306304748794304,0.43573769960030895,-1.5712931466636382,-0.03692944196865367,0.6712903602133796,-1.0751825890558928,-0.5000331474395264,-0.29835756238165284
2011,Greg Salas,WR,Hawaii,6-1,210.0,4.53,37.0,15.0,120.0,6.65,4.1,True,4,112,73.0,0,0.5088555737067907,0.1201623167880653,0.2345776554711091,0.5313363152042178,0.20019538637096299,-0.25414272846434943,-1.6182489863441385,-1.0916290392368537
2011,Jock Sanders,WR,West Virginia,5-6,181.0,4.5,34.5,19.0,121.0,6.78,4.13,False,0,0,66.0,0,-1.442301805833883,-2.9520728039280626,-0.08002518975706442,-0.2820947262053298,1.2685956348792107,-0.08009551415698189,-0.9521862196175913,-0.880412149365727
2011,Robert Sands,S,West Virginia,6-4,217.0,4.53,35.0,12.0,124.0,7.03,4.06,True,5,134,76.0,0,1.198070150966292,2.441928992138899,-0.27382412256655975,-0.10770631709629744,-1.245150569874943,0.4308689418382729,0.3655782458139103,-1.381458096873727
2011,Dane Sanzenbacher,WR,Ohio State,5-11,182.0,4.56,33.5,14.0,118.0,6.46,3.97,False,0,0,71.0,1,-1.3750205168842045,-0.7576191462736855,0.5491805006992733,-0.6074671427691488,-0.06690467575609896,-0.6022371570790845,-2.59172533771371,-2.006902228678391
2011,Tyler Sash,S,Iowa,6-0,211.0,4.62,33.0,11.0,108.0,6.9,4.27,True,6,198,72.0,0,0.5214398584516496,-0.13287400803657493,0.6054605394229484,-0.8086011567080311,-1.5031760681950357,-2.277006498039017,-0.3890093351304528,0.46129107780224016
2011,Weslye Saunders,TE,South Carolina,6-5,270.0,4.93,33.5,19.0,116.0,7.14,4.38,False,0,0,77.0,2,2.1976762168645836,0.5303852645691367,1.3050806705562377,0.029920162031726295,-0.22760730663011358,-0.17719875418666686,-0.08661580714145264,-0.04269761775232858
2011,Steve Schilling,OG,Michigan,6-4,308.0,5.18,25.5,30.0,98.0,7.73,4.62,True,6,201,76.0,0,-0.5930378105636872,-0.12394670466714025,-0.4864004901896314,-0.4936676862950124,0.8822037946761832,-0.5243021511301165,-0.378639920434998,-0.8779233333802404
2011,Da'Rel Scott,RB,Maryland,5-11,211.0,4.4,34.0,19.0,117.0,7.15,4.2,True,7,221,71.0,0,-0.15032024784119846,0.43573769960030895,-1.5712931466636382,-0.19625360589056404,-0.006735354784749435,-0.34427624826831954,0.5367884111043008,-0.6741039503685563
2011,Da'Norris Searcy,S,North Carolina,5-11,223.0,4.55,33.0,27.0,120.0,6.87,4.09,True,4,100,71.0,0,1.8747004434809345,-0.7765747580804434,-0.0784275310133396,-0.8086011567080311,2.6252319049264483,-0.24609991813104948,-0.5631449307329998,-1.118208214777158
2011,Kelvin Sheppard,ILB,LSU,6-2,250.0,4.7,33.5,22.0,110.0,7.12,4.28,True,3,68,74.0,1,1.6739850994953591,0.5415676038825611,-0.44122590063558403,0.0597114017804224,0.07771144958116945,-1.2966510936059723,0.05402306345064703,-0.1961341232633057
2011,Anthony Sherman,FB,Connecticut,5-10,242.0,4.74,32.5,32.0,111.0,7.23,4.41,True,5,136,70.0,0,-0.10142032166076473,-1.6001897710025024,-0.4176084902546079,-0.20022424862846225,1.6952455754348597,-0.5387696031463984,0.03916798470061673,0.3522939249421699
2011,Richard Sherman,CB,Stanford,6-3,195.0,4.54,38.0,16.0,125.0,6.82,4.33,True,5,154,75.0,0,0.18468134145340132,2.238932038094244,0.48844262188249526,0.8019466555508025,0.45304371590679293,0.406726391693037,-0.5446155753408795,1.3019322338213881
2011,Derek Sherrod,OT,Mississippi State,6-5,321.0,5.18,28.0,23.0,97.0,7.43,4.63,True,1,32,77.0,0,0.7055962308666469,-0.5626325096168238,-0.213857005026276,-0.02861684653581975,-0.23862346038933205,-1.0776954566895773,-1.3401022997353493,-0.7096043468584483
2011,Cecil Shorts,WR,Mount Union,6-0,205.0,4.5,34.5,21.0,114.0,6.5,4.07,True,4,114,72.0,0,0.1724491289583987,-0.3187284147428101,-0.08002518975706442,-0.2820947262053298,1.8027957591333346,-1.2984260143085549,-2.3867829479516955,-1.3028459291079741
2011,Sealver Siliga,DT,Utah,6-2,305.0,5.38,29.0,29.0,100.0,7.7,4.75,False,0,0,74.0,0,-0.16279769396324495,-0.659359892681932,1.5383966933553914,-0.014336594807933516,0.34158153195530977,-0.7946858551535662,0.16530495246209945,0.5701297667360278
2011,David Sims,S,Iowa State,5-9,200.0,4.5,37.5,24.0,120.0,6.975,4.28,False,0,0,69.0,1,-0.719049011158528,-2.0639762581681804,-0.5669190098963988,0.7684122324183696,1.85115540996617,-0.24609991813104948,0.04632965387590674,0.5490410385011016
2011,Buster Skrine,CB,Tenn-Chattanooga,5-9,186.0,4.37,37.0,20.0,122.0,6.44,3.9,True,5,137,69.0,0,-0.8537671626154533,-1.5043113034186348,-1.4053436840127917,0.4361464267030682,1.52014320006356,-0.12337715737732258,-2.7491672455830143,-2.16495730197195
2011,Aldon Smith,DE,Missouri,6-4,263.0,4.74,34.0,20.0,118.0,7.19,4.5,True,1,7,76.0,0,-0.3421711475079566,0.08526216685136973,-0.5395766216151082,0.38151396202021226,-0.7836495590502666,0.412869299350174,-0.2764235498280899,0.38763644661914975
2011,D.J. Smith,OLB,Appalachian State,5-11,239.0,4.71,31.0,20.0,104.0,7.35,4.45,True,6,186,71.0,0,-0.42523431668524925,-2.0431647404533853,0.18706479384403094,-1.016535631733282,-0.5565186417264388,-2.272534164201854,1.1404317471460526,0.9733716876465868
2011,Jimmy Smith,CB,Colorado,6-2,211.0,4.42,36.0,24.0,123.0,6.93,4.06,True,1,27,74.0,0,2.0308120153535874,1.6150581478420973,-0.8483477116906503,0.07034619785533391,2.587242684220327,0.053324025646130604,0.09354411867657755,-0.8749518933046642
2011,Lee Smith,TE,Marshall,6-6,266.0,4.94,29.0,25.0,108.0,7.13,4.28,True,5,159,78.0,0,1.7358457075234757,1.208966411885534,1.3734177264324943,-1.4342977673959234,1.494291447875965,-1.5551913007109117,-0.13736042142634308,-0.7502581405052471
2011,Torrey Smith,WR,Maryland,6-1,204.0,4.41,41.0,19.0,126.0,6.72,4.13,True,2,58,73.0,0,0.10516784000872029,0.1201623167880653,-1.0238337254415757,1.8328259814594938,1.2685956348792107,0.7901405573798559,-1.2595998042606158,-0.880412149365727
2011,Willie Smith,OT,East Carolina,6-5,310.0,5.4,30.5,24.0,106.0,7.95,4.83,False,0,0,77.0,1,-0.3150645940281254,-0.5626325096168238,1.0184970984429662,0.7762319622841136,0.0010652833053096855,0.27863350527213526,0.48944226349727443,0.33495553566134795
2011,Nate Solder,OT,Colorado,6-8,319.0,4.96,32.0,21.0,110.0,7.44,4.34,True,1,17,80.0,0,0.5200215354312338,2.074707379212035,-1.4462111084955134,1.2591412475760735,-0.7180009477786156,0.8814463772551185,-1.304918750442412,-2.2242161765121518
2011,Owen Spencer,WR,North Carolina State,6-2,195.0,4.51,37.5,6.0,125.0,6.86,4.18,False,0,0,74.0,0,-0.5003637605383853,0.5590530483189408,0.02484242531899031,0.6940225234861273,-2.2037051727725947,0.6160933430724883,-0.5423014400935616,-0.5283839995805201
2011,Ricky Stanzi,QB,Iowa,6-4,223.0,4.87,32.5,16.0,110.0,6.95,4.43,True,5,135,76.0,1,0.09960308313251924,0.6753861030427393,0.3958123464258239,0.3679698178260152,-0.061313606531362225,-0.4049016438179113,-0.7374446864956359,0.6538842159519751
2011,Luke Stocker,TE,Tennessee,6-5,258.0,4.68,33.0,27.0,115.0,7.03,4.4,True,4,104,77.0,0,0.8121846888412597,0.5303852645691367,-0.4033457263500624,-0.13277071901579035,2.068257699377991,-0.34944782250219747,-0.6448065642752566,0.0988144867982589
2011,Quan Sturdivant,ILB,North Carolina,6-1,241.0,4.75,34.0,21.0,115.0,7.12,4.5,True,6,171,73.0,1,0.05628366386589757,-0.18296202833869626,-0.02441899068403283,0.23884560712169214,-0.1970540328665359,-0.27297917760125656,0.05402306345064703,1.4660453338086126
2011,Jerrard Tarrant,S,Georgia Tech,6-0,204.0,4.57,33.0,14.0,114.0,6.92,4.21,False,0,0,72.0,0,-0.2679621494820998,-0.13287400803657493,0.11696906053988926,-0.8086011567080311,-0.7290995732347575,-1.2615532080850331,-0.27291893806209166,-0.06520868639088993
2011,Vai Taua,RB,Nevada,5-9,213.0,4.65,34.5,20.0,112.0,6.89,4.18,False,0,0,69.0,0,0.0010021349856079611,-0.6428916879348747,0.803734532477603,-0.03692944196865367,0.2192732168812936,-1.2579091742527864,-1.0489386784333221,-0.8244025055633217
2011,Phil Taylor,DT,Baylor,6-3,334.0,5.09,29.5,31.0,100.0,7.75,4.77,True,1,21,75.0,0,1.6673044724437782,0.04418391033435714,-0.08748276971017069,0.15053424548329783,0.7491168467377256,-0.7946858551535662,0.3547740840216487,0.6890084992611906
2011,Tyrod Taylor,QB,Virginia Tech,6-1,217.0,4.47,37.5,16.0,126.0,6.78,4.09,True,6,180,73.0,1,-0.46909839152734345,-1.0740286321557804,-2.097382860598053,2.104787357964808,-0.061313606531362225,2.0557881744059587,-1.610711534848793,-1.6379475904539642
2011,Zane Taylor,C,Utah,6-2,309.0,5.52,25.5,33.0,104.0,8.15,4.77,False,0,0,74.0,0,0.6870590746436396,-1.2526209626607767,1.9136656494828215,-0.716879010226804,1.8461098611689877,0.3103319382677372,1.7820655304496817,0.5800307085349455
2011,J.T. Thomas,OLB,West Virginia,6-1,241.0,4.65,30.5,23.0,114.0,7.23,4.28,True,6,195,73.0,0,-0.2227971864438446,-0.6598547605355265,-0.3323385167229098,-1.17196375117229,0.12862930870092187,-0.7077500543042573,0.556369572007236,-0.3425485372430767
2011,Josh Thomas,CB,Buffalo,5-10,191.0,4.46,38.5,13.0,126.0,6.99,4.15,True,5,143,70.0,0,-0.27685132702164517,-0.8804374131664883,-0.40275093383293503,0.9848467699746696,-0.34728089721078226,0.5834275747164901,0.44163122450428605,-0.1493238509293086
2011,Julius Thomas,TE,Portland State,6-5,246.0,4.64,35.5,16.0,111.0,6.96,4.31,True,4,129,77.0,0,-0.5733068391820642,0.5303852645691367,-0.6766939498550707,0.6806836862217929,-1.0885566838831529,-1.03844409576432,-1.0000188642694987,-0.5379899836793753
2011,Isaiah Thompson,OG,Houston,6-3,300.0,6.0,25.0,23.0,82.0,9.04,5.56,False,0,0,75.0,0,-1.2963598455479897,-0.9618264282169726,4.0042977063779155,-0.6592030811042527,-0.6731569938512758,-2.8950597040662993,4.227244254570739,3.9379226866744936
2011,Brandyn Thompson,CB,Boise State,5-9,189.0,4.5,33.5,13.0,114.0,6.66,4.12,True,7,213,69.0,0,-0.5076176612591684,-1.5043113034186348,0.042845844024780116,-0.8441543742640018,-0.34728089721078226,-1.536986621564948,-1.4728478575480952,-0.3911998650544271
2011,Cedric Thornton,DT,Southern Arkansas,6-3,309.0,5.25,27.0,23.0,101.0,7.7,4.71,False,0,0,75.0,0,0.08963019105841341,0.04418391033435714,0.8095541754294505,-0.6738199559728588,-0.8810244123919377,-0.6321364756903366,0.16530495246209945,0.3323723016856967
2011,Jordan Todman,RB,Connecticut,5-9,203.0,4.4,38.0,25.0,126.0,7.24,4.18,True,6,183,69.0,0,-0.7556097791484241,-0.6428916879348747,-1.5712931466636382,1.0783397054847188,1.3493160752115088,1.3002630185037205,1.085693942098091,-0.8244025055633217
2011,Terrence Toliver,WR,LSU,6-3,212.0,4.52,32.0,14.0,122.0,6.48,4.03,False,0,0,75.0,1,0.6434181516061475,0.9979437798498162,0.12971004039504505,-1.0955257676148773,-0.06690467575609896,0.09395170015038568,-2.4892541428327006,-1.584468448936141
2011,Scott Tolzien,QB,Wisconsin,6-2,212.0,4.92,29.5,16.0,116.0,6.84,4.12,False,0,0,74.0,1,-0.9430162870772291,-0.4908903870896071,0.7074617473038072,-0.6741207062572604,-0.061313606531362225,0.51785703801604,-1.3024997060182688,-1.435727136947556
2011,Devon Torrence,CB,Ohio State,6-0,199.0,4.68,33.0,14.0,111.0,6.95,4.09,False,0,0,72.0,1,0.6462140099284478,0.36731036733780453,2.0480313443844933,-1.027054488687869,-0.08050602617159051,-2.0670901706353075,0.2095731539524821,-0.6330758791795457
2011,Terrance Turner,WR,Indiana,6-2,220.0,4.53,41.0,16.0,128.0,6.77,4.15,False,0,0,74.0,0,1.1816684632035748,0.5590530483189408,0.2345776554711091,1.8328259814594938,0.46729544849802496,1.138234985994591,-1.0034218170580984,-0.7396008894516405
2011,Julian Vandervelde,OG,Iowa,6-2,301.0,5.12,31.0,23.0,104.0,7.46,4.59,True,5,161,74.0,0,-1.2084445911749517,-1.799706151766805,-0.8149881631092057,1.327221656606631,-0.6731569938512758,0.364731931220952,-1.327944292382748,-1.031620546786244
2011,Shane Vereen,RB,California,5-10,210.0,4.49,34.0,31.0,115.0,6.95,4.28,True,2,56,70.0,0,-0.22598143925460168,-0.10357699416728292,-0.7162831821727927,-0.19625360589056404,2.705367505207767,-0.7097294186621063,-0.6830016577707917,-0.07290972958950806
2011,Danny Watkins,OG,Baylor,6-3,310.0,5.36,26.0,29.0,92.0,7.61,4.62,True,1,23,75.0,0,-0.4172073018176116,-0.9618264282169726,0.49936252856910146,-0.3281322914857721,0.6600093963151176,-1.413336233481185,-0.8005529746339977,-0.8779233333802404
2011,J.J. Watt,DE,Wisconsin,6-5,290.0,4.81,37.0,34.0,120.0,6.88,4.21,True,1,11,77.0,0,1.5319222016869898,0.7639490149883039,-0.05574640989329112,1.3653750217440406,2.2891831946640804,0.7402039231377616,-1.6845630039069373,-1.4355501332008327
2011,Ryan Whalen,WR,Stanford,6-1,202.0,4.53,38.5,18.0,123.0,6.67,4.09,True,6,167,73.0,0,-0.02939473789063651,0.1201623167880653,0.2345776554711091,1.0193949400499462,1.0014955727521488,0.26799891445775326,-1.5157777914631334,-1.1620346691938939
2011,Chris White,ILB,Mississippi State,6-3,240.0,4.65,34.0,17.0,115.0,6.95,4.25,True,6,169,75.0,0,-0.12346094009293149,1.2660972361038185,-0.8580328105871352,0.23884560712169214,-1.2961159626573573,-0.27297917760125656,-0.9451067803673385,-0.4227949583185694
2011,Johnny White,RB,North Carolina,5-10,209.0,4.5,32.5,19.0,117.0,7.07,4.31,True,5,133,70.0,1,-0.3016426306680049,-0.10357699416728292,-0.621282075007145,-0.6742260976562952,-0.006735354784749435,-0.34427624826831954,0.04887238355426378,0.15253810320263003
2011,Markus White,DE,Florida State,6-3,266.0,4.86,32.5,14.0,117.0,7.25,4.51,True,7,224,75.0,0,-0.13393855315296255,-0.5934246812855645,0.2898465984794433,-0.11041656784170187,-2.100577882070701,0.24920198745638025,-0.0038804296837991353,0.4505049493715616
2011,Colby Whitlock,DT,Texas Tech,6-2,302.0,5.27,30.5,25.0,105.0,7.73,4.75,False,0,0,74.0,0,-0.3521186077294887,-0.659359892681932,0.9216837935719007,0.4802759260657605,-0.4734890976095219,0.018061042162581573,0.27898643139783036,0.5701297667360278
2011,Muhammad Wilkerson,DT,Temple,6-4,315.0,4.96,26.0,27.0,106.0,7.31,4.59,True,1,30,76.0,0,0.46827201859090095,0.7477277133506463,-0.8163252876361117,-1.0035616365553215,-0.06595378282710605,0.18061042162581112,-1.312554273702392,-0.3809000934652964
2011,Marshall Williams,WR,Wake Forest,6-1,188.0,4.56,35.5,9.0,123.0,6.61,4.09,False,0,0,73.0,0,-0.9713327831861341,0.1201623167880653,0.5491805006992733,0.043277690358489204,-1.4024049863914088,0.26799891445775326,-1.8231913761061533,-1.1620346691938939
2011,Nate Williams,S,Washington,6-0,211.0,4.68,30.5,17.0,114.0,6.98,4.15,False,0,0,72.0,0,0.5214398584516496,-0.13287400803657493,1.1916503140826176,-1.6847197062226982,0.04497692172552077,-1.2615532080850331,0.07535225314300219,-0.59170845058402
2011,Aaron Williams,CB,Texas,6-0,204.0,4.55,37.5,18.0,127.0,6.72,4.07,True,2,34,72.0,0,1.223129845522256,0.36731036733780453,0.5998418163469216,0.6190465411269354,0.9865934579851764,0.7601287577399434,-1.124760751720392,-0.7943265552629531
2011,D.J. Williams,TE,Arkansas,6-2,245.0,4.59,33.5,20.0,111.0,7.29,4.51,True,5,141,74.0,0,-0.6887644665173411,-1.5053581773800555,-1.0183792292363294,0.029920162031726295,0.05937581912089951,-1.03844409576432,0.6745534071319221,0.877131061826468
2011,Ian Williams,DT,Notre Dame,6-1,319.0,5.21,28.5,31.0,98.0,7.65,4.78,False,0,0,73.0,1,0.7206999036125593,-1.362903695698221,0.5852949391445452,-0.17920743509916484,0.7491168467377256,-1.1197846140800252,-0.02416417909744982,0.7484478655237773
2011,Keith Williams,OG,Nebraska,6-4,318.0,5.28,24.5,23.0,93.0,8.42,5.03,True,6,196,76.0,0,0.2861147331666908,-0.12394670466714025,0.06124563134299904,-0.824738475913493,-0.6731569938512758,-1.2651638864226735,2.047360141209246,1.2226052498351243
2011,Ryan Williams,RB,Virginia Tech,5-9,212.0,4.59,40.0,19.0,123.0,6.96,4.18,True,2,38,69.0,0,-0.07465905642779525,-0.6428916879348747,0.23372788948370038,1.7156363611723602,-0.006735354784749435,0.7520832629130405,-0.6220121543270384,-0.8244025055633217
2011,Zack Williams,C,Washington State,6-3,309.0,5.18,30.0,28.0,103.0,7.54,4.62,False,0,0,75.0,0,0.6870590746436396,-0.39297912554063485,-0.4172065336129432,1.02017397609199,0.5434113704247423,0.14821823917265034,-0.649835976427961,-0.3441456859441022
2011,Lawrence Wilson,OLB,Connecticut,6-1,229.0,4.71,32.5,24.0,113.0,7.31,4.5,True,6,166,73.0,0,-1.4374199678922726,-0.6598547605355265,0.18706479384403094,-0.5502512734162581,0.35701195884337544,-0.864228465294017,0.9457443554331122,1.3604070479082513
2011,Martez Wilson,ILB,Illinois,6-4,250.0,4.42,36.0,23.0,124.0,7.04,4.28,True,3,72,76.0,0,1.6739850994953591,1.9906268683250758,-2.775344596364281,0.9553824284867711,0.3524769320288748,1.5696302712072319,-0.4161556865813468,-0.1961341232633057
2011,Ryan Winterswyk,DE,Boise State,6-4,268.0,4.96,30.0,18.0,111.0,7.01,4.37,False,0,0,76.0,0,0.00488317641703347,0.08526216685136973,0.9810326152248998,-0.9303007842782254,-1.2226256667237447,-0.7328018839063823,-1.0940529102609704,-0.4296540891622209
2011,Stefen Wisniewski,C,Penn State,6-3,313.0,5.29,28.5,30.0,100.0,7.51,4.63,True,2,48,75.0,0,1.3261837952423725,-0.39297912554063485,0.3368991726827479,0.44115631398572525,1.0644907667224406,-0.3381228581126103,-0.7694376898809607,-0.2825339263121668
2011,K.J. Wright,OLB,Mississippi State,6-3,246.0,4.71,32.0,20.0,120.0,7.26,4.46,True,4,99,75.0,0,0.28329563915966705,0.7234552193823325,0.18706479384403094,-0.705679392855266,-0.5565186417264388,0.23112041163430092,0.702385115791938,1.0507787596989182
2011,Shareece Wright,CB,USC,5-11,185.0,4.41,34.5,16.0,113.0,6.92,4.16,True,3,89,71.0,2,-0.9691503297342149,-0.25656352291434187,-0.9597469061550765,-0.47835414541626753,0.45304371590679293,-1.7136878045884012,0.03552960103862786,-0.06869851288760483
2011,T.J. Yates,QB,North Carolina,6-3,219.0,5.06,29.5,16.0,104.0,6.96,4.12,True,5,152,75.0,1,-0.2795312333073892,0.09224785797656607,1.5800800697621613,-0.6741207062572604,-0.061313606531362225,-1.3276603256518626,-0.6860760483572159,-1.435727136947556
2011,Jimmy Young,WR,TCU,6-0,204.0,4.5,37.0,19.0,115.0,7.08,4.18,False,0,0,72.0,0,0.10516784000872029,-0.3187284147428101,-0.08002518975706442,0.5313363152042178,1.2685956348792107,-1.1243788000011872,0.5848817035975179,-0.5283839995805201
2011,Lee Ziemba,OT,Auburn,6-6,317.0,5.5,29.0,20.0,95.0,7.74,4.65,True,7,244,78.0,0,0.3344468399958206,0.3164807866594626,1.5786580545653455,0.2933226769921536,-0.9576896914732573,-1.379101892681069,-0.24941227165436136,-0.6051483586064664
2012,Emmanuel Acho,OLB,Texas,6-2,238.0,4.64,35.5,24.0,118.0,7.105,4.32,True,6,204,74.0,2,-0.5264528818059516,0.031800229423403006,-0.41890573515073964,0.38231744321778977,0.35701195884337544,-0.08183641034521849,-0.05202852709570183,-0.03292024903374371
2012,Joe Adams,WR,Arkansas,5-11,179.0,4.51,36.0,14.0,123.0,7.09,4.25,True,4,104,71.0,2,-1.5768643837332397,-0.7576191462736855,0.02484242531899031,0.2059638986403987,-0.06690467575609896,0.26799891445775326,0.6361173010380204,-0.03554458988122652
2012,Mike Adams,OT,Ohio State,6-7,323.0,5.28,28.5,19.0,100.0,7.94,4.95,True,2,56,79.0,0,0.8911709263020601,1.195594082935749,0.34630395109610823,0.13235291522816692,-1.197378435167899,-0.6255858027023398,0.4542587142043401,0.9616914651732257
2012,Chas Alecxih,DT,Pittsburgh,6-4,296.0,5.31,25.5,19.0,99.0,7.74,4.62,False,0,0,76.0,0,-0.7307604352619762,0.7477277133506463,1.145943029856806,-1.1684324768465528,-1.6960950419567695,-0.9572352346167957,0.3168802577097395,-0.20258199467754684
2012,Antonio Allen,S,South Carolina,6-1,210.0,4.58,34.0,17.0,118.0,7.02,4.25,True,7,242,73.0,0,0.4086681430325426,0.5108267420072936,0.21466735631649933,-0.45815373690216427,0.04497692172552077,-0.5845843481157107,0.3075330472797245,0.28579115640453273
2012,Dwayne Allen,TE,Clemson,6-3,255.0,4.85,32.0,27.0,110.0,7.12,4.37,True,3,64,75.0,0,0.4658118068354288,-0.8267770300636582,0.7583842235462213,-0.45815248111082363,2.068257699377991,-1.2106931640798504,-0.18810503571123355,-0.11345367002761918
2012,Jeff Allen,OT,Illinois,6-4,307.0,5.17,27.5,26.0,102.0,8.01,4.9,True,2,44,76.0,0,-0.5934266371812452,-1.44174580589311,-0.26987310063851294,-0.18958660829980642,0.4804427706945932,-0.32417936671084807,0.7005435592548833,0.7005514945432778
2012,Justin Anderson,OT,Georgia,6-4,335.0,5.24,27.0,32.0,101.0,8.04,4.99,True,7,208,76.0,0,2.004619098914539,-1.44174580589311,0.12223956864715553,-0.3505563700637931,1.9185752328624437,-0.47488258470659395,0.8060942071336862,1.1706034416771849
2012,Ryan Baker,OLB,LSU,5-11,232.0,4.8,34.0,30.0,113.0,7.21,4.35,False,0,0,71.0,0,-1.1337642725301655,-2.0431647404533853,0.9661697596944459,-0.08396691509923414,1.7273078596980969,-0.864228465294017,0.4590258761507637,0.19930096712325088
2012,Edwin Baker,RB,Michigan State,5-8,204.0,4.44,35.0,20.0,111.0,7.27,4.31,True,7,250,68.0,0,-0.679948587735021,-1.1822063817024666,-1.1912887180010392,0.1223947219532567,0.2192732168812936,-1.4406357594496797,1.2686624524293508,0.15253810320263003
2012,Mike Ball,RB,Nevada,5-8,206.0,4.54,36.0,21.0,112.0,7.1,4.23,False,0,0,68.0,0,-0.5286262049082145,-1.1822063817024666,-0.24127764634454615,0.4410430497970774,0.44528178854733663,-1.2579091742527864,0.23184089388552356,-0.44865611757641155
2012,Vick Ballard,RB,Mississippi State,5-10,219.0,4.59,33.0,23.0,115.0,7.03,4.19,True,5,170,70.0,0,0.4549692834660272,-0.10357699416728292,0.23372788948370038,-0.5149019337343848,0.8972989318794227,-0.7097294186621063,-0.1950856302207547,-0.7492532279659357
2012,Kelvin Beachum,OG,SMU,6-3,303.0,5.38,28.5,19.0,101.0,7.79,4.8,True,7,248,75.0,0,-1.032614082428876,-0.9618264282169726,0.6088917528756246,0.4995446825604295,-1.5619345872955381,-0.07978510995458227,-0.16768339333549973,0.04425994705577155
2012,Travis Benjamin,WR,Miami (FL),5-10,172.0,4.31,38.0,14.0,119.0,6.96,4.25,True,4,100,70.0,2,-2.0478334063809887,-1.196509877804561,-2.072509876202151,0.8567087317680367,-0.06690467575609896,-0.428189942771717,-0.029945465688526695,-0.03554458988122652
2012,Bill Bentley,CB,Colorado,5-10,182.0,4.42,31.5,13.0,114.0,6.99,4.5,True,3,85,70.0,0,-1.3152998310904997,-0.8804374131664883,-0.8483477116906503,-1.5757548319594703,-0.34728089721078226,-1.536986621564948,0.44163122450428605,2.672562980530381
2012,Jake Bequette,DE,Arkansas,6-5,274.0,4.75,34.0,23.5,113.0,6.9,4.07,True,3,90,77.0,1,0.42134836512702156,0.7639490149883039,-0.4704580199405638,0.38151396202021226,-0.01544137062167986,-0.4054672601187948,-1.5937152971921709,-2.3157091717346154
2012,Tony Bergstrom,OT,Utah,6-5,313.0,5.19,29.5,32.0,101.0,7.95,4.84,True,3,95,77.0,0,-0.036702550875005714,-0.5626325096168238,-0.1578409094140341,0.4542924387561402,1.9185752328624437,-0.47488258470659395,0.48944226349727443,0.3871835297873366
2012,Justin Bethel,S,Presbyterian,6-0,200.0,4.52,39.5,19.0,131.0,6.79,4.3,True,6,177,72.0,0,-0.719049011158528,-0.13287400803657493,-0.3715224183431785,1.4693070720301031,0.5610279183657063,1.615564446784587,-1.0275065190064547,0.7245409598988091
2012,Philip Blake,C,Baylor,6-3,311.0,5.17,29.5,22.0,105.0,7.86,4.65,True,4,108,75.0,0,1.006621434943006,-0.39297912554063485,-0.4857615978216407,0.827168088723235,-1.0198268184683523,0.4724456373628241,0.6259156337373603,-0.15931040704829047
2012,Robert Blanton,CB,Notre Dame,6-1,208.0,4.66,34.0,12.0,116.0,6.71,3.97,True,5,139,73.0,0,1.6846625139973024,0.991184257589951,1.8252329554556408,-0.6612542598401346,-0.614055768249974,-1.1835842555180416,-1.1827752693583415,-1.600579935680009
2012,Jamie Blatnick,DE,Oklahoma State,6-3,263.0,4.81,32.5,28.0,112.0,7.22,4.2,False,0,0,75.0,0,-0.3421711475079566,-0.5934246812855645,-0.05574640989329112,-0.11041656784170187,0.9722548716436459,-0.5691345720125885,-0.14015198975594656,-1.4984186359532445
2012,Brandon Bolden,RB,Mississippi,5-11,222.0,4.55,38.0,21.0,119.0,6.96,4.44,False,0,0,71.0,0,0.6819528577062368,0.43573769960030895,-0.14627653917889855,1.0783397054847188,0.44528178854733663,0.02117692212546717,-0.6220121543270384,1.1294787119685885
2012,Jarrett Boykin,WR,Virginia Tech,6-2,217.0,4.62,36.0,11.0,123.0,7.12,4.28,False,0,0,74.0,0,0.9798245963545396,0.5590530483189408,1.1783861911556204,0.2059638986403987,-0.8682048621372848,0.26799891445775326,0.7898240933595327,0.17567229998990017
2012,Nigel Bradham,OLB,Florida State,6-2,241.0,4.56,37.0,24.0,121.0,7.18,4.37,True,4,105,74.0,0,-0.2227971864438446,0.031800229423403006,-1.1114434825733324,0.8486018015348137,0.35701195884337544,0.38759882262406065,0.3130103323660574,0.3541151112279208
2012,Andre Branch,DE,Clemson,6-4,259.0,4.67,32.5,19.0,120.0,7.19,4.25,True,2,38,76.0,0,-0.6198146066479486,0.08526216685136973,-1.0234068333369315,-0.11041656784170187,-1.0031376128870055,0.7402039231377616,-0.2764235498280899,-1.1840761221911797
2012,Mike Brewster,C,Ohio State,6-4,312.0,5.22,25.0,29.0,96.0,7.73,4.6,False,0,0,76.0,0,1.1664026150926892,0.46666271157950695,-0.142986276778147,-0.9098848975955589,0.8039510685735914,-0.9865776544929578,0.10764154210769943,-0.46736920520797853
2012,Michael Brockers,DT,LSU,6-5,322.0,5.31,26.5,27.0,105.0,7.46,4.81,True,1,14,77.0,1,0.910020817378803,1.4512715163669354,1.145943029856806,-0.8386907962640902,-0.06595378282710605,0.018061042162581573,-0.744146879023741,0.9267659643115217
2012,Ron Brooks,CB,LSU,5-10,190.0,4.37,38.0,12.0,120.0,6.92,4.16,True,4,124,70.0,2,-0.3922344941404068,-0.8804374131664883,-1.4053436840127917,0.8019466555508025,-0.614055768249974,-0.4767795234242289,0.03552960103862786,-0.06869851288760483
2012,Charles Brown,CB,North Carolina,5-9,202.0,4.53,35.5,18.0,114.0,6.94,4.06,False,0,0,69.0,0,0.9923635112847327,-1.5043113034186348,0.37704342741806895,-0.11255391656853322,0.9865934579851764,-1.536986621564948,0.1515586363145324,-0.8749518933046642
2012,James Brown,OG,Troy,6-3,306.0,5.19,25.5,24.0,102.0,7.7,4.78,False,0,0,75.0,0,-0.7688683193097628,-0.9618264282169726,-0.43163587803636494,-0.4936676862950124,-0.4509625954902103,0.06838723710392916,-0.48411818398474865,-0.05820486188156109
2012,Miles Burris,OLB,San Diego State,6-2,246.0,4.67,37.5,31.0,121.0,7.105,4.32,True,4,129,74.0,2,0.28329563915966705,0.031800229423403006,-0.15920407986726545,1.0040299209738217,1.9556905098405504,0.38759882262406065,-0.05202852709570183,-0.03292024903374371
2012,Tank Carder,ILB,TCU,6-2,236.0,4.58,34.5,19.0,121.0,6.89,4.18,True,5,147,74.0,0,-0.8424393559282477,0.5415676038825611,-1.4415624845193113,0.4179798124629619,-0.7465849977619465,0.9554271216044024,-1.2977408428913364,-0.9516702401141826
2012,Sean Cattouse,S,California,6-2,211.0,4.74,34.0,17.0,114.0,6.99,4.15,False,0,0,74.0,1,0.5214398584516496,1.1545274920511621,1.7778400887422954,-0.45815373690216427,0.04497692172552077,-1.2615532080850331,0.13339745167718278,-0.59170845058402
2012,Greg Childs,WR,Arkansas,6-3,219.0,4.52,36.5,19.0,125.0,6.96,4.25,True,4,134,75.0,2,1.1143871742538962,0.9979437798498162,0.12971004039504505,0.3686501069223082,1.2685956348792107,0.6160933430724883,-0.029945465688526695,-0.03554458988122652
2012,Morris Claiborne,CB,LSU,5-11,188.0,4.5,34.5,14.0,118.0,7.01,4.12,True,1,6,71.0,1,-0.62300082837793,-0.25656352291434187,0.042845844024780116,-0.47835414541626753,-0.08050602617159051,-0.8301818894711352,0.5576602597801854,-0.3911998650544271
2012,Danny Coale,WR,Virginia Tech,6-0,201.0,4.42,35.0,12.0,115.0,6.69,4.15,True,5,152,72.0,0,-0.09667602684031491,-0.3187284147428101,-0.918966110365521,-0.11940851792342029,-0.6011048000102228,-1.1243788000011872,-1.4133065965821237,-0.7396008894516405
2012,Audie Cole,ILB,North Carolina State,6-4,246.0,4.76,35.0,15.0,114.0,6.96,4.29,True,7,210,76.0,0,0.9550066836600428,1.9906268683250758,0.05894239130627593,0.5971140178042317,-1.845646927552768,-0.47771356080219973,-0.8863344366133405,-0.12058051157822004
2012,B.J. Coleman,QB,Tenn-Chattanooga,6-3,233.0,4.94,31.0,16.0,109.0,7.07,4.38,True,7,243,75.0,2,1.0474388742322904,0.09224785797656607,0.8321215076550037,-0.1530754442156226,-0.061313606531362225,-0.5586947574569032,-0.12102102883458295,0.31685012677463215
2012,Tom Compton,OT,South Dakota,6-5,314.0,5.01,30.0,20.0,108.0,7.59,4.6,True,6,193,77.0,0,0.05608479684270086,-0.5626325096168238,-1.1661306304343237,0.6152622005201269,-0.9576896914732573,0.5800399412636269,-0.7771655110483883,-0.866288329236419
2012,Quinton Coples,DE,North Carolina,6-6,284.0,4.69,31.5,25.0,109.0,7.57,4.78,True,1,16,78.0,0,1.1154570129770016,1.4426358631252383,-0.8851696299878365,-0.4383702544163113,0.31379071013342874,-1.06013650769397,1.4496828777524293,2.1479545236867206
2012,Aaron Corp,QB,Richmond,6-3,215.0,4.61,31.5,16.0,106.0,7.03,4.3,False,0,0,75.0,1,-0.6586655497472976,0.09224785797656607,-1.2247645381396932,0.020606309798256655,-0.061313606531362225,-1.0200740983738787,-0.32649558138826723,-0.22240441590911897
2012,Kirk Cousins,QB,Michigan State,6-3,214.0,4.84,28.5,16.0,109.0,7.05,4.5,True,4,102,75.0,1,-0.7534491288572748,0.09224785797656607,0.20882270589903176,-1.021484214285019,-0.061313606531362225,-0.5586947574569032,-0.22375830511142739,1.1257319408002588
2012,Fletcher Cox,DT,Mississippi State,6-4,298.0,4.77,26.0,30.0,103.0,7.07,4.53,True,1,12,76.0,0,-0.604546492751147,0.7477277133506463,-1.8815566599894131,-1.0035616365553215,0.5453491893465177,-0.30703771676387753,-2.222006105188229,-0.7375362910407903
2012,Jack Crawford,DE,Penn State,6-5,274.0,4.74,33.0,23.5,116.0,7.15,4.25,True,5,158,77.0,1,0.42134836512702156,0.7639490149883039,-0.5395766216151082,0.05356027544560284,-0.01544137062167986,0.0855346755625865,-0.4581189632576185,-1.1840761221911797
2012,Tyrone Crawford,DE,Boise State,6-4,275.0,4.82,33.0,28.0,113.0,7.09,4.44,True,3,81,76.0,0,0.49075922991201953,0.08526216685136973,0.013372191781259445,0.05356027544560284,0.9722548716436459,-0.4054672601187948,-0.7306620834019133,0.010425430104673134
2012,Lennon Creer,RB,Louisiana Tech,5-11,219.0,4.67,33.5,21.0,110.0,7.26,4.4,False,0,0,71.0,0,0.4549692834660272,0.43573769960030895,0.9937367468088982,-0.3555777698124744,0.44528178854733663,-1.623362344646573,1.2076729489855975,0.8288816015790644
2012,Jared Crick,DE,Nebraska,6-4,279.0,4.91,31.0,23.5,104.0,7.47,4.4,True,4,126,76.0,1,0.7684026890520116,0.08526216685136973,0.6354396068521716,-0.602347097703616,-0.01544137062167986,-1.8784730671629388,0.9954443441786058,-0.24104858090497983
2012,Juron Criner,WR,Arizona,6-2,224.0,4.66,38.0,17.0,117.0,7.15,4.3,True,5,168,74.0,0,1.4507936190022883,0.5590530483189408,1.5978566514598487,0.8567087317680367,0.7343955106250869,-0.7762843713864521,0.943530885681045,0.31648355990398047
2012,John Cullen,OT,Utah,6-4,297.0,5.28,27.0,23.0,102.0,7.58,4.59,False,0,0,76.0,0,-1.521300114358311,-1.44174580589311,0.34630395109610823,-0.3505563700637931,-0.23862346038933205,-0.32417936671084807,-0.8123490603413226,-0.9185163233624076
2012,B.J. Cunningham,WR,Michigan State,6-1,211.0,4.52,31.5,12.0,116.0,7.1,4.25,True,6,183,73.0,1,0.5761368626564691,0.1201623167880653,0.12971004039504505,-1.258211975896787,-0.6011048000102228,-0.9503315856938197,0.6873528984785231,-0.03554458988122652
2012,Vinny Curry,DE,Marshall,6-3,266.0,4.87,32.0,23.5,110.0,6.9,4.4,True,2,59,75.0,1,-0.13393855315296255,-0.5934246812855645,0.3589652001539877,-0.27439341112900656,-0.01544137062167986,-0.8964691958001761,-1.5937152971921709,-0.24104858090497983
2012,Andrew Datko,OT,Florida State,6-6,315.0,5.19,29.5,24.0,100.0,7.71,4.54,True,7,241,78.0,1,0.14887214456040743,0.3164807866594626,-0.1578409094140341,0.4542924387561402,0.0010652833053096855,-0.6255858027023398,-0.3549629195331674,-1.1796562939923556
2012,Lavonte David,OLB,Nebraska,6-1,233.0,4.57,36.5,19.0,119.0,7.28,4.22,True,2,58,73.0,0,-1.0325457074094633,-0.6598547605355265,-1.0248762641455025,0.6931736820958058,-0.7849012918688923,0.07464200064454121,0.7997288116484103,-0.8069909695570796
2012,Austin Davis,QB,Southern Miss,6-2,219.0,4.69,31.0,16.0,109.0,6.73,4.11,False,0,0,74.0,1,-0.2795312333073892,-0.4908903870896071,-0.7261254967349179,-0.1530754442156226,-0.061313606531362225,-0.5586947574569032,-1.8675547255408973,-1.5031339547830234
2012,Demario Davis,OLB,Arkansas State,6-2,235.0,4.49,38.5,32.0,124.0,7.19,4.28,True,3,77,74.0,0,-0.8301085771680585,0.031800229423403006,-1.7174140115680954,1.3148861598518375,2.184073159983004,0.8570340555933398,0.3616821802942957,-0.3425485372430767
2012,David DeCastro,OG,Stanford,6-5,316.0,5.32,29.5,34.0,98.0,7.3,4.56,True,1,24,77.0,0,0.11028422442061517,0.7139330188826921,0.2803040799560502,0.8306154721789101,1.7709813881204455,-0.5243021511301165,-1.8904950313147475,-1.1853177601922475
2012,Taylor Dever,OT,Notre Dame,6-5,298.0,5.4,28.0,18.0,100.0,7.49,4.9,False,0,0,77.0,0,-1.4285127666406043,-0.5626325096168238,1.0184970984429662,-0.02861684653581975,-1.4370671788625409,-0.6255858027023398,-1.1290010039777374,0.7005514945432778
2012,Drake Dunsmore,FB,Northwestern,6-2,241.0,4.63,35.5,21.0,117.0,6.73,4.03,True,7,233,74.0,0,-0.20917941342532761,0.9012563078060039,-1.1985363670307296,0.7496768378879627,-0.33687572332359406,0.618167228873235,-2.735230931593148,-2.3732375183230148
2012,Michael Egnew,TE,Missouri,6-5,252.0,4.52,36.0,21.0,131.0,7.03,4.32,True,3,78,77.0,0,0.1194389248295978,0.5303852645691367,-1.4967386203700954,0.8433745672693095,0.3463589448719126,2.406537270546292,-0.6448065642752566,-0.46723393140407843
2012,Bradie Ewing,FB,Wisconsin,6-0,239.0,4.73,36.5,14.0,120.0,7.14,4.16,True,5,157,72.0,0,-0.4246975969544534,-0.3494667315982493,-0.48860193359789,1.0663105333934377,-1.6300438225335192,1.1966356448830517,-0.46022382023226505,-1.4408188666796624
2012,Loni Fangupo,DT,BYU,6-1,323.0,5.12,31.5,36.0,99.0,7.94,4.62,False,0,0,73.0,0,0.9731277886342177,-1.362903695698221,0.08071165750350953,0.8100176066482232,1.7679551336937653,-0.9572352346167957,1.07475678394794,-0.20258199467754684
2012,Antonio Fenelus,CB,Wisconsin,5-8,190.0,4.57,32.0,20.0,109.0,6.8,4.2,False,0,0,68.0,0,-0.3922344941404068,-2.128185193670781,0.8226402052757842,-1.3928547175356032,1.52014320006356,-2.420492536682214,-0.6606446106167839,0.2538028392792175
2012,Darius Fleming,OLB,Notre Dame,6-2,245.0,4.71,33.5,27.0,114.0,7.03,4.28,True,5,165,74.0,0,0.1820770740389647,0.031800229423403006,0.18706479384403094,-0.23939503453824212,1.042159909270736,-0.7077500543042573,-0.4170673865574654,-0.3425485372430767
2012,Jamell Fleming,CB,Oklahoma,5-11,206.0,4.43,34.0,23.0,125.0,6.71,3.97,True,3,80,71.0,0,1.4538961797597791,-0.25656352291434187,-0.7369485172262239,-0.6612542598401346,2.320467813181135,0.406726391693037,-1.1827752693583415,-1.600579935680009
2012,Michael Floyd,WR,Notre Dame,6-3,220.0,4.4,36.5,16.0,122.0,6.96,4.25,True,1,13,75.0,2,1.1816684632035748,0.9979437798498162,-1.1287013405176305,0.3686501069223082,0.46729544849802496,0.09395170015038568,-0.029945465688526695,-0.03554458988122652
2012,Marcus Forston,DT,Miami (FL),6-1,301.0,5.05,28.0,35.0,105.0,7.64,4.79,False,0,0,73.0,0,-0.4152255789849033,-1.362903695698221,-0.311742005995076,-0.3440782753903962,1.5641874763025574,0.018061042162581573,-0.06205800540936236,0.8078872317863588
2012,Justin Francis,DE,Rutgers,6-2,268.0,4.9,32.0,23.0,109.0,7.05,4.35,False,0,0,74.0,0,0.00488317641703347,-1.2721115294224987,0.5663210051776272,-0.27439341112900656,-0.1251853975400494,-1.06013650769397,-0.9123574968314418,-0.5553910946670502
2012,Terrence Frederick,CB,Texas A&M,5-10,187.0,4.44,35.0,16.0,121.0,6.59,4.03,True,7,246,70.0,0,-0.7383839954966916,-0.8804374131664883,-0.6255493227617877,-0.29545403099240036,0.45304371590679293,-0.30007834040077574,-1.8789494810137533,-1.1168279074297756
2012,Chris Galippo,ILB,USC,6-1,241.0,4.73,29.5,19.0,107.0,6.9,4.1,False,0,0,73.0,0,0.05628366386589757,-0.18296202833869626,-0.19114175466465036,-1.3733622409497355,-0.7465849977619465,-1.9108542432088018,-1.2389684991373333,-1.5560991335948813
2012,Terrance Ganaway,RB,Baylor,5-11,239.0,4.61,37.5,19.0,119.0,7.15,4.25,True,6,202,71.0,1,1.9681931117340914,0.43573769960030895,0.4237301038150041,0.9190155415628085,-0.006735354784749435,0.02117692212546717,0.5367884111043008,-0.29835756238165284
2012,Garth Gerhart,C,Arizona State,6-1,305.0,5.38,30.5,25.0,96.0,7.63,4.65,False,0,0,73.0,0,0.04793435404490678,-2.1122627997809182,0.9538947505610378,1.2131798634607447,-0.23820772402180496,-0.9865776544929578,-0.29103083606896524,-0.15931040704829047
2012,Adam Gettis,OG,Iowa,6-2,293.0,4.9,31.5,26.0,112.0,7.99,4.65,True,5,141,74.0,1,-1.911766626159254,-1.799706151766805,-2.019809630480985,1.4927570514158714,-0.006573798768079143,1.5501107076890432,0.5355050303294997,-0.7242261199742369
2012,Stephon Gilmore,CB,South Carolina,6-0,190.0,4.38,36.0,15.0,123.0,6.61,3.94,True,1,10,72.0,0,-0.3922344941404068,0.36731036733780453,-1.2939444895483654,0.07034619785533391,0.1862688448676012,0.053324025646130604,-1.7629204457378487,-1.8424559498051274
2012,Chris Givens,WR,Wake Forest,5-11,198.0,4.35,33.5,19.0,118.0,6.97,4.23,True,4,96,71.0,0,-0.2985198936893501,-0.7576191462736855,-1.6530394158979227,-0.6074671427691488,1.2685956348792107,-0.6022371570790845,0.02129013175197588,-0.1763558497953068
2012,Cordy Glenn,OT,Georgia,6-6,345.0,5.08,23.5,31.0,93.0,8.13,5.0,True,2,41,78.0,0,2.9324925760916045,0.3164807866594626,-0.7740179611486553,-1.4773447024116997,1.678886489167802,-1.6805083286725606,1.1227461507701073,1.2228314358031735
2012,T.J. Graham,WR,North Carolina State,5-11,188.0,4.34,33.5,8.0,120.0,6.77,4.18,True,3,69,71.0,0,-0.9713327831861341,-0.7576191462736855,-1.7579070309739775,-0.6074671427691488,-1.6695050485184706,-0.25414272846434943,-1.0034218170580984,-0.5283839995805201
2012,Cyrus Gray,RB,Texas A&M,5-10,206.0,4.4,32.5,21.0,114.0,7.17,4.28,True,6,182,70.0,1,-0.5286262049082145,-0.10357699416728292,-1.5712931466636382,-0.6742260976562952,0.44528178854733663,-0.8924560038589996,0.6587674179918073,-0.07290972958950806
2012,Ladarius Green,TE,Louisiana-Lafayette,6-6,238.0,4.45,34.5,16.0,124.0,7.12,4.47,True,4,110,78.0,0,-1.49696785786428,1.208966411885534,-1.9750980115038554,0.3553019241267596,-1.0885566838831529,1.200793792337578,-0.18810503571123355,0.5941068527252993
2012,Trevor Guyton,DE,California,6-3,285.0,5.01,31.0,23.5,105.0,7.45,4.53,True,7,219,75.0,1,1.1848678777619996,-0.5934246812855645,1.3266256235976281,-0.602347097703616,-0.01544137062167986,-1.714805755269145,0.9045966374638437,0.5762419548763908
2012,Dominique Hamilton,DT,Missouri,6-5,313.0,5.45,29.0,31.0,105.0,7.82,4.78,False,0,0,77.0,2,0.34205807608007177,1.4512715163669354,1.930850356853977,-0.014336594807933516,0.7491168467377256,0.018061042162581573,0.6200308682050196,0.7484478655237773
2012,Darius Hanks,WR,Alabama,6-0,184.0,4.52,34.0,11.0,117.0,6.96,4.25,False,0,0,72.0,2,-1.2404579389848478,-0.3187284147428101,0.12971004039504505,-0.4447809344872393,-0.8682048621372848,-0.7762843713864521,-0.029945465688526695,-0.03554458988122652
2012,James Hanna,TE,Oklahoma,6-4,252.0,4.43,36.0,24.0,122.0,6.76,4.11,True,6,186,76.0,0,0.1194389248295978,-0.14819588274726075,-2.1117721232563627,0.8433745672693095,1.2073083221249519,0.8562956557065168,-2.0149111499673302,-1.9531110291852123
2012,Cory Harkey,TE,UCLA,6-4,260.0,5.06,26.5,13.0,109.0,7.4,4.69,False,0,0,76.0,0,1.0430999435118138,-0.14819588274726075,2.193462396947513,-2.247752172633507,-1.9495060611361923,-1.382942232395381,1.2327441642657304,2.1507400027817303
2012,Chandler Harnish,QB,Northern Illinois,6-2,219.0,4.68,32.5,16.0,112.0,6.78,4.15,True,7,253,74.0,1,-0.2795312333073892,-0.4908903870896071,-0.7884553769105189,0.3679698178260152,-0.061313606531362225,-0.09731541653992754,-1.610711534848793,-1.2335066834411479
2012,Jacory Harris,QB,Miami (FL),6-3,203.0,4.65,37.0,16.0,113.0,7.1,4.4,False,0,0,75.0,1,-1.796068499067023,0.09224785797656607,-0.9754450174373055,1.9311056039509287,-0.061313606531362225,0.05647769709906435,0.03308488558067686,0.4516637624455729
2012,Cliff Harris,CB,Oregon,5-11,175.0,4.61,36.0,14.0,118.0,6.79,4.19,False,0,0,71.0,0,-2.122982000921831,-0.25656352291434187,1.2682369831334994,0.07034619785533391,-0.08050602617159051,-0.8301818894711352,-0.7186591282547337,0.1731775012375137
2012,Mike Harris,CB,Florida State,5-10,188.0,4.52,36.0,14.0,117.0,6.81,4.07,True,6,176,70.0,1,-0.62300082837793,-0.8804374131664883,0.26564423295363276,0.07034619785533391,-0.08050602617159051,-1.0068830724945885,-0.6026300929788343,-0.7943265552629531
2012,Casey Hayward,CB,Vanderbilt,5-11,192.0,4.47,34.0,19.0,119.0,6.76,3.9,True,2,62,71.0,0,-0.16146815990288352,-0.25656352291434187,-0.2913517393685087,-0.6612542598401346,1.2533683290243682,-0.6534807064476821,-0.8927026811685879,-2.16495730197195
2012,Junior Hemingway,WR,Michigan,6-1,225.0,4.48,35.5,21.0,124.0,6.59,3.98,True,7,238,73.0,0,1.5180749079519666,0.1201623167880653,-0.2897604199091739,0.043277690358489204,1.8027957591333346,0.4420461287651208,-1.925662570987163,-1.936496598721351
2012,Dan Herron,RB,Ohio State,5-10,213.0,4.57,35.0,22.0,117.0,6.97,4.04,True,6,191,70.0,0,0.0010021349856079611,-0.10357699416728292,0.04372567515240514,0.1223947219532567,0.6712903602133796,-0.34427624826831954,-0.5610226508832851,-1.876492391926653
2012,Stephen Hill,WR,Georgia Tech,6-4,215.0,4.36,39.5,14.0,133.0,6.88,4.48,True,2,43,76.0,0,0.8452620184551827,1.4368345113806915,-1.5481718008218588,1.3447673566137652,-0.06690467575609896,2.0084710575314286,-0.4398302452125564,1.5837848991307342
2012,Lamar Holmes,OT,Southern Miss,6-5,323.0,5.29,27.0,22.0,104.0,7.74,4.8,True,3,91,77.0,0,0.8911709263020601,-0.5626325096168238,0.40232004670834515,-0.3505563700637931,-0.4783122040839738,-0.022772930719356425,-0.24941227165436136,0.17827155328337732
2012,Jaye Howard,DT,Florida,6-3,301.0,4.78,27.5,24.0,106.0,7.32,4.47,True,4,114,75.0,0,-0.4152255789849033,0.04418391033435714,-1.825491850918183,-0.5089491156816275,-0.6772567550007298,0.18061042162581112,-1.2746604473904797,-1.0941724886162896
2012,Delano Howell,S,Stanford,5-11,210.0,4.61,33.0,21.0,120.0,6.97,4.15,False,0,0,71.0,0,0.4086681430325426,-0.7765747580804434,0.5077622436463383,-0.8086011567080311,1.0770789150058917,-0.24609991813104948,0.017307054608816447,-0.59170845058402
2012,Emil Igwenagu,FB,Massachusetts,6-1,249.0,4.7,34.5,19.0,121.0,7.32,4.4,False,0,0,73.0,0,0.6528933206911756,0.2758947881038773,-0.7015822636277426,0.4330431423824877,-0.7063523230978583,1.3894584502196574,0.5385597896334936,0.2805694132772981
2012,Duke Ihenacho,S,San Jose State,6-0,213.0,4.67,35.0,20.0,122.0,6.78,4.22,False,0,0,72.0,0,0.7469832892898638,-0.13287400803657493,1.0939520183060074,-0.10770631709629744,0.819053416685799,0.09238451185361173,-1.0855517175406353,0.02254127430796378
2012,George Iloka,S,Boise State,6-4,225.0,4.6,34.5,20.0,124.0,7.03,4.03,True,5,167,76.0,0,2.1002438743191485,2.441928992138899,0.4100639478697195,-0.28293002699923087,0.819053416685799,0.4308689418382729,0.3655782458139103,-1.644707978970288
2012,Melvin Ingram,OLB,South Carolina,6-1,264.0,4.69,34.5,28.0,109.0,6.83,4.18,True,1,18,73.0,0,2.105229811332309,-0.6598547605355265,0.013930356988386591,0.07146120433977383,1.2705425594131896,-1.4901421092530558,-1.3905043451221668,-1.1166192577664125
2012,Bruce Irvin,OLB,West Virginia,6-3,245.0,4.41,33.5,23.0,123.0,6.7,4.03,True,1,15,75.0,0,0.1820770740389647,0.7234552193823325,-2.409951758990688,-0.23939503453824212,0.12862930870092187,0.70055564460358,-2.0232383681892214,-2.2777253385514062
2012,Janzen Jackson,S,McNeese State,5-11,188.0,4.6,36.5,9.0,125.0,6.9,4.15,False,0,0,71.0,0,-2.0723095961878126,-0.7765747580804434,0.4100639478697195,0.4179648126125028,-2.019227064835221,0.6001111568306036,-0.3890093351304528,-0.59170845058402
2012,Asa Jackson,CB,Cal Poly,5-10,191.0,4.48,34.5,19.0,118.0,6.97,4.03,True,5,169,70.0,0,-0.27685132702164517,-0.8804374131664883,-0.17995254490407253,-0.47835414541626753,1.2533683290243682,-0.8301818894711352,0.32560218922838147,-1.1168279074297756
2012,Jerrell Jackson,WR,Missouri,6-0,196.0,4.5,41.0,22.0,127.0,6.82,4.11,False,0,0,72.0,0,-0.43308247158870694,-0.3187284147428101,-0.08002518975706442,1.8328259814594938,2.0698958212603964,0.9641877716872235,-0.7472438298555765,-1.0212234092798074
2012,Malik Jackson,DE,Tennessee,6-5,284.0,4.85,28.0,25.0,105.0,7.38,4.41,True,5,137,77.0,0,1.1154570129770016,0.7639490149883039,0.22072799680489272,-1.5862081574274443,0.31379071013342874,-1.714805755269145,0.5866296639621676,-0.17818007815256798
2012,LaMichael James,RB,Oregon,5-8,194.0,4.35,35.0,15.0,123.0,6.88,4.12,True,2,61,68.0,0,-1.436560501869053,-1.1822063817024666,-2.046298682491893,0.1223947219532567,-0.9107696414489216,0.7520832629130405,-1.1099281818770754,-1.2752981711476046
2012,Jamaar Jarrett,DE,Arizona State,6-5,265.0,4.96,30.0,21.0,114.0,7.24,4.34,False,0,0,77.0,1,-0.20334941793796057,0.7639490149883039,0.9810326152248998,-0.9303007842782254,-0.5641615052135275,-0.24179994822500103,-0.049304283041180265,-0.618259597419462
2012,Jordan Jefferson,QB,LSU,6-4,223.0,4.58,36.5,14.0,116.0,6.81,4.06,False,0,0,76.0,0,0.09960308313251924,0.6753861030427393,-1.4117541786664853,1.7574238499370494,-3.6788163918815533,0.51785703801604,-1.4566056204335331,-1.8401680439603723
2012,A.J. Jenkins,WR,Illinois,6-0,190.0,4.37,38.5,12.0,124.0,6.96,4.25,True,1,30,72.0,2,-0.8367702052867774,-0.3187284147428101,-1.443304185745804,1.0193949400499462,-0.6011048000102228,0.4420461287651208,-0.029945465688526695,-0.03554458988122652
2012,Janoris Jenkins,CB,Florida,5-10,193.0,4.41,33.5,14.0,121.0,6.95,4.13,True,2,39,70.0,1,-0.04608499278412191,-0.8804374131664883,-0.9597469061550765,-0.8441543742640018,-0.08050602617159051,-0.30007834040077574,0.2095731539524821,-0.3105745270127233
2012,Cam Johnson,DE,Virginia,6-3,268.0,4.75,35.0,23.5,105.0,7.2,4.38,True,7,237,75.0,1,0.00488317641703347,-0.5934246812855645,-0.4704580199405638,0.7094676485948217,-0.01544137062167986,-1.714805755269145,-0.2309996964707088,-0.3667855864098091
2012,James-Michael Johnson,ILB,Nevada,6-1,241.0,4.6,37.0,23.0,124.0,7.34,4.37,True,4,120,73.0,0,0.05628366386589757,-0.18296202833869626,-1.2748397205386939,1.3136508391693107,0.3524769320288748,1.5696302712072319,1.3470146260386273,0.4838483819024787
2012,Leonard Johnson,CB,Iowa State,5-10,196.0,4.62,32.0,15.0,120.0,6.96,4.15,False,0,0,70.0,0,0.30006450857216294,-0.8804374131664883,1.3796361775979256,-1.3928547175356032,0.1862688448676012,-0.4767795234242289,0.2675876715904318,-0.1493238509293086
2012,Rishaw Johnson,OG,California (PA),6-3,313.0,5.12,31.5,22.0,108.0,7.87,4.53,False,0,0,75.0,0,-0.1534615386984982,-0.9618264282169726,-0.8149881631092057,1.4927570514158714,-0.8953513922123414,0.9574213194549976,0.11359197613050002,-1.3390149735982464
2012,Steven Johnson,OLB,Kansas,6-0,239.0,4.71,36.0,16.0,113.0,7.32,4.38,False,0,0,72.0,0,-0.42523431668524925,-1.351509750494456,0.18706479384403094,0.5377455626567977,-1.470049242296253,-0.864228465294017,0.9944162033613505,0.4315221832802523
2012,Trumaine Johnson,CB,Montana,6-2,204.0,4.5,35.5,19.0,122.0,7.2,4.15,True,3,65,74.0,0,1.223129845522256,1.6150581478420973,0.042845844024780116,-0.11255391656853322,1.2533683290243682,-0.12337715737732258,1.6599360949012554,-0.1493238509293086
2012,Jeremy Jones,CB,Wayne State (MI),5-9,197.0,4.56,31.5,20.0,116.0,7.14,4.18,False,0,0,69.0,0,0.41544767569092456,-1.5043113034186348,0.7112410108113479,-1.5757548319594703,1.52014320006356,-1.1835842555180416,1.311848989073547,0.09255216319580274
2012,Ben Jones,C,Georgia,6-3,303.0,5.35,30.5,29.0,105.0,7.95,4.74,True,4,99,75.0,0,-0.27162800625445965,-0.39297912554063485,0.7482295579349391,1.2131798634607447,0.8039510685735914,0.4724456373628241,0.9847207740963559,0.39519542963913923
2012,Chandler Jones,DE,Syracuse,6-5,266.0,4.77,35.0,22.0,120.0,7.07,4.38,True,1,21,77.0,0,-0.13393855315296255,0.7639490149883039,-0.33222081659147495,0.7094676485948217,-0.34467345137678845,0.7402039231377616,-0.8215097901166756,-0.3667855864098091
2012,Dwight Jones,WR,North Carolina,6-3,230.0,4.51,33.0,14.0,109.0,6.96,4.25,False,0,0,75.0,2,1.8544813527003587,0.9979437798498162,0.02484242531899031,-0.7701533510510583,-0.06690467575609896,-2.1686620858453924,-0.029945465688526695,-0.03554458988122652
2012,Marvin Jones,WR,California,6-2,199.0,4.46,33.0,22.0,112.0,6.81,4.11,True,5,166,74.0,0,-0.23123860473967173,0.5590530483189408,-0.4994956500612927,-0.7701533510510583,2.0698958212603964,-1.64652044292329,-0.7984794272960836,-1.0212234092798074
2012,Marcel Jones,OT,Nebraska,6-6,320.0,5.57,27.5,13.0,95.0,8.03,5.12,True,7,234,78.0,0,0.6128088831489403,0.3164807866594626,1.970770723851014,-0.18958660829980642,-2.6355108973357497,-1.379101892681069,0.7709106578407519,1.8495673653150513
2012,Coryell Judie,CB,Texas A&M,6-0,194.0,4.45,37.0,14.0,126.0,7.33,4.25,False,0,0,72.0,1,0.06929817433463971,0.36731036733780453,-0.5141501282973614,0.4361464267030682,-0.08050602617159051,0.5834275747164901,2.4141248241946167,0.6569295294877435
2012,Josh Kaddu,OLB,Oregon,6-3,239.0,4.67,34.0,20.0,119.0,7.105,4.32,True,5,155,75.0,2,-0.42523431668524925,0.7234552193823325,-0.15920407986726545,-0.08396691509923414,-0.5565186417264388,0.07464200064454121,-0.05202852709570183,-0.03292024903374371
2012,Matt Kalil,OT,USC,6-7,306.0,4.96,27.0,30.0,104.0,7.33,4.65,True,1,4,79.0,1,-0.6862139848989518,1.195594082935749,-1.4462111084955134,-0.3505563700637931,1.4391977454731602,-0.022772930719356425,-1.6919377926646986,-0.6051483586064664
2012,Jermaine Kearse,WR,Washington,6-1,209.0,4.5,34.0,14.0,119.0,7.03,4.12,False,0,0,73.0,0,0.4415742847571123,0.1201623167880653,-0.08002518975706442,-0.4447809344872393,-0.06690467575609896,-0.428189942771717,0.32870371639500046,-0.9508177793227671
2012,Senio Kelemete,OG,Washington,6-4,307.0,5.39,25.0,21.0,101.0,7.77,4.58,True,5,151,76.0,0,-0.680953064936725,-0.12394670466714025,0.6636563650288863,-0.6592030811042527,-1.117545790573407,-0.07978510995458227,-0.23800223570200124,-1.0828529512549103
2012,Mychal Kendricks,ILB,California,5-11,239.0,4.44,39.5,24.0,127.0,7.12,4.19,True,2,46,71.0,1,-0.30320554405176053,-1.632021292781211,-2.608621832383656,2.2093218658756593,0.6272424144765801,2.1838334208100614,0.05402306345064703,-0.8761166284290901
2012,Luke Kuechly,ILB,Boston Col.,6-3,242.0,4.58,38.0,27.0,123.0,6.92,4.12,True,1,9,75.0,0,0.23602826782472663,1.2660972361038185,-1.4415624845193113,1.67191924985185,1.451538861819696,1.3648958880062887,-1.1214238116293376,-1.4049919102247033
2012,Markus Kuhn,DT,North Carolina State,6-5,299.0,4.87,34.5,28.0,112.0,7.43,4.41,True,7,239,77.0,0,-0.5414395214957325,1.4512715163669354,-1.3209085692771474,1.7992426483956112,0.13781387456410185,1.1559066984051884,-0.8578283579594719,-1.4508086861917835
2012,Ronald Leary,OG,Memphis,6-3,315.0,5.23,29.0,30.0,104.0,7.87,4.91,False,0,0,75.0,0,0.022368970047577368,-0.9618264282169726,-0.21257742942331376,0.6650800773696698,0.8822037946761832,0.364731931220952,0.11359197613050002,0.6078163962111147
2012,Josh LeRibeus,OG,SMU,6-3,312.0,5.31,26.0,29.0,96.0,7.64,4.65,True,3,71,75.0,0,-0.24137679307153603,-0.9618264282169726,0.2255394678027838,-0.3281322914857721,0.6600093963151176,-0.8206468452471394,-0.69507471108425,-0.7242261199742369
2012,Ronnell Lewis,OLB,Oklahoma,6-2,253.0,4.65,31.0,36.0,112.0,7.09,4.4,True,4,125,74.0,0,0.9918255950045833,0.031800229423403006,-0.3323385167229098,-1.016535631733282,3.0976037605528184,-1.0207068762837768,-0.12503629898805713,0.5863363273849223
2012,Travis Lewis,OLB,Oklahoma,6-1,246.0,4.83,36.0,22.0,122.0,7.105,4.32,True,7,223,73.0,2,0.28329563915966705,-0.6598547605355265,1.2258714149779202,0.5377455626567977,-0.09975334144153167,0.5440772336138203,-0.05202852709570183,-0.03292024903374371
2012,Ryan Lindley,QB,San Diego State,6-4,229.0,4.86,29.5,16.0,108.0,7.52,4.45,True,6,185,76.0,1,0.668304557792382,0.6753861030427393,0.33348246625022837,-0.6741207062572604,-0.061313606531362225,-0.7124878710958951,2.19056768739436,0.7886978516229158
2012,Brandon Lindsey,OLB,Pittsburgh,6-2,254.0,4.85,33.0,23.0,117.0,7.36,4.28,False,0,0,74.0,0,1.0930441601252856,0.031800229423403006,1.3990058518335644,-0.3948231539772501,0.12862930870092187,-0.2383148213349782,1.1891035950742908,-0.3425485372430767
2012,Shawn Loiseau,ILB,Merrimack,6-0,244.0,4.74,32.5,19.0,109.0,7.12,4.29,False,0,0,72.0,2,0.5955174757423848,-0.9074916605599537,-0.1077803726743416,-0.2985570089021171,-0.7465849977619465,-1.5013854768069155,0.05402306345064703,-0.12058051157822004
2012,Andrew Luck,QB,Stanford,6-4,234.0,4.59,36.0,16.0,124.0,6.8,4.28,True,1,1,76.0,1,1.1422224533422676,0.6753861030427393,-1.3494242984908897,1.58374209592317,-0.061313606531362225,1.748201947127975,-1.507974258571953,-0.35721805158005376
2012,D'Anton Lynn,CB,Penn State,6-0,206.0,4.71,31.5,17.0,111.0,6.92,4.16,False,0,0,72.0,2,1.4538961797597791,0.36731036733780453,2.382228927777782,-1.5757548319594703,0.7198185869459847,-2.0670901706353075,0.03552960103862786,-0.06869851288760483
2012,Terrell Manning,OLB,North Carolina State,6-2,237.0,4.71,32.5,22.0,114.0,7.18,4.43,True,5,163,74.0,0,-0.6276714469266539,0.031800229423403006,0.18706479384403094,-0.5502512734162581,-0.09975334144153167,-0.7077500543042573,0.3130103323660574,0.8185575435419168
2012,Brandon Marshall,OLB,Nevada,6-1,242.0,4.72,30.5,28.0,108.0,7.05,4.09,True,5,142,73.0,0,-0.12157862132314229,-0.6598547605355265,0.27363201227185313,-1.17196375117229,1.2705425594131896,-1.6466205202428155,-0.31972369070099743,-1.81328290623741
2012,Doug Martin,RB,Boise State,5-9,223.0,4.46,36.0,28.0,120.0,6.79,4.16,True,1,31,69.0,0,0.75761404911964,-0.6428916879348747,-1.001286503669744,0.4410430497970774,2.027341790209638,0.2039035073223605,-1.6588337128708655,-0.9747010607580805
2012,Keshawn Martin,WR,Michigan State,5-11,188.0,4.42,39.5,13.0,122.0,6.85,4.13,True,4,121,71.0,0,-0.9713327831861341,-0.7576191462736855,-0.918966110365521,1.3447673566137652,-0.33400473788316093,0.09395170015038568,-0.5935370375340687,-0.880412149365727
2012,Mike Martin,DT,Michigan,6-1,306.0,4.8,33.5,36.0,113.0,7.19,4.25,True,3,82,73.0,0,-0.09969072270783035,-1.362903695698221,-1.713362232775733,1.4695009678131485,1.7679551336937653,1.318456077868418,-1.767280189445309,-2.401838546393108
2012,Jonathan Massaquoi,OLB,Troy,6-2,264.0,4.81,33.5,20.0,120.0,7.38,4.53,True,5,164,74.0,0,2.105229811332309,0.031800229423403006,1.0527369781222682,-0.23939503453824212,-0.5565186417264388,0.23112041163430092,1.2864472909307587,1.5926282640652527
2012,Bobby Massie,OT,Mississippi,6-6,316.0,5.18,27.5,22.0,103.0,7.7,4.95,True,4,112,78.0,0,0.241659492278114,0.3164807866594626,-0.213857005026276,-0.18958660829980642,-0.4783122040839738,-0.17347614871510225,-0.39014646882610166,0.9616914651732257
2012,Rishard Matthews,WR,Nevada,6-0,217.0,4.54,36.0,20.0,121.0,6.88,4.19,True,7,227,72.0,1,0.9798245963545396,-0.3187284147428101,0.33944527054716384,0.2059638986403987,1.5356956970062727,-0.08009551415698189,-0.4398302452125564,-0.4579783696234736
2012,Matt McCants,OT,Ala-Birmingham,6-6,308.0,5.4,25.5,17.0,97.0,7.81,4.75,True,6,201,78.0,2,-0.5006392894635386,0.3164807866594626,1.0184970984429662,-0.8334656553557531,-1.6767559225571826,-1.0776954566895773,-0.0031274266038181873,-0.08286841734657058
2012,Antoine McClain,OG,Clemson,6-5,329.0,5.48,27.0,19.0,91.0,8.13,4.82,False,0,0,77.0,0,1.2531825312701066,0.7139330188826921,1.156537874408255,0.0029384981327085333,-1.5619345872955381,-1.5615085805396964,1.0277369268950007,0.14672475599310875
2012,Shea McClellin,OLB,Boise State,6-3,260.0,4.62,31.5,19.0,118.0,7.07,4.33,True,1,19,75.0,0,1.7003555508494996,0.7234552193823325,-0.592040172006384,-0.8611075122942741,-0.7849012918688923,-0.08183641034521849,-0.22237999484452511,0.044486823018587814
2012,Kelcie McCray,S,Arkansas State,6-2,202.0,4.48,30.5,12.0,122.0,7.0,4.29,False,0,0,74.0,0,-0.4935055803203139,1.1545274920511621,-0.7623156014496189,-1.6847197062226982,-1.245150569874943,0.09238451185361173,0.19144265021136336,0.6367909991999554
2012,Jerron McMillian,S,Maine,5-11,203.0,4.47,36.5,17.0,120.0,6.69,4.22,True,4,133,71.0,0,-0.3807338649012068,-0.7765747580804434,-0.8600138972262377,0.4179648126125028,0.04497692172552077,-0.24609991813104948,-1.607958504348271,0.02254127430796378
2012,Marvin McNutt,WR,Iowa,6-3,216.0,4.48,37.0,14.0,122.0,7.15,4.07,True,6,194,75.0,1,0.9125433074048611,0.9979437798498162,-0.2897604199091739,0.5313363152042178,-0.06690467575609896,0.09395170015038568,0.943530885681045,-1.3028459291079741
2012,Caleb McSurdy,ILB,Montana,6-1,245.0,4.82,30.0,26.0,110.0,7.26,4.28,True,7,222,73.0,0,0.7752620797012137,-0.18296202833869626,0.5591106832481433,-1.1942280356084658,1.1767733793719908,-1.2966510936059723,0.8768358760066336,-0.1961341232633057
2012,Vaughn Meatoga,DT,Hawaii,6-1,294.0,4.93,30.0,27.0,108.0,7.1,4.21,False,0,0,73.0,0,-0.8569743777728054,-1.362903695698221,-0.984519714849792,0.31540508577452914,-0.06595378282710605,0.5057091805522702,-2.108324626252502,-2.6395960114434387
2012,Davin Meggett,RB,Maryland,5-8,211.0,4.5,35.0,23.0,118.0,7.14,4.32,False,0,0,68.0,0,-0.15032024784119846,-1.1822063817024666,-0.621282075007145,0.1223947219532567,0.8972989318794227,-0.16154966307142618,0.47579890766054206,0.22768738080001608
2012,Whitney Mercilus,DE,Illinois,6-4,261.0,4.68,32.0,27.0,118.0,7.17,4.53,True,1,26,76.0,0,-0.48099287707795263,0.08526216685136973,-0.9542882316623871,-0.27439341112900656,0.7527668178069068,0.412869299350174,-0.36727125654285625,0.5762419548763908
2012,Ryan Miller,OG,Colorado,6-7,321.0,5.16,28.0,32.0,100.0,7.72,4.78,True,5,160,79.0,0,0.5498604962858041,2.389692465982357,-0.5959297144961546,0.33400928775118915,1.3265925913983143,-0.22795745701309367,-0.41379934161825027,-0.05820486188156109
2012,Charles Mitchell,S,Mississippi State,5-11,202.0,4.56,37.0,19.0,127.0,6.93,4.22,True,6,192,71.0,0,-0.4935055803203139,-0.7765747580804434,0.01927076476327049,0.5931885225154362,0.5610279183657063,0.9385955868152648,-0.21487373952791106,0.02254127430796378
2012,Rennie Moore,DT,Clemson,6-3,268.0,5.0,30.5,21.0,109.0,7.65,4.53,False,0,0,75.0,1,-2.4977556304135846,0.04418391033435714,-0.5920660513512064,0.4802759260657605,-1.2885597271743536,0.6682585600154998,-0.02416417909744982,-0.7375362910407903
2012,Kashif Moore,WR,Connecticut,5-9,180.0,4.36,43.5,19.0,126.0,6.82,4.05,False,0,0,69.0,0,-1.5095830947835613,-1.6354006093354365,-1.5481718008218588,2.646257022869041,1.2685956348792107,0.7901405573798559,-0.7472438298555765,-1.4436571890220606
2012,Kellen Moore,QB,Boise State,6-0,197.0,4.82,27.0,16.0,99.0,7.41,4.56,False,0,0,72.0,1,-2.3647699737268857,-1.6571668772219534,0.08416294554784069,-1.5425294763266568,-0.061313606531362225,-2.096625893846822,1.6255126678717313,1.5301728478130692
2012,Alfred Morris,RB,Florida Atlantic,5-10,219.0,4.63,35.5,16.0,117.0,7.01,4.19,True,6,173,70.0,0,0.4549692834660272,-0.10357699416728292,0.6137323181462994,0.281718885875167,-0.6847610697828785,-0.34427624826831954,-0.31706463710826666,-0.7492532279659357
2012,Brandon Mosley,OT,Auburn,6-6,314.0,5.14,27.0,30.0,103.0,7.43,4.78,True,4,131,78.0,0,0.05608479684270086,0.3164807866594626,-0.4379213874752287,-0.3505563700637931,1.4391977454731602,-0.17347614871510225,-1.3401022997353493,0.07381556503140002
2012,Derek Moye,WR,Penn State,6-4,209.0,4.46,33.5,10.0,115.0,6.96,4.23,False,0,0,76.0,1,0.4415742847571123,1.4368345113806915,-0.4994956500612927,-0.6074671427691488,-1.1353049242643467,-1.1243788000011872,-0.029945465688526695,-0.1763558497953068
2012,Tyler Nielsen,OLB,Iowa,6-3,238.0,4.63,34.0,21.0,118.0,7.27,4.31,False,0,0,75.0,2,-0.5264528818059516,0.7234552193823325,-0.5054729535785618,-0.08396691509923414,-0.3281359915839852,-0.08183641034521849,0.7510569637201719,-0.1103273210860821
2012,Lucas Nix,OG,Pittsburgh,6-5,317.0,5.36,29.5,26.0,102.0,7.81,4.9,False,0,0,77.0,1,0.19819947879365296,0.7139330188826921,0.49936252856910146,0.8306154721789101,-0.006573798768079143,0.06838723710392916,-0.09736455096900136,0.5565839917424484
2012,Josh Norman,CB,Coastal Carolina,6-0,197.0,4.61,33.0,14.0,124.0,7.09,4.23,True,5,143,72.0,0,0.41544767569092456,0.36731036733780453,1.2682369831334994,-1.027054488687869,-0.08050602617159051,0.23002520866958379,1.0217764008837933,0.495678853404336
2012,Kelechi Osemele,OT,Iowa State,6-5,333.0,5.22,26.5,32.0,104.0,7.91,4.87,True,2,60,77.0,0,1.8190444034791258,-0.5626325096168238,0.010207377422676696,-0.5115261318277797,1.9185752328624437,-0.022772930719356425,0.34870806632553414,0.5438675121653072
2012,Chris Owusu,WR,Stanford,6-0,196.0,4.36,40.5,19.0,129.0,6.85,4.11,False,0,0,72.0,0,-0.43308247158870694,-0.3187284147428101,-1.5481718008218588,1.6701397731775842,1.2685956348792107,1.3122822003019585,-0.5935370375340687,-1.0212234092798074
2012,Eric Page,WR,Toledo,5-9,186.0,4.5,30.0,15.0,112.0,6.95,3.98,False,0,0,69.0,0,-1.105895361085491,-1.6354006093354365,-0.08002518975706442,-1.7462706007425153,0.20019538637096299,-1.64652044292329,-0.08118106312902927,-1.936496598721351
2012,David Paulson,TE,Oregon,6-3,246.0,4.79,32.0,21.0,110.0,7.18,4.4,True,7,240,75.0,0,-0.5733068391820642,-0.8267770300636582,0.34836188828871184,-0.45815248111082363,0.3463589448719126,-1.2106931640798504,0.11636264999811365,0.0988144867982589
2012,Isaiah Pead,RB,Cincinnati,5-10,197.0,4.39,33.0,19.0,116.0,6.95,4.32,True,2,50,70.0,1,-1.2095769276288435,-0.10357699416728292,-1.6662942538292942,-0.5149019337343848,-0.006735354784749435,-0.5270028334652128,-0.6830016577707917,0.22768738080001608
2012,Micah Pellerin,CB,Kansas State,6-0,194.0,4.52,33.0,14.0,116.0,6.92,4.16,False,0,0,72.0,2,0.06929817433463971,0.36731036733780453,0.26564423295363276,-1.027054488687869,-0.08050602617159051,-1.1835842555180416,0.03552960103862786,-0.06869851288760483
2012,Nick Perry,DE,USC,6-3,271.0,4.55,38.5,35.0,124.0,7.25,4.66,True,1,28,75.0,0,0.2131157707720275,-0.5934246812855645,-1.852830053431483,1.8573055516059547,2.508671248500819,1.3948731707129367,-0.0038804296837991353,1.3935324906577615
2012,DeAngelo Peterson,TE,LSU,6-3,243.0,4.69,36.0,18.0,121.0,7.19,4.38,False,0,0,75.0,1,-0.9196797211878951,-0.8267770300636582,-0.3350086704738058,0.8433745672693095,-0.5145904323811267,0.6840465873909862,0.1671072642830086,-0.04269761775232858
2012,Bernard Pierce,RB,Temple,6-0,218.0,4.45,36.5,17.0,123.0,7.07,4.28,True,3,84,72.0,0,0.379308092052624,0.9750523933679008,-1.0962876108353916,0.6003672137189878,-0.4587524981168355,0.7520832629130405,0.04887238355426378,-0.07290972958950806
2012,Eddie Pleasant,S,Oregon,5-10,211.0,4.53,33.5,22.0,116.0,7.12,4.28,False,0,0,70.0,0,0.5214398584516496,-1.420275508124312,-0.27382412256655975,-0.6333774468050977,1.3351044133259846,-0.9230687781003719,0.8879850326215458,0.5490410385011016
2012,Dontari Poe,DT,Memphis,6-3,346.0,4.89,29.5,44.0,105.0,7.9,4.56,True,1,11,75.0,0,2.4245881275087533,0.04418391033435714,-1.2087789511346971,0.15053424548329783,3.3980963928234287,0.018061042162581573,0.9231814787002999,-0.559218192253046
2012,Chris Polk,RB,Washington,5-10,215.0,4.52,31.5,19.0,111.0,7.13,4.21,False,0,0,70.0,1,0.15232451781241438,-0.10357699416728292,-0.43127986067584984,-0.9928744255001158,-0.006735354784749435,-1.4406357594496797,0.4148094042167888,-0.598954672771177
2012,Tauren Poole,RB,Tennessee,5-10,205.0,4.48,34.0,24.0,118.0,7.36,4.19,False,0,0,70.0,0,-0.6042873963216178,-0.10357699416728292,-0.8112842893384403,-0.19625360589056404,1.1233075035454658,-0.16154966307142618,1.8175679834231464,-0.7492532279659357
2012,DeVier Posey,WR,Ohio State,6-2,211.0,4.39,36.5,14.0,123.0,7.03,4.15,True,3,68,74.0,0,0.5761368626564691,0.5590530483189408,-1.2335689555936944,0.3686501069223082,-0.06690467575609896,0.26799891445775326,0.32870371639500046,-0.7396008894516405
2012,Nate Potter,OT,Boise State,6-6,303.0,5.26,28.5,22.0,100.0,7.49,4.67,True,7,221,78.0,0,-0.9645760280520714,0.3164807866594626,0.2342717598716294,0.13235291522816692,-0.4783122040839738,-0.6255858027023398,-1.1290010039777374,-0.5006923703544891
2012,Tydreke Powell,DT,North Carolina,6-2,311.0,5.28,28.5,29.0,99.0,7.31,4.62,False,0,0,74.0,0,0.2158441335692426,-0.659359892681932,0.9777486026431308,-0.17920743509916484,0.34158153195530977,-0.9572352346167957,-1.312554273702392,-0.20258199467754684
2012,Chaz Powell,CB,Penn State,6-0,203.0,4.42,33.0,17.0,121.0,6.84,4.16,False,0,0,72.0,0,1.1077466784034942,0.36731036733780453,-0.8483477116906503,-1.027054488687869,0.7198185869459847,-0.30007834040077574,-0.42858654006498004,-0.06869851288760483
2012,DeAndre Presley,CB,Appalachian State,5-10,185.0,4.53,32.0,8.0,114.0,7.19,4.28,False,0,0,70.0,0,-0.9691503297342149,-0.8804374131664883,0.37704342741806895,-1.3928547175356032,-1.6811552524067408,-1.536986621564948,1.6019215772633058,0.898805543612862
2012,Cyhl Quarles,S,Wake Forest,6-1,213.0,4.54,32.5,19.0,119.0,7.21,4.32,False,0,0,73.0,0,0.7469832892898638,0.5108267420072936,-0.17612582678994967,-0.9838248666109645,0.5610279183657063,-0.4153421331233801,1.4103918194291816,0.9000408812965243
2012,Brian Quick,WR,Appalachian State,6-3,220.0,4.5,34.0,15.0,119.0,7.1,4.23,True,2,33,75.0,0,1.1816684632035748,0.9979437798498162,-0.08002518975706442,-0.4447809344872393,0.20019538637096299,-0.428189942771717,0.6873528984785231,-0.1763558497953068
2012,Chris Rainey,RB,Florida,5-8,180.0,4.36,36.5,16.0,120.0,6.5,3.93,True,5,159,68.0,0,-2.495817181656698,-1.1822063817024666,-1.9512975753262372,0.6003672137189878,-0.6847610697828785,0.2039035073223605,-3.427529312739748,-2.7031344454978425
2012,Kheeston Randall,DT,Texas,6-5,293.0,5.0,34.0,28.0,111.0,7.49,4.84,True,7,215,77.0,0,-0.92008134902822,1.4512715163669354,-0.5920660513512064,1.6343718081043799,0.13781387456410185,0.9933573189419589,-0.6304654000880101,1.1050840630992713
2012,Rueben Randle,WR,LSU,6-3,210.0,4.55,31.0,15.0,121.0,6.99,4.36,True,2,63,75.0,0,0.5088555737067907,0.9979437798498162,0.4443128856232186,-1.4208981841786963,0.20019538637096299,-0.08009551415698189,0.12376132663298559,0.7389173396462339
2012,Antwuan Reed,CB,Pittsburgh,5-10,188.0,4.58,36.5,14.0,124.0,6.92,4.2,False,0,0,70.0,1,-0.62300082837793,-0.8804374131664883,0.9340393997402104,0.2532463122792011,-0.08050602617159051,0.23002520866958379,0.03552960103862786,0.2538028392792175
2012,Riley Reiff,OT,Iowa,6-6,313.0,5.16,26.5,23.0,98.0,7.87,4.75,True,1,23,78.0,0,-0.036702550875005714,0.3164807866594626,-0.32588919625074986,-0.5115261318277797,-0.23862346038933205,-0.9269922386938314,0.20797386915379382,-0.08286841734657058
2012,Kendall Reyes,DT,Connecticut,6-4,299.0,4.82,34.5,36.0,113.0,7.43,4.53,True,2,49,76.0,0,-0.5414395214957325,0.7477277133506463,-1.6012326146332778,1.7992426483956112,1.7679551336937653,1.318456077868418,-0.8578283579594719,-0.7375362910407903
2012,Sean Richardson,S,Vanderbilt,6-2,216.0,4.43,38.5,22.0,128.0,7.01,4.44,False,0,0,74.0,0,1.085298435547185,1.1545274920511621,-1.2508070803326867,1.1188596522242364,1.3351044133259846,1.1078378018075954,0.24948784874554394,1.9530404096827922
2012,Travian Robertson,DT,South Carolina,6-4,302.0,5.12,26.0,30.0,102.0,7.65,4.645,True,7,249,76.0,2,-0.3521186077294887,0.7477277133506463,0.08071165750350953,-1.0035616365553215,0.5453491893465177,-0.46958709622710704,-0.02416417909744982,-0.05398357902109323
2012,Gerell Robinson,WR,Arizona State,6-3,227.0,4.54,35.5,14.0,113.0,6.96,4.15,False,0,0,75.0,2,1.6526374858513235,0.9979437798498162,0.33944527054716384,0.043277690358489204,-0.06690467575609896,-1.4724732286159223,-0.029945465688526695,-0.7396008894516405
2012,Trenton Robinson,S,Michigan State,5-10,195.0,4.46,35.0,15.0,125.0,6.975,4.15,False,0,0,70.0,1,-1.2829075882540633,-1.420275508124312,-0.9577121930028477,-0.10770631709629744,-0.47107407491466474,0.6001111568306036,0.04632965387590674,-0.59170845058402
2012,Josh Robinson,CB,Central Florida,5-10,199.0,4.29,38.5,17.0,133.0,6.55,3.97,True,3,66,70.0,0,0.6462140099284478,-0.8804374131664883,-2.296537239728222,0.9848467699746696,0.7198185869459847,1.8203358558806624,-2.111007551565557,-1.600579935680009
2012,Keenan Robinson,ILB,Texas,6-3,242.0,4.72,35.5,27.0,120.0,7.12,4.29,True,4,119,75.0,2,0.23602826782472663,1.2660972361038185,-0.2745031366549665,0.7762482231455013,1.451538861819696,0.7506927384034592,0.05402306345064703,-0.12058051157822004
2012,James Rodgers,WR,Oregon State,5-7,184.0,4.61,37.0,19.0,115.0,6.96,4.23,False,0,0,67.0,1,-1.2404579389848478,-2.5131820723971874,1.0735185760795656,0.5313363152042178,1.2685956348792107,-1.1243788000011872,-0.029945465688526695,-0.1763558497953068
2012,Evan Rodriguez,FB,Temple,6-1,239.0,4.53,36.0,18.0,119.0,6.94,4.28,True,4,111,73.0,0,-0.4246975969544534,0.2758947881038773,-1.908470800463563,0.9079936856407003,-0.8910906229849905,1.003812839546446,-1.569983386749767,-0.5801247267011822
2012,Brett Roy,DT,Nevada,6-3,275.0,5.0,30.5,32.0,108.0,7.31,4.62,False,0,0,75.0,0,-2.0560068316256825,0.04418391033435714,-0.5920660513512064,0.4802759260657605,0.9528845041289336,0.5057091805522702,-1.312554273702392,-0.20258199467754684
2012,Zebrie Sanders,OT,Florida State,6-6,320.0,5.33,27.0,28.0,100.0,8.15,4.99,True,5,144,78.0,0,0.6128088831489403,0.3164807866594626,0.6263844291572979,-0.3505563700637931,0.9598202580838767,-0.6255858027023398,1.193113249355976,1.1706034416771849
2012,Mohamed Sanu,WR,Rutgers,6-1,211.0,4.62,36.0,19.0,126.0,6.88,4.22,True,3,83,73.0,0,0.5761368626564691,0.1201623167880653,1.1783861911556204,0.2059638986403987,1.2685956348792107,0.7901405573798559,-0.4398302452125564,-0.24676147975235319
2012,Quentin Saulsberry,C,Mississippi State,6-2,304.0,5.28,22.0,26.0,90.0,8.19,4.99,False,0,0,74.0,0,-0.11184682610477643,-1.2526209626607767,0.2683441084740503,-2.0679202218080883,0.02233197412704413,-1.959259849063479,1.9415344817203433,1.9354894204375577
2012,Mitchell Schwartz,OT,California,6-5,318.0,5.38,26.5,23.0,89.0,7.86,4.87,True,2,37,77.0,0,0.42723418771352717,-0.5626325096168238,0.9064649072184875,-0.5115261318277797,-0.23862346038933205,-2.283321200655544,0.17279031986085952,0.5438675121653072
2012,Coty Sensabaugh,CB,Clemson,5-11,189.0,4.33,37.0,15.0,122.0,6.6,4.06,True,4,115,71.0,0,-0.5076176612591684,-0.25656352291434187,-1.850940461870507,0.4361464267030682,0.1862688448676012,-0.12337715737732258,-1.8209349633758036,-0.8749518933046642
2012,Derrick Shelby,DE,Utah,6-3,266.0,4.87,35.5,26.0,116.0,7.09,4.5,False,0,0,75.0,0,-0.13393855315296255,-0.5934246812855645,0.3589652001539877,0.8734444918821264,0.5332787639701678,0.0855346755625865,-0.7306620834019133,0.38763644661914975
2012,Amini Silatolu,OG,Midwestern State,6-4,311.0,5.33,31.5,28.0,107.0,7.95,4.87,True,2,40,76.0,0,-0.3292920474445738,-0.12394670466714025,0.33506869210931184,1.4927570514158714,0.437814997954052,0.8092489723964863,0.3948673455964998,0.4028867783364449
2012,Harrison Smith,S,Notre Dame,6-2,213.0,4.54,34.0,19.0,122.0,6.63,4.12,True,1,29,74.0,0,0.7469832892898638,1.1545274920511621,-0.17612582678994967,-0.45815373690216427,0.5610279183657063,0.09238451185361173,-1.9562296955533647,-0.854958332680589
2012,Jacquies Smith,DE,Missouri,6-3,253.0,4.75,31.5,21.0,110.0,7.25,4.31,False,0,0,75.0,0,-1.0362797953579368,-0.5934246812855645,-0.4704580199405638,-0.4383702544163113,-0.5641615052135275,-0.8964691958001761,-0.0038804296837991353,-0.8068651056767031
2012,Scott Solomon,DE,Rice,6-3,262.0,4.88,35.0,34.0,124.0,7.17,4.25,True,7,211,75.0,0,-0.4115820122929546,-0.5934246812855645,0.4280838018285321,0.7094676485948217,2.2891831946640804,1.3948731707129367,-0.36727125654285625,-1.1840761221911797
2012,Sean Spence,OLB,Miami (FL),5-11,231.0,4.66,33.5,12.0,119.0,7.46,4.28,True,3,86,71.0,0,-1.2349828376508678,-2.0431647404533853,-0.24577129829508762,-0.23939503453824212,-2.3835798428660673,0.07464200064454121,1.6758220743566394,-0.3425485372430767
2012,Ryan Steed,CB,Furman,5-10,195.0,4.64,34.0,12.0,121.0,6.94,4.22,False,0,0,70.0,0,0.18468134145340132,-0.8804374131664883,1.6024345665267783,-0.6612542598401346,-0.614055768249974,-0.30007834040077574,0.1515586363145324,0.415053515362625
2012,Donald Stephenson,OT,Oklahoma,6-5,312.0,4.94,35.5,19.0,114.0,7.52,4.78,True,3,74,77.0,0,-0.1294898985927123,-0.5626325096168238,-1.558243299719987,2.3859295799239804,-1.197378435167899,1.484259249238102,-1.0234503560989345,0.07381556503140002
2012,Tommy Streeter,WR,Miami (FL),6-5,219.0,4.37,33.0,17.0,125.0,7.08,4.25,True,6,198,77.0,1,1.1143871742538962,1.875725242911567,-1.443304185745804,-0.7701533510510583,0.7343955106250869,0.6160933430724883,0.5848817035975179,-0.03554458988122652
2012,Nathan Stupar,OLB,Penn State,6-2,241.0,4.65,31.0,21.0,116.0,6.84,4.28,True,7,230,74.0,0,-0.2227971864438446,0.031800229423403006,-0.3323385167229098,-1.016535631733282,-0.3281359915839852,-0.3947932323247379,-1.3418324971939328,-0.3425485372430767
2012,J.R. Sweezy,DT,North Carolina State,6-5,298.0,4.97,36.0,21.0,113.0,7.4,4.41,True,7,225,77.0,0,-0.604546492751147,1.4512715163669354,-0.7602604785648867,2.293855169269305,-1.2885597271743536,1.318456077868418,-0.9715098368951994,-1.4508086861917835
2012,Alameda Ta'amu,DT,Washington,6-2,348.0,5.3,26.0,35.0,103.0,7.65,4.645,True,4,109,74.0,2,2.5508020700195826,-0.659359892681932,1.0898782207855808,-1.0035616365553215,1.5641874763025574,-0.30703771676387753,-0.02416417909744982,-0.05398357902109323
2012,Brandon Taylor,S,LSU,5-11,209.0,4.52,33.5,17.0,118.0,7.32,4.37,True,3,73,71.0,1,0.29589642761343554,-0.7765747580804434,-0.3715224183431785,-0.6333774468050977,0.04497692172552077,-0.5845843481157107,2.048889003305183,1.3387906847908007
2012,Darron Thomas,QB,Oregon,6-3,220.0,4.77,36.0,14.0,121.0,7.17,4.28,False,0,0,75.0,0,-0.1847476541974121,0.09224785797656607,-0.22748645533014805,1.58374209592317,-3.6788163918815533,1.2868226062109995,0.39266535254962553,-0.35721805158005376
2012,Johnny Thomas,S,Oklahoma State,5-10,206.0,4.57,35.5,20.0,123.0,7.01,4.25,False,0,0,70.0,0,-0.04241871864388563,-1.420275508124312,0.11696906053988926,0.06751739280663596,0.819053416685799,0.26162672684594235,0.24948784874554394,0.28579115640453273
2012,Phillip Thomas,S,Syracuse,5-11,198.0,4.68,33.0,14.0,122.0,6.975,4.21,True,4,119,71.0,2,-0.9445924419967422,-0.7765747580804434,1.1916503140826176,-0.8086011567080311,-0.7290995732347575,0.09238451185361173,0.04632965387590674,-0.06520868639088993
2012,Brandon Thompson,DT,Clemson,6-2,314.0,5.2,31.0,35.0,100.0,7.97,4.71,True,3,93,74.0,0,0.40516504733548636,-0.659359892681932,0.5292301300733201,0.6451467663569919,1.5641874763025574,-0.7946858551535662,1.1884382628836674,0.3323723016856967
2012,Christian Thompson,S,South Carolina State,6-0,211.0,4.42,31.5,18.0,122.0,7.33,4.13,True,4,130,72.0,0,0.5214398584516496,-0.13287400803657493,-1.3485053761092967,-1.3342722864168313,0.3030024200456135,0.09238451185361173,2.1069342018393638,-0.7672083719817352
2012,Andrew Tiller,OG,Syracuse,6-4,324.0,5.44,23.0,16.0,85.0,7.92,4.8,True,6,179,76.0,0,0.8136062594049175,-0.12394670466714025,0.9374794257952038,-1.321344660341214,-2.2285177823787348,-2.450542662890765,0.28938908204674907,0.04425994705577155
2012,Danny Trevathan,OLB,Kentucky,6-0,237.0,4.84,31.5,18.0,111.0,7.105,4.32,True,6,188,72.0,2,-0.6276714469266539,-1.351509750494456,1.3124386334057423,-0.8611075122942741,-1.013283942011346,-1.1771852872735364,-0.05202852709570183,-0.03292024903374371
2012,Johnnie Troutman,OG,Penn State,6-4,325.0,5.52,27.5,31.0,102.0,7.96,5.0,True,5,149,76.0,1,0.9015215137779553,-0.12394670466714025,1.3755963230213013,0.16847389294194884,1.1043981930372486,0.06838723710392916,0.43002676677974894,1.0689080364291208
2012,Christian Tupou,DT,USC,6-2,289.0,5.38,24.0,30.0,92.0,8.07,4.87,False,0,0,74.0,0,-1.1725092340498784,-0.659359892681932,1.5383966933553914,-1.6630449977202468,0.5453491893465177,-2.0950808908594025,1.5673765260027692,1.2834021618870208
2012,Robert Turbin,RB,Utah State,5-10,222.0,4.42,36.0,28.0,122.0,7.16,4.31,True,4,106,70.0,0,0.6819528577062368,-0.10357699416728292,-1.381290932332343,0.4410430497970774,2.027341790209638,0.5693566777161472,0.597777914548054,0.15253810320263003
2012,Marc Tyler,RB,USC,5-11,219.0,4.7,30.5,19.0,110.0,7.07,4.28,False,0,0,71.0,2,0.4549692834660272,0.43573769960030895,1.2787400683058496,-1.3115227533439366,-0.006735354784749435,-1.623362344646573,0.04887238355426378,-0.07290972958950806
2012,Olivier Vernon,DE,Miami (FL),6-2,261.0,4.73,34.5,31.0,122.0,7.39,4.5,True,3,72,74.0,0,-0.48099287707795263,-1.2721115294224987,-0.6086952232896526,0.5454908053075169,1.630719033153863,1.067538546925349,0.6320535173195487,0.38763644661914975
2012,Trevin Wade,CB,Arizona,5-10,192.0,4.52,34.5,18.0,116.0,6.87,4.0,True,7,245,70.0,0,-0.16146815990288352,-0.8804374131664883,0.26564423295363276,-0.47835414541626753,0.9865934579851764,-1.1835842555180416,-0.2545429871511258,-1.358703921554894
2012,Dustin Waldron,OT,Portland State,6-5,305.0,5.23,26.0,29.0,103.0,7.93,4.75,False,0,0,77.0,0,-0.7790013326166583,-0.5626325096168238,0.0662234730349186,-0.6724958935917664,1.1995090017785184,-0.17347614871510225,0.4190751649114027,-0.08286841734657058
2012,Brandon Washington,OG,Miami (FL),6-3,320.0,5.14,25.0,28.0,101.0,8.22,4.87,True,6,200,75.0,0,0.46194524191276637,-0.9618264282169726,-0.7054589388026826,-0.6592030811042527,0.437814997954052,-0.07978510995458227,1.3441717175442498,0.4028867783364449
2012,Rokevious Watkins,OG,South Carolina,6-4,338.0,5.29,27.0,26.0,102.0,7.87,4.9,True,5,150,76.0,1,2.044419820627447,-0.12394670466714025,0.11601024349626063,0.0029384981327085333,-0.006573798768079143,0.06838723710392916,0.11359197613050002,0.5565839917424484
2012,Corey White,S,Samford,5-11,206.0,4.53,37.5,15.0,126.0,6.72,4.22,True,5,162,71.0,0,-0.04241871864388563,-0.7765747580804434,-0.27382412256655975,0.7684122324183696,-0.47107407491466474,0.7693533718229342,-1.433822908745729,0.02254127430796378
2012,Jordan White,WR,West. Michigan,6-0,208.0,4.63,35.0,14.0,119.0,6.84,4.13,True,7,244,72.0,0,0.3742929958074339,-0.3187284147428101,1.2832538062316752,-0.11940851792342029,-0.06690467575609896,-0.428189942771717,-0.6447726349745713,-0.880412149365727
2012,Tahir Whitehead,OLB,Temple,6-1,233.0,4.62,37.0,21.0,124.0,7.14,4.37,True,5,138,73.0,0,-1.0325457074094633,-0.6598547605355265,-0.592040172006384,0.8486018015348137,-0.3281359915839852,0.8570340555933398,0.11832294065311713,0.3541151112279208
2012,Kyle Wilber,OLB,Wake Forest,6-4,249.0,4.73,33.5,25.0,117.0,7.11,4.31,True,4,113,76.0,0,0.586951334521774,1.415110209341262,0.36019923069968296,-0.23939503453824212,0.585394608985829,-0.2383148213349782,-0.027692603131584836,-0.1103273210860821
2012,David Wilson,RB,Virginia Tech,5-10,206.0,4.38,41.0,19.0,132.0,7.09,4.12,True,1,32,70.0,1,-0.5286262049082145,-0.10357699416728292,-1.7612953609949418,2.034284689016181,-0.006735354784749435,2.3966225296850805,0.1708513904417703,-1.2752981711476046
2012,Russell Wilson,QB,Wisconsin,5-11,204.0,4.53,34.0,16.0,118.0,6.97,4.09,True,3,75,71.0,1,-1.701284919957046,-2.2403051222881265,-1.7234035795444687,0.889015079867653,-0.061313606531362225,0.8254432652940238,-0.634707410218796,-1.6379475904539642
2012,Billy Winn,DE,Boise State,6-4,294.0,4.86,27.0,24.0,107.0,7.37,4.44,True,6,205,76.0,0,1.8095656608269817,0.08526216685136973,0.2898465984794433,-1.9141618440020536,0.09430265629668967,-1.3874711314815573,0.5412058106047866,0.010425430104673134
2012,Patrick Witt,QB,Yale,6-3,225.0,5.06,31.5,16.0,101.0,7.14,4.37,False,0,0,75.0,1,0.2891702413524735,0.09224785797656607,1.5800800697621613,0.020606309798256655,-0.061313606531362225,-1.7890396665688382,0.23855943813436117,0.24944330893916475
2012,Derek Wolfe,DT,Cincinnati,6-5,295.0,4.93,33.5,33.0,108.0,7.26,4.44,True,2,36,77.0,0,-0.7938674065173909,1.4512715163669354,-0.984519714849792,1.4695009678131485,1.1566521615201415,0.5057091805522702,-1.5020234052619414,-1.272490587404034
2012,Jerel Worthy,DT,Michigan State,6-2,308.0,5.0,28.5,27.0,107.0,7.6,4.56,True,2,51,74.0,1,0.026523219802998828,-0.659359892681932,-0.5920660513512064,-0.17920743509916484,-0.06595378282710605,0.34315980108904065,-0.21363331065700245,-0.559218192253046
2012,Jarius Wright,WR,Arkansas,5-10,182.0,4.39,38.0,11.0,120.0,6.93,4.03,True,4,118,70.0,0,-1.3750205168842045,-1.196509877804561,-1.2335689555936944,0.8567087317680367,-0.8682048621372848,-0.25414272846434943,-0.18365225801003898,-1.584468448936141
2012,Kendall Wright,WR,Baylor,5-10,196.0,4.49,38.5,14.0,121.0,6.93,4.18,True,1,20,70.0,1,-0.43308247158870694,-1.196509877804561,-0.18489280483311918,1.0193949400499462,-0.06690467575609896,-0.08009551415698189,-0.18365225801003898,-0.5283839995805201
2012,Devon Wylie,WR,Fresno State,5-9,187.0,4.36,39.0,17.0,123.0,6.96,4.25,True,4,107,69.0,2,-1.0386140721358126,-1.6354006093354365,-1.5481718008218588,1.1820811483318556,0.7343955106250869,0.26799891445775326,-0.029945465688526695,-0.03554458988122652
2012,Kevin Zeitler,OG,Wisconsin,6-4,314.0,5.32,29.0,32.0,101.0,7.77,4.61,True,1,27,76.0,0,-0.06554628432546043,-0.12394670466714025,0.2803040799560502,0.6650800773696698,1.3265925913983143,-0.07978510995458227,-0.23800223570200124,-0.9291557378489067
2013,Oday Aboushi,OT,Virginia,6-5,308.0,5.41,23.5,17.0,100.0,7.92,4.84,True,5,141,77.0,0,-0.5006392894635386,-0.5626325096168238,1.0745131940552033,-1.4773447024116997,-1.6767559225571826,-0.6255858027023398,0.3838916156184684,0.3871835297873366
2013,Robert Alford,CB,SE Louisiana,5-10,188.0,4.39,40.0,17.0,132.0,6.89,4.23,True,2,60,70.0,0,-0.62300082837793,-0.8804374131664883,-1.182545295083939,1.533547113246271,0.7198185869459847,1.643634672857209,-0.1385139518752264,0.495678853404336
2013,David Amerson,CB,North Carolina State,6-1,205.0,4.44,35.5,15.0,127.0,6.92,4.16,True,2,51,73.0,2,1.3385130126410174,0.991184257589951,-0.6255493227617877,-0.11255391656853322,0.1862688448676012,0.7601287577399434,0.03552960103862786,-0.06869851288760483
2013,C.J. Anderson,RB,California,5-8,224.0,4.6,32.0,17.0,119.0,7.15,4.12,False,0,0,68.0,0,0.8332752405330432,-1.1822063817024666,0.328728996649348,-0.8335502615782054,-0.4587524981168355,0.02117692212546717,0.5367884111043008,-1.2752981711476046
2013,Ziggy Ansah,DE,BYU,6-5,271.0,4.56,34.5,21.0,118.0,7.11,4.26,True,1,5,77.0,0,0.2131157707720275,0.7639490149883039,-1.7837114517569386,0.5454908053075169,-0.5641615052135275,0.412869299350174,-0.639814376687147,-1.121207619438768
2013,Marc Anthony,CB,California,5-11,196.0,4.63,35.0,12.0,118.0,6.74,4.07,True,7,247,71.0,0,0.30006450857216294,-0.25656352291434187,1.491035372062352,-0.29545403099240036,-0.614055768249974,-0.8301818894711352,-1.0087317164444873,-0.7943265552629531
2013,Terron Armstead,OT,Ark-Pine Bluff,6-5,306.0,4.71,34.5,31.0,112.0,7.62,4.72,True,3,75,77.0,0,-0.6862139848989518,-0.5626325096168238,-2.8466134988014664,2.063990056396007,1.678886489167802,1.1828528132466103,-0.6716148631695823,-0.23955239972454118
2013,Tavon Austin,WR,West Virginia,5-8,174.0,4.34,32.0,14.0,120.0,6.96,4.01,True,1,8,68.0,1,-1.9132708284816318,-2.0742913408663117,-1.7579070309739775,-1.0955257676148773,-0.06690467575609896,-0.25414272846434943,-0.029945465688526695,-1.7252797088502274
2013,Jeff Baca,OG,UCLA,6-3,302.0,5.03,26.5,26.0,100.0,7.26,4.44,True,6,196,75.0,1,-1.120529336801914,-0.9618264282169726,-1.3078696724885697,-0.1625968966765318,-0.006573798768079143,-0.22795745701309367,-2.0311327160477473,-1.8001066138162525
2013,Stedman Bailey,WR,West Virginia,5-10,193.0,4.52,34.5,11.0,117.0,6.81,4.09,True,3,92,70.0,0,-0.6349263384377422,-1.196509877804561,0.12971004039504505,-0.2820947262053298,-0.8682048621372848,-0.7762843713864521,-0.7984794272960836,-1.1620346691938939
2013,David Bakhtiari,OT,Colorado,6-4,299.0,5.18,25.5,28.0,101.0,7.7,4.74,True,4,109,76.0,0,-1.3357254189228978,-1.44174580589311,-0.213857005026276,-0.8334656553557531,0.9598202580838767,-0.47488258470659395,-0.39014646882610166,-0.13509641147255924
2013,Montee Ball,RB,Wisconsin,5-10,214.0,4.66,32.0,15.0,118.0,6.88,4.4,True,2,58,70.0,0,0.07666332639901118,-0.10357699416728292,0.8987356396432507,-0.8335502615782054,-0.9107696414489216,-0.16154966307142618,-1.1099281818770754,0.8288816015790644
2013,Johnthan Banks,CB,Mississippi State,6-2,185.0,4.61,34.0,10.0,125.0,6.97,4.27,True,2,43,74.0,0,-0.9691503297342149,1.6150581478420973,1.2682369831334994,-0.6612542598401346,-1.1476055103283573,0.406726391693037,0.32560218922838147,0.8181802055711511
2013,Chris Barker,OG,Nevada,6-3,305.0,5.25,27.5,29.0,99.0,8.09,4.77,False,0,0,75.0,0,-0.8567835736828006,-0.9618264282169726,-0.10304820511679058,0.16847389294194884,0.6600093963151176,-0.3761298040716051,0.8870992421619978,-0.10943726635023196
2013,Kenjon Barner,RB,Oregon,5-9,196.0,4.52,35.5,20.0,122.0,6.87,4.2,True,6,182,69.0,0,-1.2852381190422466,-0.6428916879348747,-0.43127986067584984,0.281718885875167,0.2192732168812936,0.5693566777161472,-1.1709176853208285,-0.6741039503685563
2013,T.J. Barnes,DT,Georgia Tech,6-6,369.0,5.3,22.0,25.0,97.0,8.26,4.96,False,0,0,78.0,0,3.876048466383289,2.1548153193832245,1.0898782207855808,-2.3225283588851724,-0.4734890976095219,-1.2823339935432547,2.287359225929057,1.8183564582502645
2013,Sam Barrington,ILB,South Florida,6-1,246.0,4.91,32.5,22.0,117.0,7.12,4.29,True,7,232,73.0,2,0.9550066836600428,-0.18296202833869626,1.309363121160937,-0.2985570089021171,0.07771144958116945,0.13648958880062972,0.05402306345064703,-0.12058051157822004
2013,David Bass,DE,Missouri Western State,6-4,262.0,4.84,30.5,20.0,111.0,7.07,4.33,True,7,233,76.0,0,-0.4115820122929546,0.08526216685136973,0.1516093951303483,-0.7663239409909207,-0.7836495590502666,-0.7328018839063823,-0.8215097901166756,-0.6811281001718739
2013,Steve Beauharnais,ILB,Rutgers,6-1,240.0,4.84,33.0,19.0,118.0,6.99,4.2,True,7,235,73.0,0,-0.12346094009293149,-0.18296202833869626,0.7258334472287609,-0.11942280356084735,-0.7465849977619465,0.3412239720015729,-0.7100174053513416,-0.8005630167440044
2013,Nick Becton,OT,Virginia Tech,6-5,323.0,5.2,29.5,19.0,109.0,7.77,4.57,False,0,0,77.0,0,0.8911709263020601,-0.5626325096168238,-0.10182481380179717,0.4542924387561402,-1.197378435167899,0.7307431592593727,-0.14386162377555847,-1.022972311614385
2013,Le'Veon Bell,RB,Michigan State,6-1,230.0,4.6,31.5,24.0,118.0,6.75,4.24,True,2,48,73.0,0,1.2872423890134626,1.5143670871354926,0.328728996649348,-0.9928744255001158,1.1233075035454658,-0.16154966307142618,-1.902791726645884,-0.3735068399790322
2013,Giovani Bernard,RB,North Carolina,5-8,202.0,4.53,33.5,19.0,122.0,6.91,4.12,True,2,37,68.0,0,-0.8312709705618273,-1.1822063817024666,-0.33627875351019376,-0.3555777698124744,-0.006735354784749435,0.5693566777161472,-0.9269596715458102,-1.2752981711476046
2013,Tommy Bohanon,FB,Wake Forest,6-1,246.0,4.88,35.0,36.0,119.0,7.27,4.42,True,7,215,73.0,0,0.3296160453974869,0.2758947881038773,0.5762997165513601,0.5913599901352252,2.4341987749833884,1.003812839546446,0.26111989800411317,0.42401843660704164
2013,Travis Bond,OG,North Carolina,6-6,329.0,5.27,22.5,22.0,98.0,7.85,4.96,True,7,214,78.0,0,1.2531825312701066,1.5518127424325245,0.006481019189732594,-1.4868800551504542,-0.8953513922123414,-0.5243021511301165,0.04327313376399852,0.8639784185544509
2013,Alan Bonner,WR,Jacksonville State,5-10,193.0,4.59,33.0,14.0,117.0,6.96,4.15,True,6,195,70.0,1,-0.6349263384377422,-1.196509877804561,0.8637833459274469,-0.7701533510510583,-0.06690467575609896,-0.7762843713864521,-0.029945465688526695,-0.7396008894516405
2013,Zach Boren,FB,Ohio State,5-11,238.0,5.0,32.0,25.0,109.0,7.28,4.44,False,0,0,71.0,0,-0.5324566887190163,-0.9748282513003759,1.4282210366707642,-0.35854109638119974,0.4020774762249346,-0.9244152138196096,0.3166078763299922,0.5674674599367916
2013,Jon Bostic,OLB,Florida,6-1,245.0,4.59,32.5,22.0,118.0,6.99,4.24,True,2,50,73.0,0,0.1820770740389647,-0.6598547605355265,-0.8517418272898583,-0.5502512734162581,-0.09975334144153167,-0.08183641034521849,-0.6117547782704057,-0.6521768254524096
2013,Josh Boyce,WR,TCU,5-11,206.0,4.38,34.0,22.0,131.0,6.68,4.1,True,4,102,71.0,0,0.2397304179080771,-0.7576191462736855,-1.3384365706697492,-0.4447809344872393,2.0698958212603964,1.6603766289166937,-1.4645421940226306,-1.0916290392368537
2013,Josh Boyd,DT,Mississippi State,6-3,310.0,5.14,26.5,32.0,104.0,7.16,4.64,True,5,167,75.0,0,0.152737162313828,0.04418391033435714,0.1928412756459597,-0.8386907962640902,0.9528845041289336,-0.14448833730064797,-1.88096166838104,-0.08370326215238395
2013,Tyler Bray,QB,Tennessee,6-6,232.0,5.05,31.0,16.0,100.0,7.2,4.51,False,0,0,78.0,2,0.9526552951223133,1.8416625931750856,1.5177501895865657,-0.1530754442156226,-0.061313606531362225,-1.9428327802078302,0.5467712669648899,1.1931387586357263
2013,Dylan Breeding,P,Arkansas,6-1,213.0,4.74,29.0,11.0,110.0,7.155,4.41,False,0,0,73.0,2,-0.23796364193305755,-0.31572301267669906,-0.5472750063868539,-1.2185435916898844,-2.0162201824272747,-0.7443314476960555,0.0,-0.026775897118032296
2013,Braden Brown,OT,BYU,6-5,310.0,5.2,28.0,26.0,100.0,7.43,4.7,False,0,0,77.0,0,-0.3150645940281254,-0.5626325096168238,-0.10182481380179717,-0.02861684653581975,0.4804427706945932,-0.6255858027023398,-1.3401022997353493,-0.3440083879765185
2013,Armonty Bryant,DE,East Central (OK),6-4,263.0,4.86,31.5,23.5,118.0,7.32,5.0,True,7,217,76.0,1,-0.3421711475079566,0.08526216685136973,0.2898465984794433,-0.4383702544163113,-0.01544137062167986,0.412869299350174,0.3140865438178768,3.5310615842398088
2013,Michael Buchanan,DE,Illinois,6-5,255.0,4.78,33.0,22.0,113.0,6.91,4.44,True,7,226,77.0,0,-0.8974580657879406,0.7639490149883039,-0.2631022149169244,0.05356027544560284,-0.34467345137678845,-0.4054672601187948,-1.54829144383479,0.010425430104673134
2013,Rex Burkhead,RB,Nebraska,5-10,214.0,4.73,39.0,21.0,125.0,6.85,4.09,True,6,190,70.0,0,0.07666332639901118,-0.10357699416728292,1.5637433898028008,1.3969880333285396,0.44528178854733663,1.1175364333068272,-1.2928966922083405,-1.5007460039397493
2013,Adrian Bushell,CB,Louisville,5-9,186.0,4.58,33.0,17.0,116.0,6.92,4.25,False,0,0,69.0,0,-0.8537671626154533,-1.5043113034186348,0.9340393997402104,-1.027054488687869,0.7198185869459847,-1.1835842555180416,0.03552960103862786,0.6569295294877435
2013,Colby Cameron,QB,Louisiana Tech,6-2,212.0,4.78,30.5,16.0,112.0,6.98,4.28,False,0,0,74.0,1,-0.9430162870772291,-0.4908903870896071,-0.165156575154547,-0.3267571982295019,-0.061313606531362225,-0.09731541653992754,-0.5833387720803714,-0.35721805158005376
2013,Braxston Cave,C,Notre Dame,6-3,303.0,5.33,25.5,25.5,98.0,7.81,4.71,False,0,0,75.0,1,-0.27162800625445965,-0.39297912554063485,0.611119429517544,-0.716879010226804,-0.10793787494738041,-0.662350256302784,0.4265794446490262,0.21036015074332753
2013,Emmett Cleary,OT,Boston Col.,6-7,316.0,5.21,28.5,24.0,108.0,7.81,4.7,False,0,0,79.0,0,0.241659492278114,1.195594082935749,-0.045808718189560234,0.13235291522816692,0.0010652833053096855,0.5800399412636269,-0.0031274266038181873,-0.3440083879765185
2013,Jamie Collins,OLB,Southern Miss,6-3,250.0,4.64,41.5,19.0,139.0,7.1,4.32,True,2,52,75.0,0,0.6881698996424763,0.7234552193823325,-0.41890573515073964,2.2474548764858855,-0.7849012918688923,3.204210220439735,-0.07636445105982315,-0.03292024903374371
2013,Sanders Commings,CB,Georgia,6-0,216.0,4.41,34.5,14.0,117.0,7.1,4.3,True,5,134,72.0,1,2.6077278509473953,0.36731036733780453,-0.9597469061550765,-0.47835414541626753,-0.08050602617159051,-1.0068830724945885,1.079790918521743,1.0600562196962695
2013,Jonathan Cooper,OG,North Carolina,6-2,311.0,5.07,27.0,35.0,108.0,7.78,4.84,True,1,7,74.0,0,-0.3292920474445738,-1.799706151766805,-1.0888112238755185,0.0029384981327085333,1.993175786481511,0.9574213194549976,-0.20284281451874892,0.2491895649304414
2013,Justice Cunningham,TE,South Carolina,6-3,258.0,4.94,31.5,19.0,116.0,7.12,4.45,True,7,254,75.0,1,0.8121846888412597,-0.8267770300636582,1.3734177264324943,-0.6208433621583402,-0.22760730663011358,-0.17719875418666686,-0.18810503571123355,0.4525947481747181
2013,Knile Davis,RB,Arkansas,5-11,227.0,4.37,33.5,31.0,121.0,6.96,4.38,True,3,96,71.0,0,1.060258814773253,0.43573769960030895,-1.8562964681605896,-0.3555777698124744,2.705367505207767,0.38663009251925384,-0.6220121543270384,0.678583046384299
2013,Marcus Davis,WR,Virginia Tech,6-3,233.0,4.56,39.5,19.0,120.0,7.15,4.25,False,0,0,75.0,1,2.056325219549394,0.9979437798498162,0.5491805006992733,1.3447673566137652,1.2685956348792107,-0.25414272846434943,0.943530885681045,-0.03554458988122652
2013,Will Davis,CB,Utah State,5-11,186.0,4.51,35.5,16.0,127.0,6.52,4.02,True,3,93,71.0,0,-0.8537671626154533,-0.25656352291434187,0.15424503848920643,-0.11255391656853322,0.45304371590679293,0.7601287577399434,-2.2850511044794115,-1.1974532454714863
2013,Everett Dawkins,DT,Florida State,6-2,292.0,5.06,30.0,23.0,103.0,7.61,4.88,True,7,229,74.0,0,-0.9831883202836346,-0.659359892681932,-0.25567719692385094,0.31540508577452914,-0.8810244123919377,-0.30703771676387753,-0.1757394843450899,1.3428415281496022
2013,Jordan Devey,OT,Memphis,6-7,317.0,5.25,24.0,21.0,98.0,7.91,4.77,False,0,0,79.0,0,0.3344468399958206,1.195594082935749,0.17825566425939246,-1.316374940647713,-0.7180009477786156,-0.9269922386938314,0.34870806632553414,0.021587570905406726
2013,Lavar Edwards,DE,LSU,6-4,277.0,4.8,33.0,23.5,119.0,7.03,4.51,True,5,142,76.0,1,0.6295809594820155,0.08526216685136973,-0.12486501156783554,0.05356027544560284,-0.01544137062167986,0.5765366112439678,-1.0032052035462042,0.4505049493715616
2013,Mike Edwards,CB,Hawaii,5-9,189.0,4.56,36.0,14.0,124.0,6.94,4.18,True,3,99,69.0,0,-0.5076176612591684,-1.5043113034186348,0.7112410108113479,0.07034619785533391,-0.08050602617159051,0.23002520866958379,0.1515586363145324,0.09255216319580274
2013,Tyler Eifert,TE,Notre Dame,6-5,250.0,4.68,35.5,22.0,119.0,6.92,4.32,True,1,21,77.0,0,-0.11147632984095619,0.5303852645691367,-0.4033457263500624,0.6806836862217929,0.6333420706229257,0.33954845075992496,-1.202997321409065,-0.46723393140407843
2013,Matt Elam,S,Florida,5-10,208.0,4.43,35.5,17.0,118.0,6.975,4.21,True,1,32,70.0,2,0.1831247121943285,-1.420275508124312,-1.2508070803326867,0.06751739280663596,0.04497692172552077,-0.5845843481157107,0.04632965387590674,-0.06520868639088993
2013,Zach Ertz,TE,Stanford,6-5,249.0,4.76,30.5,24.0,111.0,7.08,4.47,True,2,35,77.0,0,-0.2269339571762332,0.5303852645691367,0.14335072065995413,-0.9462251242533736,1.2073083221249519,-1.03844409576432,-0.39108349285079985,0.5941068527252993
2013,Gavin Escobar,TE,San Diego State,6-6,254.0,4.84,32.0,19.0,114.0,7.07,4.31,True,2,47,78.0,1,0.3503541795001518,1.208966411885534,0.6900471676699707,-0.45815248111082363,-0.22760730663011358,-0.5216968908177281,-0.44182810713569026,-0.5379899836793753
2013,Josh Evans,S,Florida,6-1,207.0,4.58,34.5,17.0,123.0,6.64,4.1,True,6,169,73.0,1,0.07035299677522143,0.5108267420072936,0.21466735631649933,-0.28293002699923087,0.04497692172552077,0.26162672684594235,-1.8981844970191841,-1.0304582540783043
2013,Eric Fisher,OT,Central Michigan,6-7,306.0,5.05,28.5,27.0,116.0,7.59,4.44,True,1,1,79.0,0,-0.6862139848989518,1.195594082935749,-0.942066247985371,0.13235291522816692,0.720131514389235,1.7856656852295936,-0.7771655110483883,-1.7019362352522514
2013,Sharrif Floyd,DT,Florida,6-3,297.0,4.92,30.0,27.0,106.0,7.4,4.75,True,1,23,75.0,1,-0.6676534640065617,0.04418391033435714,-1.040584523921017,0.31540508577452914,-0.06595378282710605,0.18061042162581112,-0.9715098368951994,0.5701297667360278
2013,Manese Foketi,OG,Texas A&M,6-5,318.0,5.54,23.5,25.0,102.0,8.11,5.06,False,0,0,77.0,0,0.2861147331666908,0.7139330188826921,1.4851255473278295,-1.1558092655319736,-0.22876819712914473,0.06838723710392916,0.9574180845284962,1.3763024632411232
2013,Michael Ford,RB,LSU,5-9,210.0,4.5,38.5,25.0,130.0,6.87,4.25,False,0,0,69.0,0,-0.22598143925460168,-0.6428916879348747,-0.621282075007145,1.2376638694066293,1.3493160752115088,2.031169359291294,-1.1709176853208285,-0.29835756238165284
2013,Reid Fragel,OT,Ohio State,6-8,308.0,5.14,30.0,33.0,113.0,7.62,4.68,True,7,240,80.0,0,-0.5006392894635386,2.074707379212035,-0.4379213874752287,0.6152622005201269,2.1582639765570852,1.333556031242356,-0.6716148631695823,-0.44846437622850044
2013,Johnathan Franklin,RB,UCLA,5-10,205.0,4.49,31.5,18.0,115.0,6.89,4.31,True,4,125,70.0,0,-0.6042873963216178,-0.10357699416728292,-0.7162831821727927,-0.9928744255001158,-0.23274392645079248,-0.7097294186621063,-1.0489386784333221,0.15253810320263003
2013,Travis Frederick,C,Wisconsin,6-4,312.0,5.58,28.5,21.0,97.0,7.81,4.76,True,1,31,76.0,0,1.1664026150926892,0.46666271157950695,2.324996034735019,0.44115631398572525,-1.2803665166172014,-0.8244639553978709,0.4265794446490262,0.5184189489030101
2013,Corey Fuller,WR,Virginia Tech,6-2,204.0,4.43,31.5,12.0,120.0,6.96,4.25,True,6,171,74.0,2,0.10516784000872029,0.5590530483189408,-0.8140984952894662,-1.258211975896787,-0.6011048000102228,-0.25414272846434943,-0.029945465688526695,-0.03554458988122652
2013,Matt Furstenburg,TE,Maryland,6-4,242.0,4.62,35.5,18.0,115.0,7.09,4.35,False,0,0,76.0,0,-1.035137348523172,-0.14819588274726075,-0.8133680616075717,0.6806836862217929,-0.5145904323811267,-0.34944782250219747,-0.3403388785659094,-0.2549657745782066
2013,Rogers Gaines,OT,Tennessee State,6-6,334.0,5.24,23.0,28.0,104.0,7.81,5.24,False,0,0,78.0,2,1.9118317511968324,0.3164807866594626,0.12223956864715553,-1.6383144641756864,0.9598202580838767,-0.022772930719356425,-0.0031274266038181873,2.4763032948269292
2013,Kwame Geathers,DT,Georgia,6-5,342.0,5.44,26.5,27.0,96.0,8.11,5.27,False,0,0,77.0,1,2.1721602424870947,1.4512715163669354,1.874785547782752,-0.8386907962640902,-0.06595378282710605,-1.4448833730064843,1.718951831250406,3.660976812390326
2013,William Gholston,DE,Michigan State,6-6,281.0,4.96,28.5,23.0,110.0,7.2,4.59,True,4,126,78.0,0,0.9072244186220076,1.4426358631252383,0.9810326152248998,-1.4222313141401395,-0.1251853975400494,-0.8964691958001761,-0.2309996964707088,0.9534529713908675
2013,Garrett Gilkey,OT,Chadron State,6-6,318.0,5.29,30.0,28.0,108.0,7.65,4.75,True,7,227,78.0,0,0.42723418771352717,0.3164807866594626,0.40232004670834515,0.6152622005201269,0.9598202580838767,0.5800399412636269,-0.5660642152907762,-0.08286841734657058
2013,Mike Gillislee,RB,Florida,5-11,208.0,4.55,30.5,15.0,119.0,7.12,4.4,True,5,164,71.0,0,-0.3773038220814081,0.43573769960030895,-0.14627653917889855,-1.3115227533439366,-0.9107696414489216,0.02117692212546717,0.35381990077303554,0.8288816015790644
2013,Mike Glennon,QB,North Carolina State,6-7,225.0,4.94,26.5,16.0,102.0,7.49,4.52,True,3,73,79.0,1,0.2891702413524735,2.424800838241259,0.8321215076550037,-1.7162112303405361,-0.061313606531362225,-1.6352465529298463,2.0364617729791,1.2605455764711935
2013,Tyrone Goard,WR,East. Kentucky,6-4,205.0,4.5,36.0,10.0,123.0,6.9,4.39,False,0,0,76.0,0,0.1724491289583987,1.4368345113806915,-0.08002518975706442,0.2059638986403987,-1.1353049242643467,0.26799891445775326,-0.33735905033154673,0.9501342295173543
2013,Zaviar Gooden,OLB,Missouri,6-1,234.0,4.47,34.0,27.0,131.0,6.71,4.18,True,3,97,73.0,0,-0.9313271422887609,-0.6598547605355265,-1.8905484484237474,-0.08396691509923414,1.042159909270736,1.9523829325216577,-1.9745665202609877,-1.1166192577664125
2013,Malliciah Goodman,DE,Clemson,6-4,276.0,4.87,31.5,26.0,114.0,7.24,4.43,True,4,127,76.0,2,0.5601700946970175,0.08526216685136973,0.3589652001539877,-0.4383702544163113,0.5332787639701678,-0.24179994822500103,-0.049304283041180265,-0.05244307264774429
2013,Chris Gragg,TE,Arkansas,6-3,244.0,4.5,37.5,18.0,125.0,7.08,4.51,True,7,222,75.0,0,-0.8042220938526181,-0.8267770300636582,-1.6334127321225966,1.3314472104118593,-0.5145904323811267,1.3730428606531087,-0.39108349285079985,0.877131061826468
2013,Ray Graham,RB,Pittsburgh,5-9,199.0,4.8,32.5,18.0,112.0,7.17,4.21,False,0,0,69.0,0,-1.058254544802037,-0.6428916879348747,2.2287511399623425,-0.6742260976562952,-0.23274392645079248,-1.2579091742527864,0.6587674179918073,-0.598954672771177
2013,Dwayne Gratz,CB,Connecticut,5-11,201.0,4.47,38.0,22.0,125.0,6.7,4.15,True,3,64,71.0,0,0.876980344165971,-0.25656352291434187,-0.2913517393685087,0.8019466555508025,2.0536929421419434,0.406726391693037,-1.2407897869962912,-0.1493238509293086
2013,MarQueis Gray,QB,Minnesota,6-3,240.0,4.65,30.0,15.0,111.0,7.25,4.3,False,0,0,75.0,0,1.7109239280021302,0.09224785797656607,-0.9754450174373055,-0.5004389522433812,-1.8700649992064577,-0.25110853017891943,0.8036144576569941,-0.22240441590911897
2013,Khaseem Greene,OLB,Rutgers,6-1,241.0,4.71,30.0,17.0,116.0,7.58,4.2,True,4,117,73.0,0,-0.2227971864438446,-0.6598547605355265,0.18706479384403094,-1.327391870611298,-1.2416665921537995,-0.3947932323247379,2.2598842494954603,-0.9618051136617426
2013,Cory Grissom,DT,South Florida,6-1,306.0,5.31,27.5,22.0,97.0,7.79,4.81,False,0,0,73.0,0,-0.09969072270783035,-1.362903695698221,1.145943029856806,-0.5089491156816275,-1.0847920697831457,-1.2823339935432547,0.5063493892692887,0.9267659643115217
2013,Cobi Hamilton,WR,Arkansas,6-2,212.0,4.56,29.5,11.0,107.0,6.96,4.31,True,6,197,74.0,1,0.6434181516061475,0.5590530483189408,0.5491805006992733,-1.9089568090244249,-0.8682048621372848,-2.516756514460128,-0.029945465688526695,0.3868891898610206
2013,Johnathan Hankins,DT,Ohio State,6-3,320.0,5.31,26.0,27.0,104.0,7.59,4.61,True,2,49,75.0,1,0.7838068748679738,0.04418391033435714,1.145943029856806,-1.0035616365553215,-0.06595378282710605,-0.14448833730064797,-0.2515271369689116,-0.2620213609401283
2013,D.J. Harper,RB,Boise State,5-9,211.0,4.52,33.5,23.0,120.0,7.07,4.35,False,0,0,69.0,0,-0.15032024784119846,-0.6428916879348747,-0.43127986067584984,-0.3555777698124744,0.8972989318794227,0.2039035073223605,0.04887238355426378,0.4531352135921542
2013,Chris Harper,WR,Kansas State,6-1,229.0,4.55,35.5,20.0,116.0,6.89,4.39,True,4,123,73.0,0,1.7872000637506804,0.1201623167880653,0.4443128856232186,0.043277690358489204,1.5356956970062727,-0.9503315856938197,-0.3885946477720538,0.9501342295173543
2013,Montel Harris,RB,Temple,5-8,208.0,4.68,32.5,19.0,113.0,6.95,4.18,False,0,0,68.0,0,-0.3773038220814081,-1.1822063817024666,1.0887378539745458,-0.6742260976562952,-0.006735354784749435,-1.0751825890558928,-0.6830016577707917,-0.8244025055633217
2013,Mark Harrison,WR,Rutgers,6-3,231.0,4.46,38.5,17.0,129.0,6.99,4.33,False,0,0,75.0,0,1.921762641650037,0.9979437798498162,-0.4994956500612927,1.0193949400499462,0.7343955106250869,1.3122822003019585,0.12376132663298559,0.5277004497751071
2013,Tanner Hawkinson,OT,Kansas,6-5,298.0,5.07,28.5,24.0,112.0,7.52,4.51,True,5,156,77.0,1,-1.4285127666406043,-0.5626325096168238,-0.8300340567608921,0.13235291522816692,0.0010652833053096855,1.1828528132466103,-1.0234503560989345,-1.336340276370326
2013,Terry Hawthorne,CB,Illinois,6-0,195.0,4.44,35.5,13.0,116.0,6.92,4.16,True,5,150,72.0,2,0.18468134145340132,0.36731036733780453,-0.6255493227617877,-0.11255391656853322,-0.34728089721078226,-1.1835842555180416,0.03552960103862786,-0.06869851288760483
2013,Brandon Hepburn,ILB,Florida A&M,6-2,240.0,4.68,32.0,21.0,124.0,7.4,4.55,True,7,245,74.0,0,-0.12346094009293149,0.5415676038825611,-0.607948664616209,-0.47769121424338684,-0.1970540328665359,1.5696302712072319,1.6996486885626254,1.8438133922340476
2013,Eric Herman,OG,Ohio,6-4,320.0,5.25,28.0,36.0,95.0,7.99,5.09,True,7,225,76.0,0,0.46194524191276637,-0.12394670466714025,-0.10304820511679058,0.33400928775118915,2.2153701848425764,-0.9688191923056507,0.5355050303294997,1.5299996766471267
2013,Aaron Hester,CB,UCLA,6-2,198.0,4.62,29.0,14.0,112.0,7.26,4.33,False,0,0,74.0,1,0.5308308428096862,1.6150581478420973,1.3796361775979256,-2.490255404078806,-0.08050602617159051,-1.8903889876118543,2.008023200728959,1.3019322338213881
2013,Jordan Hill,DT,Penn State,6-1,303.0,5.23,22.5,28.0,103.0,7.49,4.51,True,3,87,73.0,0,-0.28901163647407413,-1.362903695698221,0.6974245572870004,-2.157657518593941,0.13781387456410185,-0.30703771676387753,-0.6304654000880101,-0.8564150235659586
2013,DeVonte Holloman,OLB,South Carolina,6-1,243.0,4.76,33.0,15.0,113.0,7.3,4.26,True,6,185,73.0,0,-0.02036005620243996,-0.6598547605355265,0.6199008859831495,-0.3948231539772501,-1.6984318924387065,-0.864228465294017,0.8970725075048782,-0.49736268134774664
2013,DeAndre Hopkins,WR,Clemson,6-1,214.0,4.57,36.0,15.0,115.0,6.96,4.5,True,1,27,73.0,1,0.7779807295055043,0.1201623167880653,0.6540481157753374,0.2059638986403987,0.20019538637096299,-1.1243788000011872,-0.029945465688526695,1.7245961590448147
2013,Montori Hughes,DT,Tennessee-Martin,6-4,329.0,5.23,26.5,22.0,104.0,7.85,4.7,True,5,139,76.0,0,1.3517696161667052,0.7477277133506463,0.6974245572870004,-0.8386907962640902,-1.0847920697831457,-0.14448833730064797,0.7337123471407472,0.27293293542311525
2013,Margus Hunt,DE,SMU,6-8,277.0,4.62,34.5,38.0,121.0,7.07,4.51,True,2,53,80.0,0,0.6295809594820155,2.800009559399107,-1.3689998417096598,0.5454908053075169,3.1671354100110363,0.9038712350315553,-0.8215097901166756,0.4505049493715616
2013,Justin Hunter,WR,Tennessee,6-4,196.0,4.44,39.5,14.0,136.0,6.96,4.33,True,2,34,76.0,2,-0.43308247158870694,1.4368345113806915,-0.7092308802134022,1.3447673566137652,-0.06690467575609896,2.5306127004535317,-0.029945465688526695,0.5277004497751071
2013,Micah Hyde,CB,Iowa,6-0,197.0,4.56,33.0,12.0,121.0,6.78,4.2,True,5,159,72.0,0,0.41544767569092456,0.36731036733780453,0.7112410108113479,-1.027054488687869,-0.614055768249974,-0.30007834040077574,-0.7766736458926833,0.2538028392792175
2013,Mark Jackson,OG,Glenville State,6-5,328.0,5.65,20.5,20.0,91.0,8.07,5.03,False,0,0,77.0,0,1.1652672768970687,0.7139330188826921,2.0875362810137217,-2.1490216343874153,-1.3397401889344727,-1.5615085805396964,0.8167803997954994,1.2226052498351243
2013,Mike James,RB,Miami (FL),5-10,223.0,4.53,35.0,28.0,115.0,7.07,4.62,True,6,189,70.0,1,0.75761404911964,-0.10357699416728292,-0.33627875351019376,0.1223947219532567,2.027341790209638,-0.7097294186621063,0.04887238355426378,2.482165708721444
2013,Jawan Jamison,RB,Rutgers,5-7,203.0,4.68,29.0,20.0,110.0,7.07,4.28,True,7,228,67.0,2,-0.7556097791484241,-1.7215210754700585,1.0887378539745458,-1.7894952451096677,0.2192732168812936,-1.623362344646573,0.04887238355426378,-0.07290972958950806
2013,Stefphon Jefferson,RB,Nevada,5-10,213.0,4.68,31.0,15.0,117.0,6.97,4.44,False,0,0,70.0,0,0.0010021349856079611,-0.10357699416728292,1.0887378539745458,-1.1521985894220261,-0.9107696414489216,-0.34427624826831954,-0.5610226508832851,1.1294787119685885
2013,Luke Joeckel,OT,Texas A&M,6-6,306.0,5.3,28.5,27.0,106.0,7.4,4.68,True,1,2,78.0,0,-0.6862139848989518,0.3164807866594626,0.45833614232058206,0.13235291522816692,0.720131514389235,0.27863350527213526,-1.4456529476141522,-0.44846437622850044
2013,Darius Johnson,WR,SMU,5-9,179.0,4.6,32.0,6.0,109.0,6.96,4.53,False,0,0,69.0,1,-1.5768643837332397,-1.6354006093354365,0.9686509610035016,-1.0955257676148773,-2.2037051727725947,-2.1686620858453924,-0.029945465688526695,1.9358130489159413
2013,Josh Johnson,CB,Purdue,5-9,199.0,4.65,35.0,16.0,114.0,6.99,4.25,False,0,0,69.0,0,0.6462140099284478,-1.5043113034186348,1.7138337609912144,-0.29545403099240036,0.45304371590679293,-1.536986621564948,0.44163122450428605,0.6569295294877435
2013,Keelan Johnson,S,Arizona State,6-0,209.0,4.54,36.5,12.0,125.0,6.77,4.07,False,0,0,72.0,0,0.29589642761343554,-0.13287400803657493,-0.17612582678994967,0.4179648126125028,-1.245150569874943,0.6001111568306036,-1.1435969160748212,-1.2937081361748652
2013,Lane Johnson,OT,Oklahoma,6-6,303.0,4.72,34.0,28.0,118.0,7.31,4.52,True,1,4,78.0,0,-0.9645760280520714,0.3164807866594626,-2.7905974031892296,1.9030202946320203,0.9598202580838767,2.087072121221085,-1.7623048912505703,-1.2841122822443374
2013,Oscar Johnson,OT,Louisiana Tech,6-5,331.0,5.49,22.0,24.0,88.0,8.06,5.06,False,0,0,77.0,1,1.6334697080437126,-0.5626325096168238,1.5226419589531086,-1.9602539877036598,0.0010652833053096855,-2.4340244186512896,0.876461305719561,1.5361994005591102
2013,T.J. Johnson,C,South Carolina,6-4,310.0,5.33,25.5,32.0,96.0,7.83,4.74,True,7,251,76.0,0,0.8468402547933228,0.46666271157950695,0.611119429517544,-0.716879010226804,1.5855701630201386,-0.9865776544929578,0.5063139202843605,0.39519542963913923
2013,Jamaal Johnson-Webb,OG,Alabama A&M,6-5,313.0,5.37,23.0,17.0,92.0,8.12,4.74,False,0,0,77.0,0,-0.1534615386984982,0.7139330188826921,0.554127140722363,-1.321344660341214,-2.0063233840176693,-1.413336233481185,0.9925775057117453,-0.26313447975623094
2013,Abry Jones,DT,Georgia,6-3,313.0,5.06,26.5,30.0,101.0,7.65,4.645,False,0,0,75.0,2,0.34205807608007177,0.04418391033435714,-0.25567719692385094,-0.8386907962640902,0.5453491893465177,-0.6321364756903366,-0.02416417909744982,-0.05398357902109323
2013,Chris Jones,DT,Bowling Green,6-2,302.0,5.33,29.0,30.0,105.0,7.34,4.44,True,6,198,74.0,2,-0.3521186077294887,-0.659359892681932,1.2580726479992612,-0.014336594807933516,0.5453491893465177,0.018061042162581573,-1.1988727947666613,-1.272490587404034
2013,Datone Jones,DE,UCLA,6-4,283.0,4.8,31.5,29.0,112.0,7.32,4.32,True,1,26,76.0,0,1.0460461481920036,0.08526216685136973,-0.12486501156783554,-0.4383702544163113,1.1917429254803849,-0.5691345720125885,0.3140865438178768,-0.7439966029242857
2013,Landry Jones,QB,Oklahoma,6-4,225.0,5.11,31.0,16.0,115.0,7.12,4.3,True,4,115,76.0,1,0.2891702413524735,0.6753861030427393,1.89172947064015,-0.1530754442156226,-0.061313606531362225,0.3640639243770481,0.1358221618575213,-0.22240441590911897
2013,Dion Jordan,OLB,Oregon,6-6,248.0,4.54,32.5,22.0,122.0,7.02,4.35,True,1,3,78.0,1,0.4857327694010717,2.798420189259121,-1.2845779194289768,-0.5502512734162581,-0.09975334144153167,0.5440772336138203,-0.4657392344857037,0.19930096712325088
2013,Nick Kasa,TE,Colorado,6-6,269.0,4.71,31.5,22.0,113.0,7.14,4.38,True,6,172,78.0,2,2.082218589529307,1.208966411885534,-0.19833455872130468,-0.6208433621583402,0.6333420706229257,-0.6939459591332586,-0.08661580714145264,-0.04269761775232858
2013,Brandon Kaufman,WR,East. Washington,6-5,216.0,4.67,33.5,9.0,115.0,7.11,4.44,False,0,0,77.0,0,0.9125433074048611,1.875725242911567,1.7027242665359035,-0.6074671427691488,-1.4024049863914088,-1.1243788000011872,0.7385884959190302,1.3021623793025674
2013,Tavarres King,WR,Georgia,6-0,189.0,4.47,36.5,11.0,123.0,6.91,4.33,True,5,161,72.0,0,-0.9040514942364557,-0.3187284147428101,-0.39462803498523796,0.3686501069223082,-0.8682048621372848,0.26799891445775326,-0.2861234528910441,0.5277004497751071
2013,Collin Klein,QB,Kansas State,6-5,226.0,4.78,29.0,16.0,111.0,7.17,4.4,False,0,0,77.0,1,0.3839538204624506,1.2585243481089123,-0.165156575154547,-0.8478024602711397,-0.061313606531362225,-0.25110853017891943,0.39266535254962553,0.4516637624455729
2013,Joe Kruger,DE,Utah,6-6,269.0,4.83,34.0,24.0,117.0,7.17,4.46,True,7,212,78.0,0,0.07429404120203148,1.4426358631252383,0.08249079345580387,0.38151396202021226,0.09430265629668967,0.24920198745638025,-0.36727125654285625,0.1361624356094968
2013,Edmund Kugbila,OG,Valdosta State,6-4,317.0,5.13,22.5,23.0,105.0,7.72,4.65,True,4,108,76.0,0,0.19819947879365296,-0.12394670466714025,-0.7602235509559442,-1.4868800551504542,-0.6731569938512758,0.5129042782794634,-0.41379934161825027,-0.7242261199742369
2013,Alec Lemon,WR,Syracuse,6-1,202.0,4.59,32.0,7.0,112.0,7.04,4.29,False,0,0,73.0,0,-0.02939473789063651,0.1201623167880653,0.8637833459274469,-1.0955257676148773,-1.9366051106455326,-1.64652044292329,0.379939313835503,0.2460779299469403
2013,Corey Lemonier,DE,Auburn,6-3,255.0,4.6,33.0,27.0,119.0,7.14,4.4,True,3,88,75.0,0,-0.8974580657879406,-0.5934246812855645,-1.5072370450587547,0.05356027544560284,0.7527668178069068,0.5765366112439678,-0.5035428166150037,-0.24104858090497983
2013,Zach Line,FB,SMU,6-0,232.0,4.77,30.5,26.0,111.0,7.215,4.35,False,0,0,72.0,2,-1.1790112393063938,-0.3494667315982493,-0.20462816022476166,-0.8334916396394122,0.5868157761120667,-0.5387696031463984,-0.04406398278819936,-0.07805314504707345
2013,Bennie Logan,DT,LSU,6-2,309.0,5.08,25.0,30.0,104.0,7.53,4.67,True,3,67,74.0,0,0.08963019105841341,-0.659359892681932,-0.14354757878139576,-1.3333033171377842,0.5453491893465177,-0.14448833730064797,-0.47889009484037004,0.09461483663536566
2013,Kyle Long,OG,Oregon,6-6,313.0,4.91,28.0,26.0,107.0,7.83,4.63,True,1,20,78.0,1,-0.1534615386984982,1.5518127424325245,-1.9650450183277235,0.33400928775118915,-0.006573798768079143,0.8092489723964863,-0.027045708602499857,-0.8266909289115741
2013,John Lotulelei,OLB,UNLV,5-11,233.0,4.84,35.5,25.0,117.0,6.91,4.3,False,0,0,71.0,0,-1.0325457074094633,-2.0431647404533853,1.3124386334057423,0.38231744321778977,0.585394608985829,-0.2383148213349782,-1.0011295616962863,-0.18773439313841364
2013,Philip Lutzenkirchen,TE,Auburn,6-3,258.0,4.94,30.5,21.0,112.0,7.15,4.35,False,0,0,75.0,0,0.8121846888412597,-0.8267770300636582,1.3734177264324943,-0.9462251242533736,0.3463589448719126,-0.8661950274487893,-0.03587119285655769,-0.2549657745782066
2013,Joe Madsen,C,West Virginia,6-3,310.0,5.2,25.0,25.0,98.0,7.6,4.83,False,0,0,75.0,0,0.8468402547933228,-0.39297912554063485,-0.280096405195542,-0.9098848975955589,-0.23820772402180496,-0.662350256302784,-0.410632549521965,0.9497012663265689
2013,Lamar Mady,OG,Youngstown State,6-2,317.0,5.48,23.0,35.0,95.0,8.07,4.82,False,0,0,74.0,0,0.19819947879365296,-1.799706151766805,1.156537874408255,-1.321344660341214,1.993175786481511,-0.9688191923056507,0.8167803997954994,0.14672475599310875
2013,E.J. Manuel,QB,Florida State,6-5,237.0,4.65,34.0,16.0,118.0,7.08,4.21,True,1,16,77.0,1,1.4265731906721988,1.2585243481089123,-0.9754450174373055,0.889015079867653,-0.061313606531362225,0.8254432652940238,-0.06965239069616301,-0.8290657764283375
2013,Tyrann Mathieu,CB,LSU,5-9,186.0,4.5,34.0,4.0,117.0,6.87,4.14,True,3,69,69.0,0,-0.8537671626154533,-1.5043113034186348,0.042845844024780116,-0.6612542598401346,-2.7482547365635077,-1.0068830724945885,-0.2545429871511258,-0.22994918897101954
2013,Miguel Maysonet,RB,Stony Brook,5-9,209.0,4.54,34.5,20.0,119.0,7.21,4.43,False,0,0,69.0,2,-0.3016426306680049,-0.6428916879348747,-0.24127764634454615,-0.03692944196865367,0.2192732168812936,0.02117692212546717,0.9027254317668257,1.0543294343712024
2013,Demetrius McCray,CB,Appalachian State,6-1,187.0,4.54,36.0,4.0,126.0,7.17,4.32,True,7,210,73.0,0,-0.7383839954966916,0.991184257589951,0.48844262188249526,0.07034619785533391,-2.7482547365635077,0.5834275747164901,1.4858925419874012,1.2213068957796844
2013,T.J. McDonald,S,USC,6-2,219.0,4.59,40.0,19.0,131.0,6.89,4.2,True,3,71,74.0,0,1.4236135818045061,1.1545274920511621,0.3123656520931094,1.6445307819330366,0.5610279183657063,1.615564446784587,-0.44705453366463854,-0.15295864708974366
2013,Vance McDonald,TE,Rice,6-4,267.0,4.69,33.5,31.0,119.0,7.08,4.53,True,2,55,76.0,0,1.8513033348587526,-0.14819588274726075,-0.3350086704738058,0.029920162031726295,3.2161902023820437,0.33954845075992496,-0.39108349285079985,1.0186431663770554
2013,Brad McDougald,S,Illinois,6-0,215.0,4.51,34.5,19.0,122.0,7.07,4.44,False,0,0,72.0,0,0.972526720128078,-0.13287400803657493,-0.4692207141197886,-0.28293002699923087,0.5610279183657063,0.09238451185361173,0.5977590399506377,1.9530404096827922
2013,Leon McFadden,CB,San Diego State,5-10,193.0,4.54,34.5,10.0,119.0,6.81,4.27,True,3,68,70.0,0,-0.04608499278412191,-0.8804374131664883,0.48844262188249526,-0.47835414541626753,-1.1476055103283573,-0.6534807064476821,-0.6026300929788343,0.8181802055711511
2013,Brandon McGee,CB,Miami (FL),5-11,193.0,4.4,33.5,14.0,119.0,6.71,4.18,True,5,149,71.0,0,-0.04608499278412191,-0.25656352291434187,-1.0711461006195029,-0.8441543742640018,-0.08050602617159051,-0.6534807064476821,-1.1827752693583415,0.09255216319580274
2013,Aaron Mellette,WR,Elon,6-2,217.0,4.54,33.5,9.0,123.0,7.11,4.41,True,7,238,74.0,0,0.9798245963545396,0.5590530483189408,0.33944527054716384,-0.6074671427691488,-1.4024049863914088,0.26799891445775326,0.7385884959190302,1.0909454894314408
2013,Christine Michael,RB,Texas A&M,5-10,220.0,4.54,43.0,27.0,125.0,6.69,4.02,True,2,62,70.0,0,0.5306304748794304,-0.10357699416728292,-0.24127764634454615,2.6715813447038226,1.8013332185435948,1.1175364333068272,-2.2687287473084092,-2.0267909471214183
2013,Rontez Miles,S,California (PA),6-0,203.0,4.62,36.5,17.0,123.0,6.97,4.27,False,0,0,72.0,1,-0.3807338649012068,-0.13287400803657493,0.6054605394229484,0.4179648126125028,0.04497692172552077,0.26162672684594235,0.017307054608816447,0.46129107780224016
2013,Stephane Milhim,OG,Massachusetts,6-4,314.0,5.14,28.5,26.0,104.0,7.83,4.87,False,0,0,76.0,2,-0.06554628432546043,-0.12394670466714025,-0.7054589388026826,0.4995446825604295,-0.006573798768079143,0.364731931220952,-0.027045708602499857,0.4028867783364449
2013,Dee Milliner,CB,Alabama,6-0,201.0,4.37,36.0,14.0,122.0,6.95,4.32,True,1,9,72.0,1,0.876980344165971,0.36731036733780453,-1.4053436840127917,0.07034619785533391,-0.08050602617159051,-0.12337715737732258,0.2095731539524821,1.2213068957796844
2013,Jordan Mills,OT,Louisiana Tech,6-5,316.0,5.37,28.5,20.0,101.0,8.1,4.88,True,5,163,77.0,0,0.241659492278114,-0.5626325096168238,0.8504488116062505,0.13235291522816692,-0.9576896914732573,-0.47488258470659395,1.0171955028912982,0.5960955062912958
2013,Barkevious Mingo,OLB,LSU,6-4,241.0,4.58,37.0,22.0,128.0,6.84,4.39,True,1,6,76.0,1,-0.2227971864438446,1.415110209341262,-0.9383090457176804,0.8486018015348137,-0.09975334144153167,1.4829476995523785,-1.3418324971939328,0.5089292553325838
2013,Kevin Minter,ILB,LSU,6-0,246.0,4.81,33.0,25.0,119.0,7.12,4.29,True,2,45,72.0,2,0.9550066836600428,-0.9074916605599537,0.4757493012578271,-0.11942280356084735,0.9020078969242855,0.545958355202516,0.05402306345064703,-0.12058051157822004
2013,T.J. Moe,WR,Missouri,5-11,204.0,4.74,36.0,26.0,120.0,6.53,3.96,False,0,0,71.0,0,0.10516784000872029,-0.7576191462736855,2.436797572068305,0.2059638986403987,3.1382960697686446,-0.25414272846434943,-2.233076155630183,-2.0773078586354345
2013,Sam Montgomery,DE,LSU,6-3,262.0,4.81,34.5,23.5,114.0,7.18,4.51,True,3,95,75.0,1,-0.4115820122929546,-0.5934246812855645,-0.05574640989329112,0.5454908053075169,-0.01544137062167986,-0.24179994822500103,-0.3218474031854751,0.4505049493715616
2013,Damontre Moore,DE,Texas A&M,6-4,250.0,4.95,35.5,12.0,122.0,7.24,4.43,True,3,81,76.0,2,-1.2445123897129307,0.08526216685136973,0.9119140135503554,0.8734444918821264,-2.539553989744179,1.067538546925349,-0.049304283041180265,-0.05244307264774429
2013,Sio Moore,OLB,Connecticut,6-1,245.0,4.65,38.0,29.0,127.0,7.49,4.31,True,3,66,73.0,0,0.1820770740389647,-0.6598547605355265,-0.3323385167229098,1.1594580404128296,1.4989252095556433,1.3264692885626188,1.8218376181413456,-0.1103273210860821
2013,Zeke Motta,S,Notre Dame,6-2,213.0,4.75,35.5,11.0,126.0,6.75,4.16,True,7,244,74.0,0,0.7469832892898638,1.1545274920511621,1.8755383845189055,0.06751739280663596,-1.5031760681950357,0.7693533718229342,-1.2596873131431823,-0.5039584898851663
2013,Ryan Nassib,QB,Syracuse,6-2,227.0,5.06,28.5,16.0,105.0,7.34,4.53,True,4,110,74.0,1,0.47873739957242767,-0.4908903870896071,1.5800800697621613,-1.021484214285019,-0.061313606531362225,-1.1738672120128708,1.2659322009027827,1.327952394306667
2013,Alec Ogletree,OLB,Georgia,6-2,242.0,4.7,33.5,20.0,122.0,7.16,4.39,True,1,30,74.0,0,-0.12157862132314229,0.031800229423403006,0.10049757541620877,-0.23939503453824212,-0.5565186417264388,0.5440772336138203,0.21566663650958942,0.5089292553325838
2013,Vinston Painter,OT,Virginia Tech,6-4,306.0,4.95,30.5,32.0,97.0,7.71,4.56,True,6,173,76.0,0,-0.6862139848989518,-1.44174580589311,-1.5022272041077502,0.7762319622841136,1.9185752328624437,-1.0776954566895773,-0.3549629195331674,-1.0752003057403783
2013,Chris Pantale,TE,Boston Col.,6-5,254.0,4.99,33.5,17.0,110.0,7.48,4.5,False,0,0,77.0,0,0.3503541795001518,0.5303852645691367,1.715103005813753,0.029920162031726295,-0.8015735581321398,-1.2106931640798504,1.638701078544863,0.8063750095511774
2013,Quinton Patton,WR,Louisiana Tech,6-0,204.0,4.53,33.0,8.0,118.0,6.91,4.01,True,4,128,72.0,0,0.10516784000872029,-0.3187284147428101,0.2345776554711091,-0.7701533510510583,-1.6695050485184706,-0.6022371570790845,-0.2861234528910441,-1.7252797088502274
2013,Sean Porter,OLB,Texas A&M,6-1,229.0,4.75,35.0,22.0,119.0,7.105,4.32,True,4,118,73.0,2,-1.4374199678922726,-0.6598547605355265,0.5333336675553273,0.22688932377878182,-0.09975334144153167,0.07464200064454121,-0.05202852709570183,-0.03292024903374371
2013,Keith Pough,ILB,Howard,6-2,239.0,4.87,33.0,17.0,118.0,7.28,4.47,False,0,0,74.0,0,-0.30320554405176053,0.5415676038825611,0.9759175931996945,-0.11942280356084735,-1.2961159626573573,0.3412239720015729,0.9943805635146347,1.2393844987533489
2013,Ty Powell,OLB,Harding,6-2,249.0,4.64,37.0,28.0,122.0,6.98,4.4,True,7,231,74.0,0,0.586951334521774,0.031800229423403006,-0.41890573515073964,0.8486018015348137,1.2705425594131896,0.5440772336138203,-0.6604266261986397,0.5863363273849223
2013,Jordan Poyer,CB,Oregon State,6-0,191.0,4.54,30.5,8.0,118.0,6.87,4.18,True,7,218,72.0,0,-0.27685132702164517,0.36731036733780453,0.48844262188249526,-1.9415550608072045,-1.6811552524067408,-0.8301818894711352,-0.2545429871511258,0.09255216319580274
2013,Lonnie Pryor,FB,Florida State,5-11,227.0,4.7,30.0,17.0,114.0,7.28,4.55,False,0,0,71.0,0,-1.7178066981292082,-0.9748282513003759,-0.7015822636277426,-0.9918084873921498,-1.0758289228721227,0.03969881286341831,0.3166078763299922,1.3564370882503938
2013,Justin Pugh,OT,Syracuse,6-4,307.0,5.12,28.5,24.0,103.0,7.45,4.63,True,1,19,76.0,1,-0.5934266371812452,-1.44174580589311,-0.5499535786997025,0.13235291522816692,0.0010652833053096855,-0.17347614871510225,-1.2697352011494778,-0.7096043468584483
2013,David Quessenberry,OT,San Jose State,6-5,302.0,5.08,29.5,25.0,112.0,7.49,4.45,True,6,176,77.0,0,-1.057363375769778,-0.5626325096168238,-0.7740179611486553,0.4542924387561402,0.24075402699995144,1.1828528132466103,-1.1290010039777374,-1.6497082411262627
2013,Eric Reid,S,LSU,6-1,213.0,4.53,40.5,17.0,134.0,6.99,4.22,True,1,18,73.0,0,0.7469832892898638,0.5108267420072936,-0.27382412256655975,1.81975449183597,0.04497692172552077,2.123291091761579,0.13339745167718278,0.02254127430796378
2013,Xavier Rhodes,CB,Florida State,6-1,210.0,4.43,40.5,14.0,132.0,6.92,4.16,True,1,25,73.0,2,1.9154288482348256,0.991184257589951,-0.7369485172262239,1.7164472276701381,-0.08050602617159051,1.643634672857209,0.03552960103862786,-0.06869851288760483
2013,Sheldon Richardson,DT,Missouri,6-2,294.0,5.02,32.0,30.0,116.0,7.65,4.645,True,1,13,74.0,2,-0.8569743777728054,-0.659359892681932,-0.47993643320875623,0.9748884469394545,0.5453491893465177,1.8061042162581065,-0.02416417909744982,-0.05398357902109323
2013,Mychal Rivera,TE,Tennessee,6-3,242.0,4.81,31.0,17.0,112.0,7.17,4.43,True,6,184,75.0,0,-1.035137348523172,-0.8267770300636582,0.48503600004121294,-0.783534243205857,-0.8015735581321398,-0.8661950274487893,0.06561803571322321,0.3110826436241307
2013,Nickell Robey,CB,USC,5-7,169.0,4.53,37.5,10.0,127.0,6.74,4.09,False,0,0,67.0,0,-2.815281003634401,-2.7520590839229278,0.37704342741806895,0.6190465411269354,-1.1476055103283573,0.7601287577399434,-1.0087317164444873,-0.6330758791795457
2013,Denard Robinson,WR,Michigan,5-10,199.0,4.43,36.5,14.0,123.0,7.09,4.22,True,5,135,70.0,1,-0.23123860473967173,-1.196509877804561,-0.8140984952894662,0.3686501069223082,-0.06690467575609896,0.26799891445775326,0.6361173010380204,-0.24676147975235319
2013,Da'Rick Rogers,WR,Tennessee Tech,6-2,217.0,4.5,39.5,10.0,132.0,6.71,4.06,False,0,0,74.0,0,0.9798245963545396,0.5590530483189408,-0.08002518975706442,1.3447673566137652,-1.1353049242643467,1.8344238432240614,-1.3108354017011183,-1.3732515590650205
2013,Robbie Rouse,RB,Fresno State,5-6,190.0,4.8,34.0,15.0,114.0,6.97,4.25,False,0,0,66.0,0,-1.739205267522666,-2.26083576923765,2.2287511399623425,-0.19625360589056404,-0.9107696414489216,-0.8924560038589996,-0.5610226508832851,-0.29835756238165284
2013,Logan Ryan,CB,Rutgers,5-11,191.0,4.56,32.5,14.0,116.0,6.69,4.06,True,3,83,71.0,0,-0.27685132702164517,-0.25656352291434187,0.7112410108113479,-1.209954603111736,-0.08050602617159051,-1.1835842555180416,-1.2988043046342408,-0.8749518933046642
2013,Lanear Sampson,WR,Baylor,5-11,204.0,4.46,33.5,20.0,119.0,7.1,4.38,False,0,0,71.0,0,0.10516784000872029,-0.7576191462736855,-0.4994956500612927,-0.6074671427691488,1.5356956970062727,-0.428189942771717,0.6873528984785231,0.8797285995603141
2013,Ace Sanders,WR,South Carolina,5-7,173.0,4.58,32.0,7.0,117.0,6.81,4.37,True,4,101,67.0,0,-1.98055211743131,-2.5131820723971874,0.7589157308513921,-1.0955257676148773,-1.9366051106455326,-0.7762843713864521,-0.7984794272960836,0.809322969603274
2013,Brian Schwenke,C,California,6-3,314.0,4.99,26.5,31.0,108.0,7.31,4.74,True,4,107,75.0,0,1.4859649753920556,-0.39297912554063485,-1.7197527535782204,-0.33086723548929425,1.3250304648712896,0.9587867346480847,-1.5667824462342865,0.39519542963913923
2013,Matt Scott,QB,Arizona,6-2,213.0,4.69,31.0,16.0,118.0,6.69,3.99,False,0,0,74.0,1,-0.8482327079672519,-0.4908903870896071,-0.7261254967349179,-0.1530754442156226,-0.061313606531362225,0.8254432652940238,-2.0730292780945816,-2.3120157688086502
2013,Tharold Simon,CB,LSU,6-2,202.0,4.51,34.0,9.0,128.0,6.92,4.16,True,5,138,74.0,2,0.9923635112847327,1.6150581478420973,0.15424503848920643,-0.6612542598401346,-1.414380381367549,0.9368299407633965,0.03552960103862786,-0.06869851288760483
2013,Dion Sims,TE,Michigan State,6-5,262.0,4.75,35.0,22.0,112.0,7.36,4.52,True,4,106,77.0,0,1.2740151981823677,0.5303852645691367,0.0750136647837036,0.5179928051742763,0.6333420706229257,-0.8661950274487893,1.0297657071261643,0.9478871141017586
2013,Darius Slay,CB,Mississippi State,6-0,192.0,4.36,35.5,14.0,124.0,6.9,4.21,True,2,36,72.0,0,-0.16146815990288352,0.36731036733780453,-1.5167428784772181,-0.11255391656853322,-0.08050602617159051,0.23002520866958379,-0.08049943423727153,0.3344281773209212
2013,Jared Smith,DT,New Hampshire,6-3,302.0,5.08,32.5,28.0,115.0,7.2,4.39,True,7,241,75.0,0,-0.3521186077294887,0.04418391033435714,-0.14354757878139576,1.1397592872306859,0.13781387456410185,1.643554836794877,-1.7293863631333999,-1.5696874187169516
2013,Rodney Smith,WR,Florida State,6-4,225.0,4.51,34.5,14.0,120.0,7.03,4.07,False,0,0,76.0,1,1.5180749079519666,1.4368345113806915,0.02484242531899031,-0.2820947262053298,-0.06690467575609896,-0.25414272846434943,0.32870371639500046,-1.3028459291079741
2013,Brad Sorensen,QB,Southern Utah,6-4,229.0,4.97,29.0,16.0,112.0,7.17,4.55,True,7,221,76.0,1,0.668304557792382,0.6753861030427393,1.0191111481817903,-0.8478024602711397,-0.061313606531362225,-0.09731541653992754,0.39266535254962553,1.4627660299776017
2013,Ryan Spadola,WR,Lehigh,6-1,204.0,4.48,33.5,15.0,119.0,6.72,4.07,False,0,0,73.0,0,0.10516784000872029,0.1201623167880653,-0.2897604199091739,-0.6074671427691488,0.20019538637096299,-0.428189942771717,-1.2595998042606158,-1.3028459291079741
2013,Akeem Spence,DT,Illinois,6-1,307.0,5.15,30.0,37.0,107.0,7.82,4.72,True,4,100,73.0,0,-0.03658375145241576,-1.362903695698221,0.24890608471718975,0.31540508577452914,1.971722791084973,0.34315980108904065,0.6200308682050196,0.39181166794827815
2013,Zac Stacy,RB,Vanderbilt,5-8,216.0,4.55,33.0,27.0,122.0,6.7,4.17,True,5,160,68.0,0,0.2279857092258176,-1.1822063817024666,-0.14627653917889855,-0.5149019337343848,1.8013332185435948,0.5693566777161472,-2.2077392438646557,-0.8995517831607012
2013,Daimion Stafford,S,Nebraska,6-0,221.0,4.69,30.5,21.0,111.0,7.06,4.21,True,7,248,72.0,1,1.6491570126427204,-0.13287400803657493,1.2893486098592364,-1.6847197062226982,1.0770789150058917,-1.7692798530620248,0.5397138414164521,-0.06520868639088993
2013,Matt Stankiewitch,C,Penn State,6-3,302.0,5.43,24.0,27.0,92.0,7.9,4.96,False,0,0,75.0,0,-0.43140918640414283,-0.39297912554063485,1.2966700716045314,-1.2958966723330687,0.2828716722758932,-1.6350324508733052,0.7853845850080254,1.7506541415417458
2013,Jawanza Starling,S,USC,6-1,202.0,4.64,36.0,17.0,122.0,6.68,4.34,False,0,0,73.0,0,-0.4935055803203139,0.5108267420072936,0.8008571309761685,0.24274110270956936,0.04497692172552077,0.09238451185361173,-1.6660037028824566,1.0755408026942317
2013,Jonathan Stewart,ILB,Texas A&M,6-4,242.0,4.68,31.0,19.0,118.0,7.44,4.53,False,0,0,76.0,0,0.23602826782472663,1.9906268683250758,-0.607948664616209,-0.8359596249259263,-0.7465849977619465,0.3412239720015729,1.9347380635786222,1.6927061688638763
2013,Kenny Stills,WR,Oklahoma,6-0,194.0,4.38,33.5,16.0,124.0,6.96,4.35,True,5,144,72.0,1,-0.5676450494880637,-0.3187284147428101,-1.3384365706697492,-0.6074671427691488,0.46729544849802496,0.4420461287651208,-0.029945465688526695,0.6685117096891874
2013,Jake Stoneburner,TE,Ohio State,6-3,252.0,4.65,34.5,18.0,116.0,7.12,4.27,False,0,0,75.0,0,0.1194389248295978,-0.8267770300636582,-0.608356893978814,0.3553019241267596,-0.5145904323811267,-0.17719875418666686,-0.18810503571123355,-0.821014192780544
2013,Dax Swanson,CB,SMU,5-10,186.0,4.56,33.0,15.0,122.0,6.92,4.16,False,0,0,70.0,2,-0.8537671626154533,-0.8804374131664883,0.7112410108113479,-1.027054488687869,0.1862688448676012,-0.12337715737732258,0.03552960103862786,-0.06869851288760483
2013,D.J. Swearinger,S,South Carolina,5-10,208.0,4.67,37.0,17.0,124.0,6.7,4.11,True,2,57,70.0,0,0.1831247121943285,-1.420275508124312,1.0939520183060074,0.5931885225154362,0.04497692172552077,0.4308689418382729,-1.5499133058140904,-0.9427082933794427
2013,Rod Sweeting,CB,Georgia Tech,5-11,189.0,4.42,37.0,11.0,124.0,6.92,4.16,False,0,0,71.0,2,-0.5076176612591684,-0.25656352291434187,-0.8483477116906503,0.4361464267030682,-0.8808306392891657,0.23002520866958379,0.03552960103862786,-0.06869851288760483
2013,Ryan Swope,WR,Texas A&M,6-0,205.0,4.34,37.0,16.0,125.0,6.76,4.25,True,6,174,72.0,0,0.1724491289583987,-0.3187284147428101,-1.7579070309739775,0.5313363152042178,0.46729544849802496,0.6160933430724883,-1.054657414498601,-0.03554458988122652
2013,Bruce Taylor,ILB,Virginia Tech,6-1,237.0,5.01,30.5,19.0,115.0,7.21,4.39,False,0,0,73.0,0,-0.6626947519694186,-0.18296202833869626,2.142976941064039,-1.0150938302671961,-0.7465849977619465,-0.27297917760125656,0.5829741572366388,0.63495560527265
2013,Devin Taylor,DE,South Carolina,6-7,266.0,4.72,35.0,14.0,128.0,6.89,4.3,True,4,132,79.0,0,-0.13393855315296255,2.1213227112621724,-0.6778138249642033,0.7094676485948217,-2.100577882070701,2.049542418288112,-1.639139150549556,-0.869733608429115
2013,Jamar Taylor,CB,Boise State,5-11,192.0,4.39,35.0,22.0,127.0,6.82,4.06,True,2,54,71.0,0,-0.16146815990288352,-0.25656352291434187,-1.182545295083939,-0.29545403099240036,2.0536929421419434,0.7601287577399434,-0.5446155753408795,-0.8749518933046642
2013,Stepfan Taylor,RB,Stanford,5-9,214.0,4.76,30.0,17.0,110.0,7.13,4.5,True,5,140,69.0,0,0.07666332639901118,-0.6428916879348747,1.8487467112997438,-1.470846917265847,-0.4587524981168355,-1.623362344646573,0.4148094042167888,1.5803743775528714
2013,Manti Te'o,ILB,Notre Dame,6-1,241.0,4.82,33.0,22.0,113.0,7.13,4.27,True,2,38,73.0,1,0.05628366386589757,-0.18296202833869626,0.5591106832481433,-0.11942280356084735,0.07771144958116945,-0.6824479440031429,0.11279540720464495,-0.2716877349483981
2013,Chase Thomas,OLB,Stanford,6-3,244.0,4.91,32.0,18.0,113.0,7.17,4.31,False,0,0,75.0,0,0.08085850891826236,0.7234552193823325,1.9184091624005128,-0.705679392855266,-1.013283942011346,-0.864228465294017,0.26433848443782343,-0.1103273210860821
2013,Phillip Thomas,S,Fresno State,6-0,208.0,4.65,35.0,14.0,122.0,6.975,4.21,True,4,119,72.0,2,0.1831247121943285,-0.13287400803657493,0.8985554267527873,-0.10770631709629744,-0.7290995732347575,0.09238451185361173,0.04632965387590674,-0.06520868639088993
2013,Shamarko Thomas,S,Syracuse,5-9,213.0,4.42,40.5,28.0,133.0,6.975,4.26,True,4,111,69.0,1,0.7469832892898638,-2.0639762581681804,-1.3485053761092967,1.81975449183597,2.883257403246541,1.9540488767692483,0.04632965387590674,0.37354111710338644
2013,Kenbrell Thompkins,WR,Cincinnati,6-1,193.0,4.54,33.5,8.0,121.0,6.88,4.21,False,0,0,73.0,0,-0.6349263384377422,0.1201623167880653,0.33944527054716384,-0.6074671427691488,-1.6695050485184706,-0.08009551415698189,-0.4398302452125564,-0.3171671097093933
2013,Hugh Thornton,OG,Illinois,6-3,320.0,5.11,27.0,27.0,102.0,7.45,4.63,True,3,86,75.0,2,0.46194524191276637,-0.9618264282169726,-0.8697527752624673,0.0029384981327085333,0.21562059959298643,0.06838723710392916,-1.3631037135659971,-0.8266909289115741
2013,Levine Toilolo,TE,Stanford,6-8,260.0,4.86,31.0,17.0,113.0,7.09,4.57,True,4,133,80.0,0,1.0430999435118138,2.5661287065183287,0.8267212794224779,-0.783534243205857,-0.8015735581321398,-0.6939459591332586,-0.3403388785659094,1.3016673754782242
2013,J.C. Tretter,OG,Cornell,6-4,307.0,5.09,29.5,29.0,109.0,7.48,4.69,True,4,122,76.0,0,-0.680953064936725,-0.12394670466714025,-0.9792819995689954,0.8306154721789101,0.6600093963151176,1.105593666513509,-1.2576254500162465,-0.5192965020995671
2013,Desmond Trufant,CB,Washington,6-0,190.0,4.38,37.5,16.0,125.0,6.92,3.85,True,1,22,72.0,1,-0.3922344941404068,0.36731036733780453,-1.2939444895483654,0.6190465411269354,0.45304371590679293,0.406726391693037,0.03552960103862786,-2.5680839921804757
2013,Matthew Tucker,RB,TCU,6-0,221.0,4.55,35.5,17.0,118.0,7.07,4.28,False,0,0,72.0,2,0.6062916662928336,0.9750523933679008,-0.14627653917889855,0.281718885875167,-0.4587524981168355,-0.16154966307142618,0.04887238355426378,-0.07290972958950806
2013,Kenny Vaccaro,S,Texas,6-0,214.0,4.63,38.0,15.0,121.0,6.78,4.06,True,1,15,72.0,0,0.8597550047089709,-0.13287400803657493,0.7031588351995585,0.943635942321303,-0.47107407491466474,-0.07685770313871888,-1.0855517175406353,-1.381458096873727
2013,James Vandenberg,QB,Iowa,6-3,226.0,4.92,32.0,16.0,116.0,6.95,4.52,False,0,0,75.0,1,0.3839538204624506,0.09224785797656607,0.7074617473038072,0.19428806381213592,-0.061313606531362225,0.51785703801604,-0.7374446864956359,1.2605455764711935
2013,Conner Vernon,WR,Duke,6-0,196.0,4.68,32.5,14.0,125.0,6.93,4.22,False,0,0,72.0,1,-0.43308247158870694,-0.3187284147428101,1.807591881611958,-0.9328395593329678,-0.06690467575609896,0.6160933430724883,-0.18365225801003898,-0.24676147975235319
2013,Ricky Wagner,OT,Wisconsin,6-6,308.0,5.17,31.5,20.0,101.0,7.94,4.91,True,5,168,78.0,0,-0.5006392894635386,0.3164807866594626,-0.26987310063851294,1.098171485812087,-0.9576896914732573,-0.47488258470659395,0.4542587142043401,0.7527794886692665
2013,Larry Warford,OG,Kentucky,6-3,332.0,5.58,22.5,28.0,96.0,7.78,5.1,True,3,65,75.0,0,1.51692829438922,-0.9618264282169726,1.7041839959408807,-1.4868800551504542,0.437814997954052,-0.8206468452471394,-0.20284281451874892,1.581232081115793
2013,Cornelius Washington,DE,Georgia,6-4,265.0,4.55,39.0,36.0,128.0,7.24,4.43,True,6,188,76.0,2,-0.20334941793796057,0.08526216685136973,-1.852830053431483,2.0212823948932592,2.7281593023375583,2.049542418288112,-0.049304283041180265,-0.05244307264774429
2013,Earl Watford,OG,James Madison,6-3,300.0,5.06,30.0,24.0,107.0,7.77,5.0,True,4,116,75.0,0,-1.2963598455479897,-0.9618264282169726,-1.143575836028785,0.9961508669881504,-0.4509625954902103,0.8092489723964863,-0.23800223570200124,1.0689080364291208
2013,Menelik Watson,OT,Florida State,6-5,310.0,5.29,24.5,24.0,103.0,8.31,5.01,True,2,42,77.0,1,-0.3150645940281254,-0.5626325096168238,0.40232004670834515,-1.1554051788837265,0.0010652833053096855,-0.17347614871510225,1.7560500380429371,1.2750594299291622
2013,Jason Weaver,OT,Southern Miss,6-4,313.0,5.44,21.0,23.0,94.0,8.23,5.07,False,0,0,76.0,0,-0.036702550875005714,-1.44174580589311,1.242561480891919,-2.282193511231633,-0.23862346038933205,-1.5298051106768147,1.4745816436994565,1.5884273946851035
2013,B.W. Webb,CB,William & Mary,5-10,184.0,4.51,40.5,14.0,132.0,6.82,3.84,True,4,114,70.0,0,-1.0845334968529765,-0.8804374131664883,0.15424503848920643,1.7164472276701381,-0.08050602617159051,1.643634672857209,-0.5446155753408795,-2.648709330222183
2013,Kayvon Webster,CB,South Florida,5-10,195.0,4.41,35.0,14.0,125.0,6.92,4.16,True,3,90,70.0,2,0.18468134145340132,-0.8804374131664883,-0.9597469061550765,-0.29545403099240036,-0.08050602617159051,0.406726391693037,0.03552960103862786,-0.06869851288760483
2013,Bjoern Werner,DE,Florida State,6-3,266.0,4.83,31.0,25.0,111.0,7.3,4.4,True,1,24,75.0,0,-0.13393855315296255,-0.5934246812855645,0.08249079345580387,-0.602347097703616,0.31379071013342874,-0.7328018839063823,0.22323883710311054,-0.24104858090497983
2013,John Wetzel,OT,Boston Col.,6-7,315.0,5.46,25.0,22.0,105.0,7.9,4.81,False,0,0,79.0,0,0.14887214456040743,1.195594082935749,1.354593672116393,-0.9944354171197397,-0.4783122040839738,0.12793028727638941,0.3135245170325998,0.23049954740936598
2013,Markus Wheaton,WR,Oregon State,5-11,189.0,4.45,37.0,20.0,120.0,6.8,4.02,True,3,79,71.0,0,-0.9040514942364557,-0.7576191462736855,-0.6043632651373474,0.5313363152042178,1.5356956970062727,-0.25414272846434943,-0.8497150247365861,-1.6548740788931873
2013,J.J. Wilcox,S,Georgia Southern,6-0,213.0,4.57,35.0,17.0,124.0,7.02,4.09,True,3,80,72.0,0,0.7469832892898638,-0.13287400803657493,0.11696906053988926,-0.10770631709629744,0.04497692172552077,0.4308689418382729,0.3075330472797245,-1.118208214777158
2013,Nathan Williams,OLB,Ohio State,6-3,241.0,4.88,35.0,24.0,113.0,6.99,4.44,False,0,0,75.0,0,-0.2227971864438446,0.7234552193823325,1.6587075071170387,0.22688932377878182,0.35701195884337544,-0.864228465294017,-0.6117547782704057,0.8959646155942552
2013,Brandon Williams,DT,Missouri Southern,6-1,335.0,5.37,29.5,38.0,102.0,8.09,4.91,True,3,94,73.0,0,1.7304114436991926,-1.362903695698221,1.4823318842841664,0.15053424548329783,2.175490448476181,-0.46958709622710704,1.6431641786265876,1.521159626937352
2013,Duke Williams,S,Nevada,5-11,203.0,4.48,37.5,13.0,126.0,6.975,4.0,True,4,105,71.0,1,-0.3807338649012068,-0.7765747580804434,-0.7623156014496189,0.7684122324183696,-0.9871250715548503,0.7693533718229342,0.04632965387590674,-1.9079578610668568
2013,Kerwynn Williams,RB,Utah State,5-8,195.0,4.48,35.0,17.0,118.0,7.15,4.15,True,7,230,68.0,0,-1.3608993104556497,-1.1822063817024666,-0.8112842893384403,0.1223947219532567,-0.4587524981168355,-0.16154966307142618,0.5367884111043008,-1.0498503383554598
2013,Nicholas Williams,DT,Samford,6-4,309.0,4.94,33.0,28.0,111.0,7.55,4.65,True,7,223,76.0,0,0.08963019105841341,0.7477277133506463,-0.9284549057785618,1.3046301275219172,0.13781387456410185,0.9933573189419589,-0.40310244221655167,-0.024263895889797226
2013,Shawn Williams,S,Georgia,6-0,213.0,4.46,36.0,25.0,120.0,7.01,4.25,True,3,84,72.0,0,0.7469832892898638,-0.13287400803657493,-0.9577121930028477,0.24274110270956936,2.109180908286263,-0.24609991813104948,0.24948784874554394,0.28579115640453273
2013,Steve Williams,CB,California,5-9,181.0,4.42,40.5,12.0,128.0,6.89,4.1,True,5,145,69.0,0,-1.4306829982092613,-1.5043113034186348,-0.8483477116906503,1.7164472276701381,-0.614055768249974,0.9368299407633965,-0.1385139518752264,-0.5524505411378419
2013,Sylvester Williams,DT,North Carolina,6-3,313.0,5.03,26.5,27.0,102.0,7.93,4.8,True,1,28,75.0,0,0.34205807608007177,0.04418391033435714,-0.42387162413752616,-0.8386907962640902,-0.06595378282710605,-0.46958709622710704,1.0368629576360273,0.8673265980489402
2013,Terrance Williams,WR,Baylor,6-2,208.0,4.52,32.5,11.0,119.0,7.01,4.32,True,3,74,74.0,0,0.3742929958074339,0.5590530483189408,0.12971004039504505,-0.9328395593329678,-0.8682048621372848,-0.428189942771717,0.22623252151399073,0.45729481981806697
2013,Tourek Williams,DE,Florida International,6-3,260.0,4.92,33.0,25.0,112.0,7.24,4.43,True,6,179,75.0,2,-0.5504037418629506,-0.5934246812855645,0.704558208526716,0.05356027544560284,0.31379071013342874,-0.5691345720125885,-0.049304283041180265,-0.05244307264774429
2013,Trevardo Williams,OLB,Connecticut,6-1,241.0,4.57,38.0,30.0,124.0,7.105,4.32,True,4,124,73.0,2,-0.2227971864438446,-0.6598547605355265,-1.0248762641455025,1.1594580404128296,1.7273078596980969,0.8570340555933398,-0.05202852709570183,-0.03292024903374371
2013,Marquess Wilson,WR,Washington State,6-3,194.0,4.51,34.5,7.0,122.0,6.65,4.33,True,7,236,75.0,0,-0.5676450494880637,0.9979437798498162,0.02484242531899031,-0.2820947262053298,-1.9366051106455326,0.09395170015038568,-1.6182489863441385,0.5277004497751071
2013,Tyler Wilson,QB,Arkansas,6-2,215.0,4.95,28.5,16.0,112.0,7.22,4.39,True,4,112,74.0,1,-0.6586655497472976,-0.4908903870896071,0.8944513878305993,-1.021484214285019,-0.061313606531362225,-0.09731541653992754,0.6495085432417298,0.3842569446100995
2013,George Winn,RB,Cincinnati,5-10,218.0,4.75,34.5,22.0,119.0,7.07,4.28,False,0,0,70.0,2,0.379308092052624,-0.10357699416728292,1.753745604134096,-0.03692944196865367,0.6712903602133796,0.02117692212546717,0.04887238355426378,-0.07290972958950806
2013,Earl Wolff,S,North Carolina State,5-11,209.0,4.44,39.0,17.0,134.0,6.975,4.07,True,5,136,71.0,2,0.29589642761343554,-0.7765747580804434,-1.153108784556068,1.29408336212717,0.04497692172552077,2.123291091761579,0.04632965387590674,-1.2937081361748652
2013,Cierre Wood,RB,Notre Dame,5-11,213.0,4.56,37.5,16.0,124.0,7.07,4.28,False,0,0,71.0,2,0.0010021349856079611,0.43573769960030895,-0.05127543201325092,0.9190155415628085,-0.6847610697828785,0.934809848109934,0.04887238355426378,-0.07290972958950806
2013,Robert Woods,WR,USC,6-0,201.0,4.51,33.5,14.0,117.0,7.15,4.47,True,2,41,72.0,0,-0.09667602684031491,-0.3187284147428101,0.02484242531899031,-0.6074671427691488,-0.06690467575609896,-0.7762843713864521,0.943530885681045,1.5133792691736878
2013,Khalid Wooten,CB,Nevada,5-11,210.0,4.53,33.5,17.0,117.0,6.95,4.18,True,6,202,71.0,0,1.9154288482348256,-0.25656352291434187,0.37704342741806895,-0.8441543742640018,0.7198185869459847,-1.0068830724945885,0.2095731539524821,0.09255216319580274
2013,Tom Wort,ILB,Oklahoma,6-0,235.0,4.78,31.5,21.0,111.0,7.41,4.51,False,0,0,72.0,0,-1.0221839598870768,-0.9074916605599537,0.22566515528690084,-0.6568254195846566,-0.1970540328665359,-1.0919167104050291,1.7584210323166234,1.5415989454936982
2013,Blidi Wreh-Wilson,CB,Connecticut,6-1,195.0,4.53,36.0,14.0,128.0,6.97,4.12,True,3,70,73.0,0,0.18468134145340132,0.991184257589951,0.37704342741806895,0.07034619785533391,-0.08050602617159051,0.9368299407633965,0.32560218922838147,-0.3911998650544271
2014,Jared Abbrederis,WR,Wisconsin,6-1,195.0,4.5,30.5,4.0,117.0,6.8,4.08,True,5,176,73.0,0,-0.5003637605383853,0.1201623167880653,-0.08002518975706442,-1.583584392460606,-2.7379052970267184,-0.7762843713864521,-0.8497150247365861,-1.232440299150934
2014,Davante Adams,WR,Fresno State,6-1,212.0,4.56,39.5,14.0,123.0,6.82,4.3,True,2,53,73.0,0,0.6434181516061475,0.1201623167880653,0.5491805006992733,1.3447673566137652,-0.06690467575609896,0.26799891445775326,-0.7472438298555765,0.31648355990398047
2014,Mo Alexander,S,Utah State,6-1,220.0,4.5,38.0,17.0,123.0,7.05,4.51,True,4,110,73.0,1,1.5363852972236134,0.5108267420072936,-0.5669190098963988,0.943635942321303,0.04497692172552077,0.26162672684594235,0.48166864288227146,2.567290134574776
2014,Ricardo Allen,CB,Purdue,5-9,187.0,4.61,35.5,13.0,117.0,6.92,4.15,True,5,147,69.0,1,-0.7383839954966916,-1.5043113034186348,1.2682369831334994,-0.11255391656853322,-0.34728089721078226,-1.0068830724945885,0.03552960103862786,-0.1493238509293086
2014,Jace Amaro,TE,Texas Tech,6-5,265.0,4.74,33.0,28.0,118.0,7.42,4.3,True,2,49,77.0,0,1.6203880801881987,0.5303852645691367,0.0066766089074530455,-0.13277071901579035,2.3552408251290045,0.16729938244439435,1.3342333928355115,-0.6087460359546659
2014,Antonio Andrews,RB,Western Kentucky,5-10,225.0,4.82,29.5,20.0,106.0,7.24,4.49,False,0,0,70.0,0,0.9089364319464465,-0.10357699416728292,2.418753354293646,-1.6301710811877572,0.2192732168812936,-2.354268685434146,1.085693942098091,1.5052250999554921
2014,Dri Archer,WR,Kent State,5-8,173.0,4.26,38.0,20.0,122.0,6.86,4.06,True,3,97,68.0,0,-1.98055211743131,-2.0742913408663117,-2.596847951582434,0.8567087317680367,1.5356956970062727,0.09395170015038568,-0.5423014400935616,-1.3732515590650205
2014,George Atkinson,RB,Notre Dame,6-1,218.0,4.48,38.0,19.0,121.0,7.07,4.46,False,0,0,73.0,0,0.379308092052624,1.5143670871354926,-0.8112842893384403,1.0783397054847188,-0.006735354784749435,0.38663009251925384,0.04887238355426378,1.2797772671633472
2014,Dion Bailey,S,USC,6-0,201.0,4.66,34.0,17.0,113.0,6.97,4.15,False,0,0,72.0,1,-0.6062772957394209,-0.13287400803657493,0.9962537225293974,-0.45815373690216427,0.04497692172552077,-1.4307954230773636,0.017307054608816447,-0.59170845058402
2014,Anthony Barr,OLB,UCLA,6-5,255.0,4.66,34.5,15.0,119.0,6.82,4.19,True,1,9,77.0,0,1.1942627252459879,2.1067651993001912,-0.24577129829508762,0.07146120433977383,-1.6984318924387065,0.07464200064454121,-1.4391761930504008,-1.0392121857140741
2014,Lamin Barrow,ILB,LSU,6-1,237.0,4.64,35.0,22.0,123.0,7.24,4.35,True,5,156,73.0,0,-0.6626947519694186,-0.18296202833869626,-0.9413941925774514,0.5971140178042317,0.07771144958116945,1.3648958880062887,0.7592911884986377,0.3327411585323007
2014,Kelvin Benjamin,WR,Florida State,6-5,240.0,4.61,32.5,13.0,119.0,7.33,4.39,True,1,28,77.0,0,2.5272942421971427,1.875725242911567,1.0735185760795656,-0.9328395593329678,-0.33400473788316093,-0.428189942771717,1.8657716396101096,0.9501342295173543
2014,Bene' Benwikere,CB,San Jose State,5-11,195.0,4.59,40.5,10.0,122.0,6.94,4.38,True,5,148,71.0,0,0.18468134145340132,-0.25656352291434187,1.0454385942046367,1.7164472276701381,-1.1476055103283573,-0.12337715737732258,0.1515586363145324,1.705058924029914
2014,Nat Berhe,S,San Diego State,5-10,193.0,4.71,35.5,15.0,117.0,7.08,4.22,True,5,152,70.0,0,-1.5084510190922775,-1.420275508124312,1.4847452014124565,0.06751739280663596,-0.47107407491466474,-0.7538265631080413,0.6558042384848184,0.02254127430796378
2014,Kapri Bibbs,RB,Colorado State,5-9,212.0,4.67,29.0,24.0,106.0,7.07,4.28,False,0,0,69.0,2,-0.07465905642779525,-0.6428916879348747,0.9937367468088982,-1.7894952451096677,1.1233075035454658,-2.354268685434146,0.04887238355426378,-0.07290972958950806
2014,Joel Bitonio,OG,Nevada,6-4,302.0,4.92,32.0,22.0,114.0,7.37,4.44,True,2,35,76.0,0,-1.120529336801914,-0.12394670466714025,-1.9102804061744618,1.6582924462251116,-0.8953513922123414,1.8464554018060662,-1.6443790830319969,-1.8001066138162525
2014,Alfred Blue,RB,LSU,6-2,223.0,4.63,32.0,13.0,121.0,7.15,4.5,True,6,181,74.0,0,0.75761404911964,2.0536817809030845,0.6137323181462994,-0.8335502615782054,-1.3627867847810076,0.38663009251925384,0.5367884111043008,1.5803743775528714
2014,Russell Bodine,OG,North Carolina,6-3,310.0,5.18,29.0,42.0,109.0,8.26,4.66,True,4,111,75.0,0,-0.4172073018176116,-0.9618264282169726,-0.4864004901896314,0.6650800773696698,3.54853657500897,1.105593666513509,1.4848094022772464,-0.6729937155055706
2014,Conor Boffeli,OG,Iowa,6-4,298.0,5.3,25.0,21.0,101.0,7.44,4.61,False,0,0,76.0,0,-1.472190354294065,-0.12394670466714025,0.17077485564952222,-0.6592030811042527,-1.117545790573407,-0.07978510995458227,-1.3982631347492462,-0.9291557378489067
2014,Chris Borland,ILB,Wisconsin,5-11,248.0,4.83,31.0,27.0,114.0,7.18,4.27,True,3,77,71.0,0,1.314495891577701,-1.632021292781211,0.642472065238452,-0.8359596249259263,1.451538861819696,-0.47771356080219973,0.40665712597463977,-0.2716877349483981
2014,Blake Bortles,QB,Central Florida,6-5,232.0,4.93,32.5,16.0,115.0,7.08,4.21,True,1,3,77.0,1,0.9526552951223133,1.2585243481089123,0.7697916274794027,0.3679698178260152,-0.061313606531362225,0.3640639243770481,-0.06965239069616301,-0.8290657764283375
2014,Tre Boston,S,North Carolina,6-0,204.0,4.58,35.0,18.0,116.0,7.04,4.31,True,4,128,72.0,0,-0.2679621494820998,-0.13287400803657493,0.21466735631649933,-0.10770631709629744,0.3030024200456135,-0.9230687781003719,0.42362344434809085,0.8122909205976628
2014,Tajh Boyd,QB,Clemson,6-1,222.0,4.84,30.5,16.0,106.0,7.33,4.23,True,6,213,73.0,1,0.004819504022542122,-1.0740286321557804,0.20882270589903176,-0.3267571982295019,-0.061313606531362225,-1.0200740983738787,1.2145635627643627,-0.6942521407573967
2014,Carl Bradford,OLB,Arizona State,6-1,250.0,4.76,37.5,23.0,122.0,7.25,4.3,True,4,121,73.0,0,0.6881698996424763,-0.6598547605355265,0.6199008859831495,1.0040299209738217,0.12862930870092187,0.5440772336138203,0.653713267863704,-0.18773439313841364
2014,Bashaud Breeland,CB,Clemson,5-11,197.0,4.62,34.5,11.0,123.0,7.04,4.33,True,4,102,71.0,0,0.41544767569092456,-0.25656352291434187,1.3796361775979256,-0.47835414541626753,-0.8808306392891657,0.053324025646130604,0.7317038126940396,1.3019322338213881
2014,Teddy Bridgewater,QB,Louisville,6-2,214.0,4.81,30.0,16.0,113.0,7.17,4.2,True,1,32,74.0,2,-0.7534491288572748,-0.4908903870896071,0.021833065372239627,-0.5004389522433812,-0.061313606531362225,0.05647769709906435,0.39266535254962553,-0.8964725942638049
2014,Justin Britt,OT,Missouri,6-6,325.0,5.19,27.5,23.0,100.0,8.14,4.69,True,2,64,78.0,0,1.0767456217374731,0.3164807866594626,-0.1578409094140341,-0.18958660829980642,-0.23862346038933205,-0.6255858027023398,1.1579297000630415,-0.39623638210250717
2014,Jay Bromley,DT,Syracuse,6-3,306.0,5.06,33.5,26.0,106.0,7.92,4.78,True,3,74,75.0,0,-0.09969072270783035,0.04418391033435714,-0.25567719692385094,1.4695009678131485,-0.26972144021831396,0.18061042162581112,0.9989691313241181,0.7484478655237773
2014,Terrence Brooks,S,Florida State,5-11,198.0,4.42,38.0,10.0,119.0,7.35,4.21,True,3,79,71.0,1,-0.9445924419967422,-0.7765747580804434,-1.3485053761092967,0.943635942321303,-1.7612015665151286,-0.4153421331233801,2.2230245989077253,-0.06520868639088993
2014,Jonathan Brown,OLB,Illinois,6-0,238.0,5.03,31.0,16.0,108.0,7.77,4.56,False,0,0,72.0,0,-0.5264528818059516,-1.351509750494456,2.957215783534402,-1.016535631733282,-1.470049242296253,-1.6466205202428155,3.1846493601319232,1.8248494802222472
2014,John Brown,WR,Pittsburg State,5-10,179.0,4.34,36.5,14.0,119.0,6.91,4.12,True,3,91,70.0,1,-1.5768643837332397,-1.196509877804561,-1.7579070309739775,0.3686501069223082,-0.06690467575609896,-0.428189942771717,-0.2861234528910441,-0.9508177793227671
2014,Corey Brown,WR,Ohio State,5-11,178.0,4.51,33.0,14.0,116.0,7.16,4.22,False,0,0,71.0,1,-1.6441456726829182,-0.7576191462736855,0.02484242531899031,-0.7701533510510583,-0.06690467575609896,-0.9503315856938197,0.9947664831215476,-0.24676147975235319
2014,Preston Brown,ILB,Louisville,6-1,251.0,4.86,33.0,23.0,116.0,6.98,4.26,True,3,73,73.0,0,1.8537297034541882,-0.18296202833869626,0.8925562112093858,-0.11942280356084735,0.3524769320288748,-0.06824479440031342,-0.7687897491053395,-0.34724134663348377
2014,Martavis Bryant,WR,Clemson,6-4,211.0,4.42,39.0,16.0,124.0,7.18,4.15,True,4,118,76.0,0,0.5761368626564691,1.4368345113806915,-0.918966110365521,1.1820811483318556,0.46729544849802496,0.4420461287651208,1.0972376780025528,-0.7396008894516405
2014,Deone Bucannon,S,Washington State,6-1,211.0,4.49,36.5,19.0,125.0,6.96,4.26,True,1,27,73.0,0,0.5214398584516496,0.5108267420072936,-0.6646173056730088,0.4179648126125028,0.5610279183657063,0.6001111568306036,-0.04073814392536414,0.37354111710338644
2014,Max Bullough,ILB,Michigan State,6-3,249.0,4.78,31.0,30.0,112.0,7.22,4.3,False,0,0,75.0,0,1.49424049553653,1.2660972361038185,0.22566515528690084,-0.8359596249259263,2.275835309162812,-0.887182327204086,0.6417465009906367,-0.04502689989313437
2014,Isaiah Burse,WR,Fresno State,5-10,188.0,4.58,31.0,16.0,115.0,6.74,3.94,False,0,0,70.0,0,-0.9713327831861341,-1.196509877804561,0.7589157308513921,-1.4208981841786963,0.46729544849802496,-1.1243788000011872,-1.1571286093796063,-2.218119118549518
2014,Trey Burton,WR,Florida,6-2,224.0,4.62,30.0,14.0,112.0,7.14,4.32,False,0,0,74.0,1,1.4507936190022883,0.5590530483189408,1.1783861911556204,-1.7462706007425153,-0.06690467575609896,-1.64652044292329,0.8922952882405379,0.45729481981806697
2014,Michael Campanaro,WR,Wake Forest,5-9,192.0,4.46,39.0,20.0,122.0,6.77,4.01,True,7,218,69.0,0,-0.7022076273874205,-1.6354006093354365,-0.4994956500612927,1.1820811483318556,1.5356956970062727,0.09395170015038568,-1.0034218170580984,-1.7252797088502274
2014,Ka'Deem Carey,RB,Arizona,5-9,207.0,4.69,32.5,19.0,115.0,7.08,4.38,True,4,117,69.0,0,-0.4529650134948113,-0.6428916879348747,1.1837389611402018,-0.6742260976562952,-0.006735354784749435,-0.7097294186621063,0.10986188699801705,0.678583046384299
2014,Derek Carr,QB,Fresno State,6-2,214.0,4.69,34.5,16.0,110.0,7.09,4.2,True,2,36,74.0,2,-0.7534491288572748,-0.4908903870896071,-0.7261254967349179,1.0626968338815324,-0.061313606531362225,-0.4049016438179113,-0.018283752557743074,-0.8964725942638049
2014,Ryan Carrethers,DT,Arkansas State,6-1,337.0,5.47,26.0,32.0,88.0,7.89,4.6,True,5,165,73.0,0,1.856625386210022,-1.362903695698221,2.042979974996427,-1.0035616365553215,0.9528845041289336,-2.7452784087123208,0.8852876523883872,-0.321460727202715
2014,Will Clarke,DE,West Virginia,6-6,271.0,4.77,32.0,22.0,112.0,7.26,4.57,True,3,88,78.0,0,0.2131157707720275,1.4426358631252383,-0.33222081659147495,-0.27439341112900656,-0.34467345137678845,-0.5691345720125885,0.04154342367358199,0.8277159658860439
2014,Ha Ha Clinton-Dix,S,Alabama,6-1,208.0,4.58,33.0,11.0,119.0,7.16,4.16,True,1,21,73.0,0,0.1831247121943285,0.5108267420072936,0.21466735631649933,-0.8086011567080311,-1.5031760681950357,-0.4153421331233801,1.1201658267582735,-0.5039584898851663
2014,Jadeveon Clowney,DE,South Carolina,6-5,266.0,4.53,37.5,21.0,124.0,7.27,4.43,True,1,1,77.0,0,-0.13393855315296255,0.7639490149883039,-1.9910672567805718,1.5293518650313451,-0.5641615052135275,1.3948731707129367,0.08696727703096312,-0.05244307264774429
2014,Ross Cockrell,CB,Duke,6-0,191.0,4.56,36.5,10.0,122.0,7.28,4.32,True,4,109,72.0,0,-0.27685132702164517,0.36731036733780453,0.7112410108113479,0.2532463122792011,-1.1476055103283573,-0.12337715737732258,2.124052236004863,1.2213068957796844
2014,Brandon Coleman,WR,Rutgers,6-6,225.0,4.56,32.5,21.0,121.0,7.33,4.51,False,0,0,78.0,1,1.5180749079519666,2.3146159744424426,0.5491805006992733,-0.9328395593329678,1.8027957591333346,-0.08009551415698189,1.8657716396101096,1.7950017890018548
2014,Brandin Cooks,WR,Oregon State,5-10,189.0,4.33,36.0,16.0,120.0,6.76,3.81,True,1,20,70.0,0,-0.9040514942364557,-1.196509877804561,-1.8627746460500323,0.2059638986403987,0.46729544849802496,-0.25414272846434943,-1.054657414498601,-3.1333923079910586
2014,Damian Copeland,WR,Louisville,5-11,184.0,4.5,40.0,12.0,120.0,6.53,3.9,False,0,0,71.0,0,-1.2404579389848478,-0.7576191462736855,-0.08002518975706442,1.5074535648956748,-0.6011048000102228,-0.25414272846434943,-2.233076155630183,-2.4997416383776847
2014,J.C. Copeland,FB,LSU,5-11,271.0,4.95,28.5,23.0,111.0,7.68,4.58,False,0,0,71.0,0,3.0235933395115593,-0.9748282513003759,1.0732538199543473,-1.4667590306503622,0.032600876450670266,-0.5387696031463984,2.536127009365001,1.5716106232450153
2014,Tim Cornett,RB,UNLV,6-0,209.0,4.48,34.5,19.0,125.0,7.01,4.26,False,0,0,72.0,1,-0.3016426306680049,0.9750523933679008,-0.8112842893384403,-0.03692944196865367,-0.006735354784749435,1.1175364333068272,-0.31706463710826666,-0.22320828478427346
2014,Scott Crichton,DE,Oregon State,6-3,273.0,4.84,31.5,24.0,108.0,7.19,4.29,True,3,72,75.0,0,0.35193750034202353,-0.5934246812855645,0.1516093951303483,-0.4383702544163113,0.09430265629668967,-1.2238038195877636,-0.2764235498280899,-0.9326021111815268
2014,Isaiah Crowell,RB,Arkansas,5-11,224.0,4.57,38.0,23.0,117.0,7.07,4.28,False,0,0,71.0,2,0.8332752405330432,0.43573769960030895,0.04372567515240514,1.0783397054847188,0.8972989318794227,-0.34427624826831954,0.04887238355426378,-0.07290972958950806
2014,Pierre Desir,CB,Lindenwood,6-1,198.0,4.59,35.0,11.0,133.0,6.86,4.3,True,4,127,73.0,0,0.5308308428096862,0.991184257589951,1.0454385942046367,-0.29545403099240036,-0.8808306392891657,1.8203358558806624,-0.31255750478907546,1.0600562196962695
2014,Ahmad Dixon,S,Baylor,6-0,212.0,4.64,32.0,14.0,111.0,7.55,4.5,True,7,248,72.0,0,0.6342115738707568,-0.13287400803657493,0.8008571309761685,-1.1590485765138978,-0.7290995732347575,-1.7692798530620248,3.3839285695913626,2.479540173875922
2014,Brandon Dixon,CB,Northwest Missouri State,5-11,203.0,4.41,32.5,17.0,117.0,7.15,4.27,True,6,195,71.0,0,1.1077466784034942,-0.25656352291434187,-0.9597469061550765,-1.209954603111736,0.7198185869459847,-1.0068830724945885,1.3698635067115017,0.8181802055711511
2014,Aaron Donald,DT,Pittsburgh,6-1,285.0,4.68,32.0,35.0,116.0,7.11,4.39,True,1,13,73.0,0,-1.4249371190715368,-1.362903695698221,-2.3861399416304487,0.9748884469394545,1.5641874763025574,1.8061042162581065,-2.0704307999405893,-1.5696874187169516
2014,Jonathan Dowling,S,Western Kentucky,6-3,190.0,4.52,33.5,8.0,118.0,7.04,4.24,True,7,247,75.0,0,-1.8467661653495986,1.7982282420950304,-0.3715224183431785,-0.6333774468050977,-2.277252563155314,-0.5845843481157107,0.42362344434809085,0.19804119570567902
2014,Dakota Dozier,OG,Furman,6-4,313.0,5.42,24.0,23.0,101.0,8.14,4.89,True,4,137,76.0,0,-0.1534615386984982,-0.12394670466714025,0.8279502014886758,-0.9902738707227333,-0.6731569938512758,-0.07978510995458227,1.06289634807825,0.5053515872737775
2014,Kony Ealy,DE,Missouri,6-4,273.0,4.92,31.0,22.0,114.0,6.83,4.45,True,2,60,76.0,0,0.35193750034202353,0.08526216685136973,0.704558208526716,-0.602347097703616,-0.34467345137678845,-0.24179994822500103,-1.911682270693847,0.07329393285708498
2014,Eric Ebron,TE,North Carolina,6-4,250.0,4.6,32.0,24.0,120.0,7.14,4.38,True,1,10,76.0,2,-0.11147632984095619,-0.14819588274726075,-0.9500421733600789,-0.45815248111082363,1.2073083221249519,0.5117975190754556,-0.08661580714145264,-0.04269761775232858
2014,Kasim Edebali,OLB,Boston Col.,6-2,253.0,4.79,34.5,19.0,115.0,7.2,4.35,False,0,0,74.0,0,0.9918255950045833,0.031800229423403006,0.8796025412666237,0.07146120433977383,-0.7849012918688923,-0.5512716433144976,0.4103540282225297,0.19930096712325088
2014,Kadeem Edwards,OG,Tennessee State,6-4,313.0,5.25,27.0,26.0,99.0,7.95,4.82,True,5,143,76.0,0,-0.1534615386984982,-0.12394670466714025,-0.10304820511679058,0.0029384981327085333,-0.006573798768079143,-0.3761298040716051,0.3948673455964998,0.14672475599310875
2014,Bruce Ellington,WR,South Carolina,5-9,197.0,4.45,39.5,15.0,120.0,6.69,3.95,True,4,106,69.0,0,-0.3658011826390285,-1.6354006093354365,-0.6043632651373474,1.3447673566137652,0.20019538637096299,-0.25414272846434943,-1.4133065965821237,-2.1477134885924745
2014,Justin Ellis,DT,Louisiana Tech,6-1,334.0,5.27,28.0,25.0,92.0,7.81,4.75,True,4,107,73.0,0,1.6673044724437782,-1.362903695698221,0.9216837935719007,-0.3440782753903962,-0.4734890976095219,-2.0950808908594025,0.5821370418931071,0.5701297667360278
2014,I.K. Enemkpali,DE,Louisiana Tech,6-1,261.0,4.86,34.0,28.0,112.0,7.67,4.65,True,6,210,73.0,0,-0.48099287707795263,-1.950798377559433,0.2898465984794433,0.38151396202021226,0.9722548716436459,-0.5691345720125885,1.9039214113262486,1.3306639879053497
2014,Mike Evans,WR,Texas A&M,6-5,231.0,4.53,37.0,12.0,121.0,7.08,4.26,True,1,7,77.0,1,1.921762641650037,1.875725242911567,0.2345776554711091,0.5313363152042178,-0.6011048000102228,-0.08009551415698189,0.5848817035975179,0.03486104007581362
2014,Shaquelle Evans,WR,UCLA,6-1,213.0,4.51,34.5,13.0,122.0,7.07,4.21,True,4,115,73.0,0,0.7106994405558259,0.1201623167880653,0.02484242531899031,-0.2820947262053298,-0.33400473788316093,0.09395170015038568,0.5336461061570154,-0.3171671097093933
2014,Antone Exum,CB,Virginia Tech,6-0,213.0,4.59,35.0,17.0,117.0,7.05,4.13,True,6,182,72.0,0,2.2615783495911104,0.36731036733780453,1.0454385942046367,-0.29545403099240036,0.7198185869459847,-1.0068830724945885,0.7897183303319893,-0.3105745270127233
2014,David Fales,QB,San Jose State,6-2,212.0,4.99,28.0,16.0,103.0,7.55,4.5,True,6,183,74.0,1,-0.9430162870772291,-0.4908903870896071,1.143770908532987,-1.1951659682988982,-0.061313606531362225,-1.4814534392908545,2.344673601809624,1.1257319408002588
2014,Matt Feiler,OT,Bloomsburg,6-6,330.0,5.37,26.5,36.0,103.0,8.13,4.86,False,0,0,78.0,0,1.540682360326006,0.3164807866594626,0.8504488116062505,-0.5115261318277797,2.8773302076410108,-0.17347614871510225,1.1227461507701073,0.49163951803931855
2014,C.J. Fiedorowicz,TE,Iowa,6-5,265.0,4.76,31.5,25.0,116.0,7.1,4.26,True,3,65,77.0,0,1.6203880801881987,0.5303852645691367,0.14335072065995413,-0.6208433621583402,1.494291447875965,-0.17719875418666686,-0.2895942642810189,-0.8917702450558346
2014,Tim Flanders,RB,SMU,5-9,207.0,4.75,32.0,20.0,113.0,7.07,4.28,False,0,0,69.0,1,-0.4529650134948113,-0.6428916879348747,1.753745604134096,-0.8335502615782054,0.2192732168812936,-1.0751825890558928,0.04887238355426378,-0.07290972958950806
2014,Cameron Fleming,OT,Stanford,6-5,323.0,5.28,23.5,26.0,97.0,8.24,5.0,True,4,140,77.0,0,0.8911709263020601,-0.5626325096168238,0.34630395109610823,-1.4773447024116997,0.4804427706945932,-1.0776954566895773,1.5097651929923908,1.2228314358031735
2014,David Fluellen,RB,Toledo,5-11,224.0,4.72,36.5,19.0,120.0,6.9,4.28,False,0,0,71.0,2,0.8332752405330432,0.43573769960030895,1.4687422826371448,0.6003672137189878,-0.006735354784749435,0.2039035073223605,-0.9879491749895634,-0.07290972958950806
2014,Khairi Fortt,OLB,California,6-2,248.0,4.7,36.0,30.0,120.0,7.105,4.32,True,4,126,74.0,2,0.4857327694010717,0.031800229423403006,0.10049757541620877,0.5377455626567977,1.7273078596980969,0.23112041163430092,-0.05202852709570183,-0.03292024903374371
2014,Bennie Fowler,WR,Michigan State,6-1,217.0,4.52,36.0,14.0,126.0,7.06,4.18,False,0,0,73.0,1,0.9798245963545396,0.1201623167880653,0.12971004039504505,0.2059638986403987,-0.06690467575609896,0.7901405573798559,0.4824105087165082,-0.5283839995805201
2014,Austin Franklin,WR,New Mexico State,5-11,189.0,4.56,36.0,7.0,124.0,7.07,4.33,False,0,0,71.0,0,-0.9040514942364557,-0.7576191462736855,0.5491805006992733,0.2059638986403987,-1.9366051106455326,0.4420461287651208,0.5336461061570154,0.5277004497751071
2014,Devonta Freeman,RB,Florida State,5-8,206.0,4.58,31.5,19.0,118.0,7.11,4.26,True,4,103,68.0,1,-0.5286262049082145,-1.1822063817024666,0.13872678231805277,-0.9928744255001158,-0.006735354784749435,-0.16154966307142618,0.29283039732928223,-0.22320828478427346
2014,Kyle Fuller,CB,Virginia Tech,6-0,190.0,4.49,38.5,12.0,128.0,6.9,4.19,True,1,14,72.0,0,-0.3922344941404068,0.36731036733780453,-0.06855335043964621,0.9848467699746696,-0.614055768249974,0.9368299407633965,-0.08049943423727153,0.1731775012375137
2014,Zach Fulton,OG,Tennessee,6-5,316.0,5.16,24.5,25.0,98.0,7.87,5.16,True,6,193,77.0,0,0.11028422442061517,0.7139330188826921,-0.5959297144961546,-0.824738475913493,-0.22876819712914473,-0.5243021511301165,0.11359197613050002,1.8886265079278
2014,Tyler Gaffney,RB,Stanford,5-11,220.0,4.49,36.5,19.0,116.0,6.78,4.18,True,6,204,71.0,1,0.5306304748794304,0.43573769960030895,-0.7162831821727927,0.6003672137189878,-0.006735354784749435,-0.5270028334652128,-1.7198232163146188,-0.8244025055633217
2014,Phillip Gaines,CB,Rice,6-0,193.0,4.38,36.5,11.0,122.0,6.62,4.04,True,3,87,72.0,0,-0.04608499278412191,0.36731036733780453,-1.2939444895483654,0.2532463122792011,-0.8808306392891657,-0.12337715737732258,-1.704905928099899,-1.0362025693880716
2014,Jimmy Garoppolo,QB,East. Illinois,6-2,226.0,4.97,30.5,16.0,110.0,7.04,4.26,True,2,62,74.0,1,0.3839538204624506,-0.4908903870896071,1.0191111481817903,-0.3267571982295019,-0.061313606531362225,-0.4049016438179113,-0.2751269432498473,-0.4920316872509945
2014,James Gayle,DE,Virginia Tech,6-4,259.0,4.7,37.0,26.0,122.0,7.19,4.27,False,0,0,76.0,0,-0.6198146066479486,0.08526216685136973,-0.8160510283132921,1.3653750217440406,0.5332787639701678,1.067538546925349,-0.2764235498280899,-1.058339116686356
2014,Jeremiah George,ILB,Iowa State,5-11,234.0,4.91,33.0,28.0,116.0,7.12,4.29,True,5,154,71.0,2,-1.2019285638459059,-1.632021292781211,1.309363121160937,-0.11942280356084735,1.7263043442674015,-0.06824479440031342,0.05402306345064703,-0.12058051157822004
2014,Justin Gilbert,CB,Oklahoma State,6-0,202.0,4.37,35.5,20.0,126.0,6.92,4.16,True,1,8,72.0,1,0.9923635112847327,0.36731036733780453,-1.4053436840127917,-0.11255391656853322,1.52014320006356,0.5834275747164901,0.03552960103862786,-0.06869851288760483
2014,Crockett Gillmore,TE,Colorado State,6-6,260.0,4.89,33.5,19.0,120.0,7.42,4.44,True,3,99,78.0,1,1.0430999435118138,1.208966411885534,1.0317324470512295,0.029920162031726295,-0.22760730663011358,0.5117975190754556,1.3342333928355115,0.38183869589942754
2014,Demetri Goodson,CB,Baylor,5-11,194.0,4.52,37.0,11.0,123.0,6.8,4.34,True,6,197,71.0,0,0.06929817433463971,-0.25656352291434187,0.26564423295363276,0.4361464267030682,-0.8808306392891657,0.053324025646130604,-0.6606446106167839,1.3825575718630918
2014,Ryan Grant,WR,Tulane,6-0,199.0,4.64,35.5,8.0,119.0,6.68,4.11,True,5,142,72.0,0,-0.23123860473967173,-0.3187284147428101,1.3881214213077298,0.043277690358489204,-1.6695050485184706,-0.428189942771717,-1.4645421940226306,-1.0212234092798074
2014,Ryan Groy,OG,Wisconsin,6-5,316.0,5.19,26.5,26.0,108.0,7.49,4.47,False,0,0,77.0,0,0.11028422442061517,0.7139330188826921,-0.43163587803636494,-0.1625968966765318,-0.006573798768079143,0.9574213194549976,-1.2224660288329972,-1.6464094004102534
2014,Ra'Shede Hageman,DT,Minnesota,6-6,310.0,4.92,35.5,32.0,114.0,7.87,4.5,True,2,37,78.0,0,0.152737162313828,2.1548153193832245,-1.040584523921017,2.1289843289780737,0.9528845041289336,1.4810054573316476,0.8094999997645689,-0.91585438982854
2014,Andre Hal,CB,Vanderbilt,5-10,188.0,4.5,35.5,15.0,119.0,7.14,4.27,True,7,216,70.0,0,-0.62300082837793,-0.8804374131664883,0.042845844024780116,-0.11255391656853322,0.1862688448676012,-0.6534807064476821,1.311848989073547,0.8181802055711511
2014,Jon Halapio,OG,Florida,6-3,323.0,5.34,21.5,26.0,100.0,8.26,4.83,True,6,179,75.0,1,0.7256910050318798,-0.9618264282169726,0.3898333042625734,-1.817950844768935,-0.006573798768079143,-0.22795745701309367,1.4848094022772464,0.19795716046177506
2014,Victor Hampton,CB,South Carolina,5-9,197.0,4.69,33.5,20.0,118.0,7.01,4.2,False,0,0,69.0,0,0.41544767569092456,-1.5043113034186348,2.1594305388489294,-0.8441543742640018,1.52014320006356,-0.8301818894711352,0.5576602597801854,0.2538028392792175
2014,Jonotthan Harrison,C,Florida,6-3,304.0,5.15,27.0,27.0,113.0,7.97,4.86,False,0,0,75.0,0,-0.11184682610477643,-0.39297912554063485,-0.6228717262390358,-0.13786134812053938,0.2828716722758932,1.7693552301235191,1.0644552497316868,1.1345365452223808
2014,Matt Hazel,WR,Coastal Carolina,6-1,198.0,4.5,36.5,15.0,118.0,7.08,4.2,True,6,190,73.0,0,-0.2985198936893501,0.1201623167880653,-0.08002518975706442,0.3686501069223082,0.20019538637096299,-0.6022371570790845,0.5848817035975179,-0.38757273966643346
2014,Seantrel Henderson,OT,Miami (FL),6-7,331.0,5.04,24.0,24.0,95.0,8.15,4.77,True,7,237,79.0,1,1.6334697080437126,1.195594082935749,-0.998082343597608,-1.316374940647713,0.0010652833053096855,-1.379101892681069,1.193113249355976,0.021587570905406726
2014,Robert Herron,WR,Wyoming,5-9,193.0,4.48,35.5,18.0,125.0,6.84,4.27,True,6,185,69.0,0,-0.6349263384377422,-1.6354006093354365,-0.2897604199091739,0.043277690358489204,1.0014955727521488,0.6160933430724883,-0.6447726349745713,0.10526667003285377
2014,Ryan Hewitt,FB,Stanford,6-4,246.0,4.87,33.0,23.0,109.0,7.04,4.35,False,0,0,76.0,1,0.3296160453974869,2.151979347210257,0.5053062732080781,-0.04190740087572476,0.032600876450670266,-0.9244152138196096,-1.015103603491016,-0.07805314504707345
2014,Jeremy Hill,RB,LSU,6-1,233.0,4.56,29.0,20.0,113.0,7.07,4.28,True,2,55,73.0,2,1.514225963253672,1.5143670871354926,-0.05127543201325092,-1.7894952451096677,0.2192732168812936,-1.0751825890558928,0.04887238355426378,-0.07290972958950806
2014,Anthony Hitchens,OLB,Iowa,6-0,240.0,4.74,31.5,23.0,116.0,7.15,4.45,True,4,119,72.0,0,-0.3240157515645469,-1.351509750494456,0.4467664491275052,-0.8611075122942741,0.12862930870092187,-0.3947932323247379,0.16699478858135544,0.9733716876465868
2014,Cody Hoffman,WR,BYU,6-4,223.0,4.65,27.5,13.0,108.0,6.89,4.2,False,0,0,76.0,0,1.38351233005261,1.4368345113806915,1.4929890363837939,-2.5597016421520626,-0.33400473788316093,-2.34270930015276,-0.3885946477720538,-0.38757273966643346
2014,Josh Huff,WR,Oregon,5-11,206.0,4.51,35.5,14.0,116.0,6.96,4.25,True,3,86,71.0,2,0.2397304179080771,-0.7576191462736855,0.02484242531899031,0.043277690358489204,-0.06690467575609896,-0.9503315856938197,-0.029945465688526695,-0.03554458988122652
2014,Marqueston Huff,S,Wyoming,5-11,196.0,4.49,35.5,15.0,118.0,7.26,4.19,True,4,122,71.0,0,-1.1701358728349562,-0.7765747580804434,-0.6646173056730088,0.06751739280663596,-0.47107407491466474,-0.5845843481157107,1.7006178121000894,-0.24070860778859737
2014,Allen Hurns,WR,Miami (FL),6-1,198.0,4.55,31.0,14.0,120.0,7.23,4.5,False,0,0,73.0,0,-0.2985198936893501,0.1201623167880653,0.4443128856232186,-1.4208981841786963,-0.06690467575609896,-0.25414272846434943,1.3534156652050748,1.7245961590448147
2014,Carlos Hyde,RB,Ohio State,6-0,230.0,4.62,34.5,19.0,114.0,7.07,4.28,True,2,57,72.0,2,1.2872423890134626,0.9750523933679008,0.5187312109806517,-0.03692944196865367,-0.006735354784749435,-0.8924560038589996,0.04887238355426378,-0.07290972958950806
2014,Kerry Hyder,DT,Texas Tech,6-2,290.0,5.1,29.5,20.0,108.0,7.23,4.33,False,0,0,74.0,0,-1.1094022627944637,-0.659359892681932,-0.031417960638945606,0.15053424548329783,-1.4923273845655616,0.5057091805522702,-1.615704884197669,-1.9263236162924455
2014,Louis Nix III,DT,Notre Dame,6-2,331.0,5.32,25.5,27.0,97.0,8.29,4.94,True,3,83,74.0,1,1.4779835586775343,-0.659359892681932,1.202007838928036,-1.1684324768465528,-0.06595378282710605,-1.2823339935432547,2.401040704864785,1.6994777257251015
2014,Gabe Ikard,C,Oklahoma,6-4,304.0,5.13,26.0,22.0,103.0,7.3,4.37,False,0,0,76.0,0,-0.11184682610477643,0.46666271157950695,-0.7599818546564369,-0.5238731228580491,-1.0198268184683523,0.14821823917265034,-1.6066496840519517,-1.8844396767425204
2014,Bennett Jackson,CB,Notre Dame,6-0,195.0,4.51,38.0,13.0,128.0,6.75,4.0,True,6,187,72.0,0,0.18468134145340132,0.36731036733780453,0.15424503848920643,0.8019466555508025,-0.34728089721078226,0.9368299407633965,-0.9507171988065376,-1.358703921554894
2014,Gabe Jackson,OG,Mississippi State,6-3,336.0,5.34,29.0,30.0,108.0,8.25,4.78,True,3,81,75.0,0,1.868589311881371,-0.9618264282169726,0.3898333042625734,0.6650800773696698,0.8822037946761832,0.9574213194549976,1.4496499810939973,-0.05820486188156109
2014,Ja'Wuan James,OT,Tennessee,6-6,311.0,5.26,29.0,22.0,103.0,7.42,4.56,True,1,19,78.0,0,-0.22227724631041887,0.3164807866594626,0.2342717598716294,0.2933226769921536,-0.4783122040839738,-0.17347614871510225,-1.3752858490282838,-1.0752003057403783
2014,Kendall James,CB,Maine,5-10,180.0,4.44,39.0,9.0,122.0,6.81,4.19,True,6,184,70.0,1,-1.546066165328023,-0.8804374131664883,-0.6255493227617877,1.1677468843985368,-1.414380381367549,-0.12337715737732258,-0.6026300929788343,0.1731775012375137
2014,Jeff Janis,WR,Saginaw Valley State,6-3,219.0,4.42,37.5,20.0,123.0,6.64,3.98,True,7,236,75.0,0,1.1143871742538962,0.9979437798498162,-0.918966110365521,0.6940225234861273,1.5356956970062727,0.26799891445775326,-1.6694845837846457,-1.936496598721351
2014,Stanley Jean-Baptiste,CB,Nebraska,6-3,218.0,4.61,41.5,13.0,128.0,6.92,4.33,True,2,58,75.0,1,2.8384941851849184,2.238932038094244,1.2682369831334994,2.0822474565178726,-0.34728089721078226,0.9368299407633965,0.03552960103862786,1.3019322338213881
2014,Jackson Jeffcoat,DE,Texas,6-3,247.0,4.63,36.0,18.0,123.0,6.97,4.18,False,0,0,75.0,0,-1.4527449840679247,-0.5934246812855645,-1.2998812400351154,1.037421335169431,-1.2226256667237447,1.2312058588191428,-1.275748323690499,-1.6241556414580738
2014,Marcel Jensen,TE,Fresno State,6-6,259.0,4.85,35.0,24.0,115.0,7.38,4.6,False,0,0,78.0,0,0.9276423161765367,1.208966411885534,0.7583842235462213,0.5179928051742763,1.2073083221249519,-0.34944782250219747,1.1312549356959452,1.513935532304096
2014,Timmy Jernigan,DT,Florida State,6-2,299.0,5.06,29.5,27.0,102.0,7.65,4.83,True,2,48,74.0,1,-0.5414395214957325,-0.659359892681932,-0.25567719692385094,0.15053424548329783,-0.06595378282710605,-0.46958709622710704,-0.02416417909744982,1.04564469683669
2014,Anthony Johnson,DT,LSU,6-2,308.0,5.24,24.5,20.0,102.0,7.93,4.83,False,0,0,74.0,0,0.026523219802998828,-0.659359892681932,0.7534893663582255,-1.4981741574290155,-1.4923273845655616,-0.46958709622710704,1.0368629576360273,1.04564469683669
2014,Dontae Johnson,CB,North Carolina State,6-2,200.0,4.41,38.5,12.0,124.0,6.82,4.24,True,4,129,74.0,0,0.7615971770472094,1.6150581478420973,-0.9597469061550765,0.9848467699746696,-0.614055768249974,0.23002520866958379,-0.5446155753408795,0.5763041914460397
2014,Storm Johnson,RB,Central Florida,6-0,209.0,4.6,35.5,16.0,118.0,7.07,4.28,True,7,222,72.0,2,-0.3016426306680049,0.9750523933679008,0.328728996649348,0.281718885875167,-0.6847610697828785,-0.16154966307142618,0.04887238355426378,-0.07290972958950806
2014,Wesley Johnson,C,Vanderbilt,6-5,297.0,5.11,29.0,26.0,111.0,7.4,4.64,True,5,173,77.0,0,-1.230315087152559,1.3263045486996488,-0.897091983073832,0.6341622013544801,0.02233197412704413,1.4451278319333454,-1.2079773058752872,-0.22092216668023137
2014,DaQuan Jones,DT,Penn State,6-4,322.0,5.35,27.5,25.0,101.0,7.73,4.78,True,4,112,76.0,0,0.910020817378803,0.7477277133506463,1.3702022661417113,-0.5089491156816275,-0.4734890976095219,-0.6321364756903366,0.27898643139783036,0.7484478655237773
2014,Howard Jones,OLB,Shepherd,6-2,235.0,4.6,40.5,21.0,124.0,7.16,4.41,False,0,0,74.0,0,-0.8301085771680585,0.031800229423403006,-0.765174608862036,1.9365986376078697,-0.3281359915839852,0.8570340555933398,0.21566663650958942,0.6637433994372538
2014,T.J. Jones,WR,Notre Dame,6-0,188.0,4.46,33.0,14.0,119.0,6.82,4.27,True,6,189,72.0,1,-0.9713327831861341,-0.3187284147428101,-0.4994956500612927,-0.7701533510510583,-0.06690467575609896,-0.428189942771717,-0.7472438298555765,0.10526667003285377
2014,Reggie Jordan,FB,Missouri Western State,6-3,240.0,4.77,30.0,24.0,116.0,7.22,4.3,False,0,0,75.0,0,-0.31693850518989053,1.5266178275081304,-0.20462816022476166,-0.9918084873921498,0.21733917633780242,0.42534442353662943,-0.01631999362526231,-0.43667570337143863
2014,Henry Josey,RB,Missouri,5-8,194.0,4.43,34.5,20.0,118.0,7.07,4.13,False,0,0,68.0,0,-1.436560501869053,-1.1822063817024666,-1.2862898251666952,-0.03692944196865367,0.2192732168812936,-0.16154966307142618,0.04887238355426378,-1.2001488935502254
2014,Lamarcus Joyner,CB,Florida State,5-8,184.0,4.55,37.5,14.0,124.0,7.26,4.4,True,2,41,68.0,0,-1.0845334968529765,-2.128185193670781,0.5998418163469216,0.6190465411269354,-0.08050602617159051,0.23002520866958379,2.008023200728959,1.866309600113329
2014,Odell Beckham Jr.,WR,LSU,5-11,198.0,4.38,38.5,7.0,122.0,6.69,3.94,True,1,12,71.0,0,-0.2985198936893501,-0.7576191462736855,-1.3384365706697492,1.0193949400499462,-1.9366051106455326,0.09395170015038568,-1.4133065965821237,-2.218119118549518
2014,James Wilder Jr.,RB,Florida State,6-3,232.0,4.65,35.0,18.0,121.0,6.92,4.24,False,0,0,75.0,0,1.438564771840269,2.5929964746706764,0.803734532477603,0.1223947219532567,-0.23274392645079248,0.38663009251925384,-0.8659701681020568,-0.3735068399790322
2014,Devon Kennard,OLB,USC,6-3,249.0,4.7,30.0,23.0,113.0,7.25,4.32,True,5,174,75.0,0,0.586951334521774,0.7234552193823325,0.10049757541620877,-1.327391870611298,0.12862930870092187,-0.864228465294017,0.653713267863704,-0.03292024903374371
2014,Zach Kerr,DT,Tennessee,6-1,326.0,5.06,28.5,28.0,99.0,7.93,4.71,False,0,0,73.0,0,1.1624487024004615,-1.362903695698221,-0.25567719692385094,-0.17920743509916484,0.13781387456410185,-0.9572352346167957,1.0368629576360273,0.3323723016856967
2014,Christian Kirksey,OLB,Iowa,6-2,233.0,4.72,32.0,16.0,122.0,7.105,4.32,True,3,71,74.0,2,-1.0325457074094633,0.031800229423403006,0.27363201227185313,-0.705679392855266,-1.470049242296253,0.5440772336138203,-0.05202852709570183,-0.03292024903374371
2014,Cyrus Kouandjio,OT,Alabama,6-7,322.0,5.59,27.5,21.0,96.0,7.71,4.84,True,2,44,79.0,0,0.7983835785843535,1.195594082935749,2.082802915075488,-0.18958660829980642,-0.7180009477786156,-1.228398674685323,-0.3549629195331674,0.3871835297873366
2014,Kenny Ladler,S,Vanderbilt,6-0,207.0,4.7,36.5,24.0,127.0,6.975,4.21,False,0,0,72.0,2,0.07035299677522143,-0.13287400803657493,1.3870469056358463,0.4179648126125028,1.85115540996617,0.9385955868152648,0.04632965387590674,-0.06520868639088993
2014,Jarvis Landry,WR,LSU,5-11,205.0,4.65,28.5,12.0,110.0,6.96,4.25,True,2,63,71.0,2,0.1724491289583987,-0.7576191462736855,1.4929890363837939,-2.234329225588244,-0.6011048000102228,-1.994614871538025,-0.029945465688526695,-0.03554458988122652
2014,Tyler Larsen,C,Utah State,6-4,313.0,5.17,23.5,36.0,102.0,8.22,4.7,False,0,0,76.0,0,1.3261837952423725,0.46666271157950695,-0.4857615978216407,-1.4889025597018235,2.627728955615535,-0.013895459922436544,2.0611361951733467,0.1487483911113921
2014,Demarcus Lawrence,DE,Boise State,6-3,251.0,4.8,34.5,20.0,113.0,7.46,4.31,True,2,34,75.0,0,-1.1751015249279326,-0.5934246812855645,-0.12486501156783554,0.5454908053075169,-0.7836495590502666,-0.4054672601187948,0.9500204908212248,-0.8068651056767031
2014,Nevin Lawson,CB,Utah State,5-9,190.0,4.48,33.0,16.0,120.0,7.12,4.4,True,4,133,69.0,0,-0.3922344941404068,-1.5043113034186348,-0.17995254490407253,-1.027054488687869,0.45304371590679293,-0.4767795234242289,1.1958199537976475,1.866309600113329
2014,Marqise Lee,WR,USC,6-0,192.0,4.52,38.0,14.0,127.0,6.96,4.01,True,2,39,72.0,2,-0.7022076273874205,-0.3187284147428101,0.12971004039504505,0.8567087317680367,-0.06690467575609896,0.9641877716872235,-0.029945465688526695,-1.7252797088502274
2014,Charles Leno,OG,Boise State,6-4,303.0,5.25,29.0,21.0,108.0,7.57,4.4,True,7,246,76.0,0,-1.032614082428876,-0.12394670466714025,-0.10304820511679058,0.6650800773696698,-1.117545790573407,0.9574213194549976,-0.9411906593669975,-2.005036231690922
2014,A.C. Leonard,TE,Tennessee State,6-2,252.0,4.5,34.0,20.0,128.0,7.14,4.38,False,0,0,74.0,2,0.1194389248295978,-1.5053581773800555,-1.6334127321225966,0.19261104307924293,0.05937581912089951,1.8897900655997004,-0.08661580714145264,-0.04269761775232858
2014,Taylor Lewan,OT,Michigan,6-7,309.0,4.87,30.5,29.0,117.0,7.39,4.49,True,1,11,79.0,0,-0.407851941745832,1.195594082935749,-1.9503559690056556,0.7762319622841136,1.1995090017785184,1.9363689032253395,-1.4808364969070897,-1.4407962646223034
2014,Isaiah Lewis,S,Michigan State,5-10,211.0,4.6,36.5,15.0,122.0,7.05,4.47,False,0,0,70.0,0,0.5214398584516496,-1.420275508124312,0.4100639478697195,0.4179648126125028,-0.47107407491466474,0.09238451185361173,0.48166864288227146,2.2162902917793534
2014,Brandon Linder,OG,Miami (FL),6-6,311.0,5.35,26.5,30.0,100.0,7.83,4.79,True,3,93,78.0,2,-0.3292920474445738,1.5518127424325245,0.444597916415835,-0.1625968966765318,0.8822037946761832,-0.22795745701309367,-0.027045708602499857,-0.00697245741289477
2014,Boseko Lokombo,OLB,Oregon,6-2,225.0,4.66,34.0,22.0,122.0,7.15,4.3,False,0,0,74.0,2,-1.8422942283750818,0.031800229423403006,-0.24577129829508762,-0.08396691509923414,-0.09975334144153167,0.5440772336138203,0.16699478858135544,-0.18773439313841364
2014,Craig Loston,S,LSU,6-1,217.0,4.65,32.5,12.0,119.0,7.15,4.35,False,0,0,73.0,0,1.198070150966292,0.5108267420072936,0.8985554267527873,-0.9838248666109645,-1.245150569874943,-0.4153421331233801,1.0621206282240927,1.1632907633930856
2014,Marcus Lucas,WR,Missouri,6-4,218.0,4.6,36.0,20.0,124.0,7.07,4.25,False,0,0,76.0,0,1.0471058853042179,1.4368345113806915,0.9686509610035016,0.2059638986403987,1.5356956970062727,0.4420461287651208,0.5336461061570154,-0.03554458988122652
2014,Colt Lyerla,TE,Oregon,6-4,242.0,4.61,39.0,15.0,128.0,7.14,4.38,False,0,0,76.0,2,-1.035137348523172,-0.14819588274726075,-0.8817051174838223,1.8195198535544093,-1.375539809634166,1.8897900655997004,-0.08661580714145264,-0.04269761775232858
2014,Arthur Lynch,TE,Georgia,6-5,258.0,4.82,29.5,28.0,116.0,7.38,4.35,True,5,155,77.0,0,0.8121846888412597,0.5303852645691367,0.5533730559174695,-1.271606886348407,2.3552408251290045,-0.17719875418666686,1.1312549356959452,-0.2549657745782066
2014,Jordan Lynch,QB,Northern Illinois,6-0,217.0,4.76,29.5,16.0,109.0,6.55,4.2,False,0,0,72.0,1,-0.46909839152734345,-1.6571668772219534,-0.2898163355057436,-0.6741207062572604,-0.061313606531362225,-0.5586947574569032,-2.792190212032479,-0.8964725942638049
2014,Khalil Mack,OLB,Buffalo,6-3,251.0,4.65,40.0,23.0,128.0,7.08,4.18,True,1,5,75.0,0,0.7893884647631787,0.7234552193823325,-0.3323385167229098,1.7811705181688615,0.12862930870092187,1.4829476995523785,-0.17370814691629113,-1.1166192577664125
2014,Eathyn Manumaleuna,DT,BYU,6-2,296.0,5.16,28.0,29.0,101.0,7.78,4.61,False,0,0,74.0,0,-0.7307604352619762,-0.659359892681932,0.30497089378841485,-0.3440782753903962,0.34158153195530977,-0.6321364756903366,0.4684555629573796,-0.2620213609401283
2014,Johnny Manziel,QB,Texas A&M,6-0,207.0,4.68,31.5,16.0,113.0,6.75,4.03,True,1,22,72.0,1,-1.4169341826271147,-1.6571668772219534,-0.7884553769105189,0.020606309798256655,-0.061313606531362225,0.05647769709906435,-1.7648174492640574,-2.0423884974667743
2014,Cassius Marsh,DE,UCLA,6-4,252.0,4.89,32.0,14.0,108.0,7.08,4.25,True,4,108,76.0,0,-1.1056906601429346,0.08526216685136973,0.4972024035030766,-0.27439341112900656,-2.100577882070701,-1.2238038195877636,-0.7760859367592945,-1.1840761221911797
2014,Kareem Martin,DE,North Carolina,6-6,272.0,4.72,35.5,22.0,129.0,7.2,4.33,True,3,84,78.0,0,0.2825266355570255,1.4426358631252383,-0.6778138249642033,0.8734444918821264,-0.34467345137678845,2.2132097301819056,-0.2309996964707088,-0.6811281001718739
2014,Zack Martin,OG,Notre Dame,6-4,308.0,5.22,28.0,29.0,106.0,7.65,4.59,True,1,16,76.0,0,-0.5930378105636872,-0.12394670466714025,-0.2673420415765802,0.33400928775118915,0.6600093963151176,0.6610766253379748,-0.6599152899009977,-1.031620546786244
2014,Tre Mason,RB,Auburn,5-8,207.0,4.5,38.5,19.0,126.0,7.07,4.15,True,3,75,68.0,2,-0.4529650134948113,-1.1822063817024666,-0.621282075007145,1.2376638694066293,-0.006735354784749435,1.3002630185037205,0.04887238355426378,-1.0498503383554598
2014,Jeff Mathews,QB,Cornell,6-4,223.0,5.26,25.5,16.0,105.0,7.14,4.36,False,0,0,76.0,1,0.09960308313251924,0.6753861030427393,2.8266776732740997,-2.0635747383682945,-0.061313606531362225,-1.1738672120128708,0.23855943813436117,0.18203649110369735
2014,Jake Matthews,OT,Texas A&M,6-5,308.0,5.07,30.5,24.0,105.0,7.34,4.47,True,1,6,77.0,0,-0.5006392894635386,-0.5626325096168238,-0.8300340567608921,0.7762319622841136,0.0010652833053096855,0.12793028727638941,-1.6567542433717644,-1.5452522528742854
2014,Jordan Matthews,WR,Vanderbilt,6-3,212.0,4.46,35.5,21.0,120.0,6.95,4.18,True,2,42,75.0,0,0.6434181516061475,0.9979437798498162,-0.4994956500612927,0.043277690358489204,1.8027957591333346,-0.25414272846434943,-0.08118106312902927,-0.5283839995805201
2014,Josh Mauro,DE,Stanford,6-6,271.0,5.21,32.0,21.0,116.0,7.43,4.51,False,0,0,78.0,0,0.2131157707720275,1.4426358631252383,2.7089976570885472,-0.27439341112900656,-0.5641615052135275,0.0855346755625865,0.8137489307490773,0.4505049493715616
2014,A.J. McCarron,QB,Alabama,6-3,220.0,4.94,28.0,16.0,99.0,7.18,4.34,True,5,164,75.0,1,-0.1847476541974121,0.09224785797656607,0.8321215076550037,-1.1951659682988982,-0.061313606531362225,-2.096625893846822,0.44403399068804544,0.04722285543275658
2014,Daniel McCullers,DT,Tennessee,6-7,352.0,5.18,20.5,27.0,97.0,7.65,4.645,True,6,215,79.0,2,2.8032299550412407,2.8583591223995137,0.417100511930865,-2.8171408797588664,-0.06595378282710605,-1.2823339935432547,-0.02416417909744982,-0.05398357902109323
2014,Keith McGill,CB,Utah,6-3,211.0,4.51,39.0,14.0,129.0,7.29,4.18,True,4,116,75.0,1,2.0308120153535874,2.238932038094244,0.15424503848920643,1.1677468843985368,-0.08050602617159051,1.1135311237868497,2.182066753642813,0.09255216319580274
2014,Jerick McKinnon,RB,Georgia Southern,5-9,209.0,4.41,40.5,32.0,132.0,6.83,4.12,True,3,96,69.0,0,-0.3016426306680049,-0.6428916879348747,-1.4762920394979906,1.8749605250942707,2.9313760768738097,2.3966225296850805,-1.414875699095847,-1.2752981711476046
2014,Jack Mewhort,OT,Ohio State,6-6,309.0,5.37,26.0,28.0,101.0,7.79,4.64,True,2,59,78.0,0,-0.407851941745832,0.3164807866594626,0.8504488116062505,-0.6724958935917664,0.9598202580838767,-0.47488258470659395,-0.07349452518968677,-0.6573763527324596
2014,Tevin Mims,DE,South Florida,6-4,260.0,4.95,27.5,17.0,109.0,7.24,4.43,False,0,0,76.0,2,-0.5504037418629506,0.08526216685136973,0.9119140135503554,-1.750185000714749,-1.4421137205604837,-1.06013650769397,-0.049304283041180265,-0.05244307264774429
2014,Terrance Mitchell,CB,Oregon,5-11,192.0,4.63,34.0,14.0,117.0,6.57,4.0,True,7,254,71.0,1,-0.16146815990288352,-0.25656352291434187,1.491035372062352,-0.6612542598401346,-0.08050602617159051,-1.0068830724945885,-1.9949785162896527,-1.358703921554894
2014,Donte Moncrief,WR,Mississippi,6-2,221.0,4.4,39.5,13.0,132.0,7.02,4.3,True,3,90,74.0,0,1.248949752153253,0.5590530483189408,-1.1287013405176305,1.3447673566137652,-0.33400473788316093,1.8344238432240614,0.2774681189544933,0.31648355990398047
2014,Zach Moore,DE,Concordia (MN),6-5,269.0,4.84,33.5,23.0,123.0,7.41,4.46,True,6,198,77.0,0,0.07429404120203148,0.7639490149883039,0.1516093951303483,0.21753711873290754,-0.1251853975400494,1.2312058588191428,0.7229012240343151,0.1361624356094968
2014,James Morris,ILB,Iowa,6-1,241.0,4.8,34.5,18.0,117.0,6.94,4.36,False,0,0,73.0,0,0.05628366386589757,-0.18296202833869626,0.39238791926751837,0.4179798124629619,-1.021350480209652,0.13648958880062972,-1.0038791241213365,0.4082947702173931
2014,Stephen Morris,QB,Miami (FL),6-2,213.0,4.63,30.0,16.0,111.0,7.36,4.49,False,0,0,74.0,1,-0.8482327079672519,-0.4908903870896071,-1.1001047777885022,-0.5004389522433812,-0.061313606531362225,-0.25110853017891943,1.368669477179627,1.0583251229647914
2014,Morgan Moses,OT,Virginia,6-6,314.0,5.35,21.5,24.0,106.0,7.93,4.95,True,3,66,78.0,1,0.05608479684270086,0.3164807866594626,0.7384166203817717,-2.1212237494676462,0.0010652833053096855,0.27863350527213526,0.4190751649114027,0.9616914651732257
2014,C.J. Mosley,ILB,Alabama,6-2,234.0,4.65,35.0,22.0,118.0,7.3,4.4,True,1,17,74.0,1,-1.2019285638459059,0.5415676038825611,-0.8580328105871352,0.5971140178042317,0.07771144958116945,0.3412239720015729,1.1119252510226305,0.7105092169577424
2014,Jake Murphy,TE,Utah,6-4,249.0,4.79,33.0,24.0,114.0,7.18,4.27,False,0,0,76.0,0,-0.2269339571762332,-0.14819588274726075,0.34836188828871184,-0.13277071901579035,1.2073083221249519,-0.5216968908177281,0.11636264999811365,-0.821014192780544
2014,Trent Murphy,DE,Stanford,6-5,250.0,4.86,35.5,19.0,118.0,6.78,4.2,True,2,47,77.0,0,-1.2445123897129307,0.7639490149883039,0.2898465984794433,0.8734444918821264,-1.0031376128870055,0.412869299350174,-2.1388015374807567,-1.4984186359532445
2014,Jordan Najvar,TE,Baylor,6-6,256.0,4.93,32.5,18.0,112.0,7.14,4.47,False,0,0,78.0,0,0.5812694341707058,1.208966411885534,1.3050806705562377,-0.29546160006330696,-0.5145904323811267,-0.8661950274487893,-0.08661580714145264,0.5941068527252993
2014,Jonathan Newsome,OLB,Ball State,6-3,247.0,4.73,34.0,21.0,117.0,7.31,4.63,True,5,166,75.0,0,0.38451420428036936,0.7234552193823325,0.36019923069968296,-0.08396691509923414,-0.3281359915839852,-0.2383148213349782,0.9457443554331122,2.3666989845885817
2014,Troy Niklas,TE,Notre Dame,6-6,270.0,4.84,32.0,27.0,114.0,7.57,4.55,True,2,52,78.0,0,2.1976762168645836,1.208966411885534,0.6900471676699707,-0.45815248111082363,2.068257699377991,-0.5216968908177281,2.0954026071088863,1.1601552709276366
2014,Kevin Norwood,WR,Alabama,6-2,198.0,4.48,33.0,8.0,121.0,6.68,4.32,True,4,123,74.0,0,-0.2985198936893501,0.5590530483189408,-0.2897604199091739,-0.7701533510510583,-1.6695050485184706,-0.08009551415698189,-1.4645421940226306,0.45729481981806697
2014,Kyle Van Noy,OLB,BYU,6-3,243.0,4.71,32.5,21.0,112.0,7.22,4.2,True,2,40,75.0,0,-0.02036005620243996,0.7234552193823325,0.18706479384403094,-0.5502512734162581,-0.3281359915839852,-1.0207068762837768,0.5076977240789977,-0.9618051136617426
2014,Pat O'Donnell,P,Miami (FL),6-4,220.0,4.64,30.5,23.0,120.0,7.155,4.41,True,6,191,76.0,2,0.34994653225449446,0.820879832959424,-1.434747989716894,-0.435194139889244,0.32519680361730263,1.2856634096568205,0.0,-0.026775897118032296
2014,Tenny Palepoi,DT,Utah,6-1,298.0,5.1,30.5,31.0,111.0,7.67,4.53,False,0,0,73.0,0,-0.604546492751147,-1.362903695698221,-0.031417960638945606,0.4802759260657605,0.7491168467377256,0.9933573189419589,0.051623473526368535,-0.7375362910407903
2014,Matt Paradis,C,Boise State,6-3,306.0,5.34,26.0,23.0,103.0,7.6,4.46,True,6,207,75.0,0,0.20771553419459,-0.39297912554063485,0.6796744937262416,-0.5238731228580491,-0.7592871203195032,0.14821823917265034,-0.410632549521965,-1.3299338400550909
2014,Jacob Pedersen,TE,Wisconsin,6-3,238.0,4.82,28.5,19.0,111.0,7.55,4.4,False,0,0,75.0,1,-1.49696785786428,-0.8267770300636582,0.5533730559174695,-1.5969886484434401,-0.22760730663011358,-1.03844409576432,1.9939133785391008,0.0988144867982589
2014,LaDarius Perkins,RB,Mississippi State,5-7,195.0,4.46,35.5,23.0,124.0,7.08,4.3,False,0,0,67.0,0,-1.3608993104556497,-1.7215210754700585,-1.001286503669744,0.281718885875167,0.8972989318794227,0.934809848109934,0.10986188699801705,0.07738882560525068
2014,Kevin Pierre-Louis,OLB,Boston Col.,6-0,232.0,4.51,39.0,28.0,128.0,6.92,4.02,True,4,132,72.0,0,-1.1337642725301655,-1.351509750494456,-1.544279574712451,1.4703142792908457,1.2705425594131896,1.4829476995523785,-0.9524577137680522,-2.3551324106037446
2014,Ronald Powell,OLB,Florida,6-3,237.0,4.65,35.5,21.0,114.0,7.105,4.32,True,5,169,75.0,2,-0.6276714469266539,0.7234552193823325,-0.3323385167229098,0.38231744321778977,-0.3281359915839852,-0.7077500543042573,-0.05202852709570183,-0.03292024903374371
2014,Jabari Price,CB,North Carolina,5-11,200.0,4.45,35.5,16.0,122.0,7.04,4.3,True,7,225,71.0,2,0.7615971770472094,-0.25656352291434187,-0.5141501282973614,-0.11255391656853322,0.45304371590679293,-0.12337715737732258,0.7317038126940396,1.0600562196962695
2014,Calvin Pryor,S,Louisville,5-11,207.0,4.58,34.5,18.0,116.0,6.975,4.21,True,1,18,71.0,2,0.07035299677522143,-0.7765747580804434,0.21466735631649933,-0.28293002699923087,0.3030024200456135,-0.9230687781003719,0.04632965387590674,-0.06520868639088993
2014,Loucheiz Purifoy,CB,Florida,5-11,190.0,4.61,35.5,6.0,120.0,6.92,4.16,False,0,0,71.0,2,-0.3922344941404068,-0.25656352291434187,1.2682369831334994,-0.11255391656853322,-2.2147049944851243,-0.4767795234242289,0.03552960103862786,-0.06869851288760483
2014,Kelcy Quarles,DT,South Carolina,6-4,297.0,5.03,23.5,27.0,102.0,7.65,4.645,False,0,0,76.0,2,-0.6676534640065617,0.7477277133506463,-0.42387162413752616,-1.8279158380114782,-0.06595378282710605,-0.46958709622710704,-0.02416417909744982,-0.05398357902109323
2014,Silas Redd,RB,USC,5-10,212.0,4.7,37.0,18.0,122.0,7.07,4.28,False,0,0,70.0,2,-0.07465905642779525,-0.10357699416728292,1.2787400683058496,0.7596913776408981,-0.23274392645079248,0.5693566777161472,0.04887238355426378,-0.07290972958950806
2014,Tevin Reese,WR,Baylor,5-10,163.0,4.46,41.0,14.0,132.0,6.63,4.18,True,7,240,70.0,1,-2.653365006928094,-1.196509877804561,-0.4994956500612927,1.8328259814594938,-0.06690467575609896,1.8344238432240614,-1.7207201812251482,-0.5283839995805201
2014,Caraun Reid,DT,Princeton,6-2,302.0,4.91,26.5,20.0,106.0,7.59,4.58,True,5,158,74.0,0,-0.3521186077294887,-0.659359892681932,-1.096649332992242,-0.8386907962640902,-1.4923273845655616,0.18061042162581112,-0.2515271369689116,-0.44033945972787786
2014,Bryn Renner,QB,North Carolina,6-3,228.0,4.87,25.5,16.0,108.0,7.22,4.3,False,0,0,75.0,1,0.5735209786824048,0.09224785797656607,0.3958123464258239,-2.0635747383682945,-0.061313606531362225,-0.7124878710958951,0.6495085432417298,-0.22240441590911897
2014,Ed Reynolds,S,Stanford,6-1,207.0,4.57,32.5,15.0,117.0,6.975,4.21,True,5,162,73.0,2,0.07035299677522143,0.5108267420072936,0.11696906053988926,-0.9838248666109645,-0.47107407491466474,-0.7538265631080413,0.04632965387590674,-0.06520868639088993
2014,Rashaad Reynolds,CB,Oregon State,5-10,189.0,4.51,37.5,20.0,123.0,6.72,4.0,False,0,0,70.0,0,-0.5076176612591684,-0.8804374131664883,0.15424503848920643,0.6190465411269354,1.52014320006356,0.053324025646130604,-1.124760751720392,-1.358703921554894
2014,Cyril Richardson,OG,Baylor,6-5,329.0,5.36,25.5,25.0,91.0,7.7,4.83,True,5,153,77.0,0,1.2531825312701066,0.7139330188826921,0.49936252856910146,-0.4936676862950124,-0.22876819712914473,-1.5615085805396964,-0.48411818398474865,0.19795716046177506
2014,Paul Richardson,WR,Colorado,6-0,175.0,4.4,38.0,14.0,124.0,7.09,4.25,True,2,45,72.0,2,-1.8459895395319534,-0.3187284147428101,-1.1287013405176305,0.8567087317680367,-0.06690467575609896,0.4420461287651208,0.6361173010380204,-0.03554458988122652
2014,Weston Richburg,C,Colorado State,6-3,298.0,5.1,25.5,25.0,106.0,7.93,4.63,True,2,43,75.0,0,-1.0705339070028757,-0.39297912554063485,-0.9656470472825356,-0.716879010226804,-0.23820772402180496,0.634559336457911,0.9049862984610216,-0.2825339263121668
2014,Marcus Roberson,CB,Florida,6-0,191.0,4.61,37.5,8.0,120.0,6.84,4.08,False,0,0,72.0,0,-0.27685132702164517,0.36731036733780453,1.2682369831334994,0.6190465411269354,-1.6811552524067408,-0.4767795234242289,-0.42858654006498004,-0.7137012172212495
2014,Allen Robinson,WR,Penn State,6-3,220.0,4.6,39.0,14.0,127.0,7.0,4.0,True,2,61,75.0,1,1.1816684632035748,0.9979437798498162,0.9686509610035016,1.1820811483318556,-0.06690467575609896,0.9641877716872235,0.17499692407348816,-1.7956853388072676
2014,Greg Robinson,OT,Auburn,6-5,332.0,4.92,28.5,32.0,113.0,7.8,4.86,True,1,2,77.0,0,1.7262570557614192,-0.5626325096168238,-1.670275490944466,0.13235291522816692,1.9185752328624437,1.333556031242356,-0.03831097589675248,0.49163951803931855
2014,Bradley Roby,CB,Ohio State,5-11,194.0,4.39,38.5,17.0,124.0,6.92,4.04,True,1,31,71.0,1,0.06929817433463971,-0.25656352291434187,-1.182545295083939,0.9848467699746696,0.7198185869459847,0.23002520866958379,0.03552960103862786,-1.0362025693880716
2014,Richard Rodgers,TE,California,6-4,257.0,4.87,31.5,16.0,116.0,7.23,4.47,True,3,98,76.0,0,0.6967270615059827,-0.14819588274726075,0.8950583352987284,-0.6208433621583402,-1.0885566838831529,-0.17719875418666686,0.3700857214225749,0.5941068527252993
2014,Michael Sam,DE,Missouri,6-2,261.0,4.91,25.5,17.0,114.0,7.8,4.7,True,7,249,74.0,0,-0.48099287707795263,-1.2721115294224987,0.6354396068521716,-2.406092373863968,-1.4421137205604837,-0.24179994822500103,2.494431504972215,1.6450065016674145
2014,Bishop Sankey,RB,Washington,5-9,209.0,4.49,35.5,26.0,126.0,6.75,4.0,True,2,54,69.0,0,-0.3016426306680049,-0.6428916879348747,-0.7162831821727927,0.281718885875167,1.5753246468775517,1.3002630185037205,-1.902791726645884,-2.177089502316177
2014,Tom Savage,QB,Pittsburgh,6-4,228.0,4.97,27.0,16.0,105.0,7.33,4.36,True,4,135,76.0,1,0.5735209786824048,0.6753861030427393,1.0191111481817903,-1.5425294763266568,-0.061313606531362225,-1.1738672120128708,1.2145635627643627,0.18203649110369735
2014,Michael Schofield,OT,Michigan,6-6,301.0,5.01,24.0,24.0,93.0,7.62,4.57,True,3,95,78.0,1,-1.1501507234874846,0.3164807866594626,-1.1661306304343237,-1.316374940647713,0.0010652833053096855,-1.6805083286725606,-0.6716148631695823,-1.022972311614385
2014,Lache Seastrunk,RB,Baylor,5-9,201.0,4.51,41.5,15.0,134.0,7.07,4.28,True,6,186,69.0,2,-0.9069321619752305,-0.6428916879348747,-0.5262809678414975,2.1936088529380915,-0.9107696414489216,2.762075700078867,0.04887238355426378,-0.07290972958950806
2014,Connor Shaw,QB,South Carolina,6-0,206.0,4.66,34.0,16.0,116.0,7.07,4.33,False,0,0,72.0,1,-1.5117177617370916,-1.6571668772219534,-0.91311513726171,0.889015079867653,-0.061313606531362225,0.51785703801604,-0.12102102883458295,-0.020183962402710812
2014,Ryan Shazier,OLB,Ohio State,6-1,237.0,4.58,42.0,25.0,130.0,6.91,4.21,True,1,15,73.0,0,-0.6276714469266539,-0.6598547605355265,-0.9383090457176804,2.4028829959248936,0.585394608985829,1.795904521531898,-1.0011295616962863,-0.8843980416094112
2014,Prince Shembo,OLB,Notre Dame,6-1,253.0,4.71,38.5,26.0,122.0,7.29,4.31,True,4,139,73.0,0,0.9918255950045833,-0.6598547605355265,0.18706479384403094,1.3148861598518375,0.8137772591282826,0.5440772336138203,0.8484006595766442,-0.1103273210860821
2014,Charles Sims,RB,West Virginia,6-0,214.0,4.48,37.5,17.0,126.0,7.16,4.3,True,3,69,72.0,0,0.07666332639901118,0.9750523933679008,-0.8112842893384403,0.9190155415628085,-0.4587524981168355,1.3002630185037205,0.597777914548054,0.07738882560525068
2014,Chris Smith,OLB,Arkansas,6-1,266.0,4.66,37.0,28.0,121.0,7.55,4.46,True,5,159,73.0,0,2.3076669415737134,-0.6598547605355265,-0.24577129829508762,0.8486018015348137,1.2705425594131896,0.38759882262406065,2.113868705710754,1.0507787596989182
2014,Jerome Smith,RB,Syracuse,5-11,220.0,4.84,36.0,14.0,118.0,7.53,4.6,False,0,0,71.0,0,0.5306304748794304,0.43573769960030895,2.6087555686249417,0.4410430497970774,-1.1367782131149646,-0.16154966307142618,2.8543895419669734,2.3318671535266784
2014,Marcus Smith,DE,Louisville,6-3,251.0,4.66,35.0,23.0,121.0,7.48,4.47,True,1,26,75.0,0,-1.1751015249279326,-0.5934246812855645,-1.092525435011476,0.7094676485948217,-0.1251853975400494,0.9038712350315553,1.040868197535991,0.19903093836190866
2014,Willie Snead,WR,Ball State,5-11,195.0,4.62,33.5,11.0,113.0,7.19,4.39,False,0,0,71.0,0,-0.5003637605383853,-0.7576191462736855,1.1783861911556204,-0.6074671427691488,-0.8682048621372848,-1.4724732286159223,1.14847327544306,0.9501342295173543
2014,Daniel Sorensen,S,BYU,6-1,205.0,4.67,32.0,13.0,114.0,6.47,3.95,False,0,0,73.0,0,-0.1551904340629927,0.5108267420072936,1.0939520183060074,-1.1590485765138978,-0.9871250715548503,-1.2615532080850331,-2.884952872100275,-2.346707664561133
2014,Tyler Starr,OLB,South Dakota,6-4,250.0,4.95,32.0,24.0,116.0,6.64,4.15,True,7,255,76.0,0,0.6881698996424763,1.415110209341262,2.2646780361118095,-0.705679392855266,0.35701195884337544,-0.3947932323247379,-2.315269455758634,-1.3488404739234072
2014,Shamar Stephen,DT,Connecticut,6-5,309.0,5.25,30.5,25.0,103.0,7.65,4.645,True,7,220,77.0,2,0.08963019105841341,1.4512715163669354,0.8095541754294505,0.4802759260657605,-0.4734890976095219,-0.30703771676387753,-0.02416417909744982,-0.05398357902109323
2014,Josh Stewart,WR,Oklahoma State,5-10,178.0,4.69,35.0,11.0,117.0,7.1,4.33,False,0,0,70.0,0,-1.6441456726829182,-1.196509877804561,1.9124594966880222,-0.11940851792342029,-0.8682048621372848,-0.7762843713864521,0.6873528984785231,0.5277004497751071
2014,James Stone,C,Tennessee,6-4,306.0,5.17,27.5,22.0,105.0,8.16,4.63,False,0,0,76.0,0,0.20771553419459,0.46666271157950695,-0.4857615978216407,0.05514453924821548,-1.0198268184683523,0.4724456373628241,1.8219327682673472,-0.2825339263121668
2014,Devin Street,WR,Pittsburgh,6-3,198.0,4.55,37.0,14.0,124.0,6.89,4.01,True,5,146,75.0,1,-0.2985198936893501,0.9979437798498162,0.4443128856232186,0.5313363152042178,-0.06690467575609896,0.4420461287651208,-0.3885946477720538,-1.7252797088502274
2014,Xavier Su'a-Filo,OG,UCLA,6-4,307.0,5.04,25.0,25.0,102.0,7.6,4.44,True,2,33,76.0,0,-0.680953064936725,-0.12394670466714025,-1.2531050603353082,-0.6592030811042527,-0.22876819712914473,0.06838723710392916,-0.8357123958172499,-1.8001066138162525
2014,Will Sutton,DT,Arizona State,6-0,303.0,5.36,28.5,24.0,99.0,7.93,4.82,True,3,82,72.0,0,-0.28901163647407413,-2.0664474987145103,1.4262670752129414,-0.17920743509916484,-0.6772567550007298,-0.9572352346167957,1.0368629576360273,0.9862053305741084
2014,Travis Swanson,C,Arkansas,6-5,312.0,5.28,26.0,20.0,95.0,7.73,4.65,True,3,76,77.0,0,1.1664026150926892,1.3263045486996488,0.2683441084740503,-0.5238731228580491,-1.5409062147660504,-1.1486913535880448,0.10764154210769943,-0.15931040704829047
2014,Lorenzo Taliaferro,RB,Coastal Carolina,6-0,229.0,4.58,33.0,18.0,118.0,6.88,4.22,True,4,138,72.0,0,1.2115811976000592,0.9750523933679008,0.13872678231805277,-0.5149019337343848,-0.23274392645079248,-0.16154966307142618,-1.1099281818770754,-0.5238053951737976
2014,Brandon Thomas,OG,Clemson,6-3,317.0,5.09,29.0,35.0,98.0,8.13,4.83,True,3,100,75.0,0,0.19819947879365296,-0.9618264282169726,-0.9792819995689954,0.6650800773696698,1.993175786481511,-0.5243021511301165,1.0277369268950007,0.19795716046177506
2014,De'Anthony Thomas,RB,Oregon,5-9,174.0,4.39,32.0,8.0,124.0,7.07,4.28,True,4,124,69.0,2,-2.9497843301371174,-0.6428916879348747,-1.6662942538292942,-0.8335502615782054,-2.492829643111223,0.934809848109934,0.04887238355426378,-0.07290972958950806
2014,Jemea Thomas,CB,Georgia Tech,5-9,192.0,4.52,37.0,19.0,125.0,6.92,4.16,True,6,206,69.0,2,-0.16146815990288352,-1.5043113034186348,0.26564423295363276,0.4361464267030682,1.2533683290243682,0.406726391693037,0.03552960103862786,-0.06869851288760483
2014,Logan Thomas,QB,Virginia Tech,6-6,248.0,4.61,35.5,16.0,118.0,7.05,4.18,True,4,120,78.0,1,2.469192560881947,1.8416625931750856,-1.2247645381396932,1.4100603419092907,-0.061313606531362225,0.8254432652940238,-0.22375830511142739,-1.0312862299347456
2014,Khyri Thornton,DT,Southern Miss,6-3,304.0,5.03,29.0,28.0,112.0,7.83,4.76,True,3,85,75.0,0,-0.22590466521865954,0.04418391033435714,-0.42387162413752616,-0.014336594807933516,0.13781387456410185,1.1559066984051884,0.6579246945169288,0.6295691329986092
2014,Jordan Tripp,OLB,Montana,6-3,234.0,4.67,37.5,22.0,120.0,6.89,3.96,True,5,171,75.0,0,-0.9313271422887609,0.7234552193823325,-0.15920407986726545,1.0040299209738217,-0.09975334144153167,0.23112041163430092,-1.0984732575527585,-2.8195748429177403
2014,Billy Turner,OT,North Dakota State,6-5,315.0,5.16,28.0,25.0,108.0,7.92,4.71,True,3,67,77.0,0,0.14887214456040743,-0.5626325096168238,-0.32588919625074986,-0.02861684653581975,0.24075402699995144,0.5800399412636269,0.3838916156184684,-0.29178039385052984
2014,George Uko,DT,USC,6-3,284.0,4.99,29.5,18.0,110.0,7.65,4.645,False,0,0,75.0,2,-1.4880440903269514,0.04418391033435714,-0.6481308604224315,0.15053424548329783,-1.8998626993479772,0.8308079394787293,-0.02416417909744982,-0.05398357902109323
2014,John Urschel,OG,Penn State,6-3,313.0,5.31,29.0,30.0,102.0,7.55,4.47,True,5,175,75.0,0,-0.1534615386984982,-0.9618264282169726,0.2255394678027838,0.6650800773696698,0.8822037946761832,0.06838723710392916,-1.011509501733499,-1.6464094004102534
2014,Dustin Vaughan,QB,West Texas A&M,6-5,235.0,4.95,29.0,16.0,108.0,7.25,4.43,False,0,0,77.0,1,1.2370060324522445,1.2585243481089123,0.8944513878305993,-0.8478024602711397,-0.061313606531362225,-0.7124878710958951,0.8036144576569941,0.6538842159519751
2014,Brock Vereen,S,Minnesota,6-0,199.0,4.47,34.0,25.0,117.0,6.9,4.07,True,4,131,72.0,0,-0.8318207265776351,-0.13287400803657493,-0.8600138972262377,-0.45815373690216427,2.109180908286263,-0.7538265631080413,-0.3890093351304528,-1.2937081361748652
2014,Jason Verrett,CB,TCU,5-9,189.0,4.38,39.0,14.0,128.0,6.69,4.0,True,1,25,69.0,1,-0.5076176612591684,-1.5043113034186348,-1.2939444895483654,1.1677468843985368,-0.08050602617159051,0.9368299407633965,-1.2988043046342408,-1.358703921554894
2014,L'Damian Washington,WR,Missouri,6-4,195.0,4.46,32.0,8.0,115.0,7.19,4.35,False,0,0,76.0,0,-0.5003637605383853,1.4368345113806915,-0.4994956500612927,-1.0955257676148773,-1.6695050485184706,-1.1243788000011872,1.14847327544306,0.6685117096891874
2014,Sammy Watkins,WR,Clemson,6-1,211.0,4.43,34.0,16.0,126.0,6.95,4.34,True,1,4,73.0,0,0.5761368626564691,0.1201623167880653,-0.8140984952894662,-0.4447809344872393,0.46729544849802496,0.7901405573798559,-0.08118106312902927,0.5981060797321472
2014,Larry Webster,TE,Bloomsburg,6-6,252.0,4.58,36.5,17.0,123.0,7.29,4.44,True,4,136,78.0,0,0.1194389248295978,1.208966411885534,-1.08671628511258,1.006065448316826,-0.8015735581321398,1.0285447240220473,0.6745534071319221,0.38183869589942754
2014,Keith Wenning,QB,Ball State,6-3,218.0,5.0,28.0,16.0,100.0,7.07,4.25,True,6,194,75.0,1,-0.3743148124173663,0.09224785797656607,1.2061007887085824,-1.1951659682988982,-0.061313606531362225,-1.9428327802078302,-0.12102102883458295,-0.5594385050864619
2014,Terrance West,RB,Towson,5-9,225.0,4.56,33.5,16.0,120.0,7.07,4.28,True,3,94,69.0,2,0.9089364319464465,-0.6428916879348747,-0.05127543201325092,-0.3555777698124744,-0.6847610697828785,0.2039035073223605,0.04887238355426378,-0.07290972958950806
2014,Ethan Westbrooks,DE,West Texas A&M,6-3,267.0,4.9,29.0,19.0,110.0,7.3,4.67,False,0,0,75.0,0,-0.06452768836796455,-0.5934246812855645,0.5663210051776272,-1.258254470852835,-1.0031376128870055,-0.8964691958001761,0.22323883710311054,1.4564009934101734
2014,Lavelle Westbrooks,CB,Georgia Southern,5-11,186.0,4.63,36.0,15.0,121.0,6.98,4.27,True,7,252,71.0,0,-0.8537671626154533,-0.25656352291434187,1.491035372062352,0.07034619785533391,0.1862688448676012,-0.30007834040077574,0.3836167068663363,0.8181802055711511
2014,James White,RB,Wisconsin,5-9,204.0,4.57,32.0,23.0,114.0,7.05,4.2,True,4,130,69.0,0,-0.679948587735021,-0.6428916879348747,0.04372567515240514,-0.8335502615782054,0.8972989318794227,-0.8924560038589996,-0.07310662333324816,-0.6741039503685563
2014,Andre Williams,RB,Boston Col.,5-11,230.0,4.56,38.0,19.0,129.0,7.27,4.06,True,4,113,71.0,1,1.2872423890134626,0.43573769960030895,-0.05127543201325092,1.0783397054847188,-0.006735354784749435,1.8484427740944007,1.2686624524293508,-1.7261938367318943
2014,Damien Williams,RB,Oklahoma,5-11,222.0,4.45,35.5,16.0,121.0,7.37,4.25,False,0,0,71.0,0,0.6819528577062368,0.43573769960030895,-1.0962876108353916,0.281718885875167,-0.6847610697828785,0.38663009251925384,1.8785574868668997,-0.29835756238165284
2014,Avery Williamson,ILB,Kentucky,6-1,246.0,4.66,30.5,25.0,120.0,7.11,4.07,True,5,151,73.0,0,0.9550066836600428,-0.18296202833869626,-0.7746714285968265,-1.0150938302671961,0.9020078969242855,0.7506927384034592,-0.004749280303350889,-1.7827599686501383
2014,Albert Wilson,WR,Georgia State,5-9,202.0,4.43,37.5,10.0,123.0,7.0,4.21,False,0,0,69.0,0,-0.02939473789063651,-1.6354006093354365,-0.8140984952894662,0.6940225234861273,-1.1353049242643467,0.26799891445775326,0.17499692407348816,-0.3171671097093933
2014,Kerry Wynn,DE,Richmond,6-5,266.0,4.97,34.0,31.0,113.0,7.24,4.43,False,0,0,77.0,2,-0.13393855315296255,0.7639490149883039,1.0501512168994442,0.38151396202021226,1.630719033153863,-0.4054672601187948,-0.049304283041180265,-0.05244307264774429
2014,David Yankey,OG,Stanford,6-6,315.0,5.48,28.5,22.0,103.0,7.81,4.86,True,5,145,78.0,0,0.022368970047577368,1.5518127424325245,1.156537874408255,0.4995446825604295,-0.8953513922123414,0.21655958416244056,-0.09736455096900136,0.3516543738677786
2014,Jordan Zumwalt,OLB,UCLA,6-4,235.0,4.76,33.0,22.0,116.0,6.99,4.25,True,6,192,76.0,1,-0.8301085771680585,1.415110209341262,0.6199008859831495,-0.3948231539772501,-0.09975334144153167,-0.3947932323247379,-0.6117547782704057,-0.5747697534000782
2015,Ameer Abdullah,RB,Nebraska,5-9,205.0,4.6,42.5,24.0,130.0,6.79,3.95,True,2,54,69.0,0,-0.6042873963216178,-0.6428916879348747,0.328728996649348,2.512257180781912,1.1233075035454658,2.031169359291294,-1.6588337128708655,-2.5528358903030806
2015,Jay Ajayi,RB,Boise State,6-0,221.0,4.57,39.0,19.0,121.0,7.1,4.1,True,5,149,72.0,0,0.6062916662928336,0.9750523933679008,0.04372567515240514,1.3969880333285396,-0.006735354784749435,0.38663009251925384,0.23184089388552356,-1.4255967263423701
2015,Kwon Alexander,OLB,LSU,6-1,227.0,4.55,36.0,24.0,121.0,7.14,4.2,True,4,124,73.0,0,-1.639857098133677,-0.6598547605355265,-1.1980107010011547,0.5377455626567977,0.35701195884337544,0.38759882262406065,0.11832294065311713,-0.9618051136617426
2015,Mario Alford,WR,West Virginia,5-8,180.0,4.43,34.0,13.0,121.0,6.64,4.07,True,7,238,68.0,0,-1.5095830947835613,-2.0742913408663117,-0.8140984952894662,-0.4447809344872393,-0.33400473788316093,-0.08009551415698189,-1.6694845837846457,-1.3028459291079741
2015,Javorius Allen,RB,USC,6-0,221.0,4.53,35.5,11.0,121.0,6.96,4.28,True,4,125,72.0,0,0.6062916662928336,0.9750523933679008,-0.33627875351019376,0.281718885875167,-1.8148039281130937,0.38663009251925384,-0.6220121543270384,-0.07290972958950806
2015,Adrian Amos,S,Penn State,6-0,218.0,4.56,35.5,17.0,122.0,7.09,4.03,True,5,142,72.0,1,1.3108418663853991,-0.13287400803657493,0.01927076476327049,0.06751739280663596,0.04497692172552077,0.09238451185361173,0.713849437018999,-1.644707978970288
2015,Henry Anderson,DE,Stanford,6-6,294.0,4.97,30.0,23.5,111.0,7.2,4.19,True,3,93,78.0,1,1.8095656608269817,1.4426358631252383,1.0501512168994442,-0.9303007842782254,-0.01544137062167986,-0.7328018839063823,-0.2309996964707088,-1.5612871387056564
2015,Stephone Anthony,ILB,Clemson,6-3,243.0,4.56,37.0,23.0,122.0,7.07,4.03,True,1,31,75.0,0,0.41577287178355565,1.2660972361038185,-1.6082852484999364,1.3136508391693107,0.3524769320288748,1.1601615048053455,-0.23983865531934778,-2.0849744153904877
2015,Arik Armstead,DE,Oregon,6-7,292.0,5.06,34.0,24.0,117.0,7.57,4.53,True,1,17,79.0,0,1.6707439312569858,2.1213227112621724,1.6722186319703565,0.38151396202021226,0.09430265629668967,0.24920198745638025,1.4496828777524293,0.5762419548763908
2015,Cameron Artis-Payne,RB,Auburn,5-10,212.0,4.53,36.5,19.0,118.0,7.13,4.28,True,5,174,70.0,2,-0.07465905642779525,-0.10357699416728292,-0.33627875351019376,0.6003672137189878,-0.006735354784749435,-0.16154966307142618,0.4148094042167888,-0.07290972958950806
2015,Vic Beasley,OLB,Clemson,6-3,246.0,4.53,41.0,35.0,130.0,6.91,4.15,True,1,8,75.0,0,0.28329563915966705,0.7234552193823325,-1.371145137856799,2.0920267570468773,2.8692211104103644,1.795904521531898,-1.0011295616962863,-1.3488404739234072
2015,Blake Bell,TE,Oklahoma,6-6,252.0,4.8,33.0,14.0,116.0,6.85,4.32,True,4,117,78.0,0,0.1194389248295978,1.208966411885534,0.4166989441649624,-0.13277071901579035,-1.6625229353851791,-0.17719875418666686,-1.5582096214033072,-0.46723393140407843
2015,Kenny Bell,WR,Nebraska,6-1,197.0,4.42,41.5,7.0,129.0,6.66,4.15,True,5,162,73.0,0,-0.3658011826390285,0.1201623167880653,-0.918966110365521,1.9955121897414032,-1.9366051106455326,1.3122822003019585,-1.567013388903636,-0.7396008894516405
2015,Bryan Bennett,QB,SE Louisiana,6-2,211.0,4.81,37.0,16.0,125.0,7.13,4.2,False,0,0,74.0,1,-1.037799866187206,-0.4908903870896071,0.021833065372239627,1.9311056039509287,-0.061313606531362225,1.901995060766967,0.18719079999594124,-0.8964725942638049
2015,Angelo Blackson,DT,Auburn,6-4,318.0,5.02,31.0,20.0,101.0,7.5,4.57,True,4,100,76.0,0,0.6575929323571447,0.7477277133506463,-0.47993643320875623,0.6451467663569919,-1.4923273845655616,-0.6321364756903366,-0.5925715737761009,-0.4997788259904593
2015,Al Bond,OG,Memphis,6-4,303.0,5.57,23.5,22.0,90.0,7.9,4.65,False,0,0,76.0,0,-1.032614082428876,-0.12394670466714025,1.649419383787619,-1.1558092655319736,-0.8953513922123414,-1.709680927598208,0.21907023968025072,-0.7242261199742369
2015,Anthony Boone,QB,Duke,6-0,231.0,5.03,26.5,16.0,100.0,7.47,4.62,False,0,0,72.0,1,0.8578717160123361,-1.6571668772219534,1.3930904292353745,-1.7162112303405361,-0.061313606531362225,-1.9428327802078302,1.9337244967022555,1.9346137548258855
2015,Brett Boyko,OG,UNLV,6-7,301.0,5.6,25.0,26.0,103.0,7.91,4.75,False,0,0,79.0,1,-1.2084445911749517,2.389692465982357,1.8137132202474038,-0.6592030811042527,-0.006573798768079143,0.21655958416244056,0.2542296608634999,-0.2119020752875646
2015,Nick Boyle,TE,Pittsburgh,6-4,268.0,5.04,30.5,20.0,112.0,7.13,4.23,True,5,171,76.0,0,1.9667609621940296,-0.14819588274726075,2.056788285195012,-0.9462251242533736,0.05937581912089951,-0.8661950274487893,-0.13736042142634308,-1.1040384018817064
2015,Brandon Bridge,QB,South Alabama,6-4,229.0,4.72,33.0,16.0,110.0,7.18,4.37,False,0,0,76.0,1,0.668304557792382,0.6753861030427393,-0.5391358562081313,0.5416515718398944,-0.061313606531362225,-0.4049016438179113,0.44403399068804544,0.24944330893916475
2015,Da'Ron Brown,WR,Northern Illinois,6-0,205.0,4.54,37.0,17.0,120.0,7.04,4.11,True,7,233,72.0,0,0.1724491289583987,-0.3187284147428101,0.33944527054716384,0.5313363152042178,0.7343955106250869,-0.25414272846434943,0.379939313835503,-1.0212234092798074
2015,Malcom Brown,DT,Texas,6-2,319.0,5.05,29.5,26.0,98.0,7.84,4.59,True,1,32,74.0,0,0.7206999036125593,-0.659359892681932,-0.311742005995076,0.15053424548329783,-0.26972144021831396,-1.1197846140800252,0.695818520828838,-0.3809000934652964
2015,Malcolm Brown,RB,Texas,5-11,224.0,4.62,34.5,19.0,117.0,6.86,4.15,False,0,0,71.0,0,0.8332752405330432,0.43573769960030895,0.5187312109806517,-0.03692944196865367,-0.006735354784749435,-0.34427624826831954,-1.2319071887645818,-1.0498503383554598
2015,Trenton Brown,OG,Florida,6-8,355.0,5.21,23.5,20.0,97.0,8.23,4.78,True,7,244,80.0,0,3.538979144969089,3.227572189532189,-0.32210665372984176,-1.1558092655319736,-1.3397401889344727,-0.6724744981886279,1.379331138727499,-0.05820486188156109
2015,Michael Burton,FB,Rutgers,5-11,242.0,4.65,33.0,25.0,115.0,7.2,4.34,True,5,168,71.0,0,-0.10142032166076473,-0.9748282513003759,-1.0565494803441593,-0.04190740087572476,0.4020774762249346,0.23252161820002387,-0.12729595027701052,-0.1497776567119452
2015,Shane Carden,QB,East Carolina,6-2,218.0,4.94,29.5,16.0,104.0,7.17,4.45,False,0,0,74.0,1,-0.3743148124173663,-0.4908903870896071,0.8321215076550037,-0.6741207062572604,-0.061313606531362225,-1.3276603256518626,0.39266535254962553,0.7886978516229158
2015,Alex Carter,CB,Stanford,6-0,196.0,4.51,40.0,17.0,121.0,7.05,4.07,True,3,80,72.0,0,0.30006450857216294,0.36731036733780453,0.15424503848920643,1.533547113246271,0.7198185869459847,-0.30007834040077574,0.7897183303319893,-0.7943265552629531
2015,B.J. Catalon,RB,TCU,5-7,186.0,4.57,36.0,19.0,114.0,6.9,4.15,False,0,0,67.0,1,-2.041850033176279,-1.7215210754700585,0.04372567515240514,0.4410430497970774,-0.006735354784749435,-0.8924560038589996,-0.9879491749895634,-1.0498503383554598
2015,Anthony Chickillo,DE,Miami (FL),6-3,267.0,4.79,34.5,27.0,114.0,7.17,4.25,True,6,212,75.0,0,-0.06452768836796455,-0.5934246812855645,-0.19398361324237998,0.5454908053075169,0.7527668178069068,-0.24179994822500103,-0.36727125654285625,-1.1840761221911797
2015,Gerald Christian,TE,Louisville,6-3,244.0,4.87,33.5,28.0,117.0,7.62,4.7,True,7,256,75.0,2,-0.8042220938526181,-0.8267770300636582,0.8950583352987284,0.029920162031726295,2.3552408251290045,-0.004949685871136246,2.3491256785333428,2.221496055057021
2015,Frank Clark,DE,Michigan,6-3,271.0,4.79,38.5,19.0,118.0,7.08,4.05,True,2,63,75.0,0,0.2131157707720275,-0.5934246812855645,-0.19398361324237998,1.8573055516059547,-1.0031376128870055,0.412869299350174,-0.7760859367592945,-2.4414461772394445
2015,Kaelin Clay,WR,Utah,5-10,195.0,4.51,33.0,10.0,113.0,6.97,4.26,True,6,184,70.0,0,-0.5003637605383853,-1.196509877804561,0.02484242531899031,-0.7701533510510583,-1.1353049242643467,-1.4724732286159223,0.02129013175197588,0.03486104007581362
2015,Cameron Clear,OT,Texas A&M,6-5,277.0,4.98,32.0,24.0,108.0,7.52,4.48,False,0,0,77.0,1,-3.3770470687124425,-0.5626325096168238,-1.3341789172710345,1.2591412475760735,0.0010652833053096855,0.5800399412636269,-1.0234503560989345,-1.493024258748292
2015,T.J. Clemmings,OT,Pittsburgh,6-5,309.0,5.14,32.5,22.0,111.0,7.68,4.54,True,4,110,77.0,0,-0.407851941745832,-0.5626325096168238,-0.4379213874752287,1.4201110093400602,-0.4783122040839738,1.0321495952508644,-0.46051356741197336,-1.1796562939923556
2015,Sammie Coates,WR,Auburn,6-1,212.0,4.43,41.0,23.0,131.0,6.98,4.06,True,3,87,73.0,0,0.6434181516061475,0.1201623167880653,-0.8140984952894662,1.8328259814594938,2.3369958833874587,1.6603766289166937,0.07252572919248301,-1.3732515590650205
2015,David Cobb,RB,Minnesota,5-11,229.0,4.81,38.5,17.0,121.0,7.07,4.28,True,5,138,71.0,2,1.2115811976000592,0.43573769960030895,2.3237522471279903,1.2376638694066293,-0.4587524981168355,0.38663009251925384,0.04887238355426378,-0.07290972958950806
2015,Takoby Cofield,OT,Duke,6-4,310.0,5.19,30.0,23.0,101.0,8.09,4.79,False,0,0,76.0,0,-0.3150645940281254,-1.44174580589311,-0.1578409094140341,0.6152622005201269,-0.23862346038933205,-0.47488258470659395,0.9820119535983639,0.12604355915738868
2015,Justin Coleman,CB,Tennessee,5-11,185.0,4.53,37.5,20.0,124.0,6.61,3.98,False,0,0,71.0,0,-0.9691503297342149,-0.25656352291434187,0.37704342741806895,0.6190465411269354,1.52014320006356,0.23002520866958379,-1.7629204457378487,-1.519954597638305
2015,Jalen Collins,CB,LSU,6-1,203.0,4.48,36.0,14.0,124.0,6.77,4.27,True,2,42,73.0,1,1.1077466784034942,0.991184257589951,-0.17995254490407253,0.07034619785533391,-0.08050602617159051,0.23002520866958379,-0.8346881635306381,0.8181802055711511
2015,Landon Collins,S,Alabama,6-0,228.0,4.53,35.0,17.0,120.0,7.38,4.33,True,2,33,72.0,1,2.43855902057647,-0.13287400803657493,-0.27382412256655975,-0.10770631709629744,0.04497692172552077,-0.24609991813104948,2.397160194510272,0.987790841995378
2015,La'el Collins,OT,LSU,6-4,305.0,5.1,27.0,21.0,108.0,7.7,4.63,False,0,0,76.0,0,-0.7790013326166583,-1.44174580589311,-0.6619857699241813,-0.3505563700637931,-0.7180009477786156,0.5800399412636269,-0.39014646882610166,-0.7096043468584483
2015,Chris Conley,WR,Georgia,6-2,213.0,4.35,45.0,18.0,139.0,7.06,4.3,True,3,76,74.0,0,0.7106994405558259,0.5590530483189408,-1.6530394158979227,3.13431564771477,1.0014955727521488,3.0527543433756343,0.4824105087165082,0.31648355990398047
2015,Amari Cooper,WR,Alabama,6-1,211.0,4.42,33.0,14.0,120.0,6.71,3.98,True,1,4,73.0,1,0.5761368626564691,0.1201623167880653,-0.918966110365521,-0.7701533510510583,-0.06690467575609896,-0.25414272846434943,-1.3108354017011183,-1.936496598721351
2015,Xavier Cooper,DT,Washington State,6-3,293.0,4.86,29.0,29.0,110.0,7.23,4.37,True,3,96,75.0,0,-0.92008134902822,0.04418391033435714,-1.3769733783483724,-0.014336594807933516,0.34158153195530977,0.8308079394787293,-1.615704884197669,-1.6885661512421144
2015,Justin Cox,CB,Mississippi State,6-1,191.0,4.36,38.0,15.0,129.0,7.05,4.07,False,0,0,73.0,0,-0.27685132702164517,0.991184257589951,-1.5167428784772181,0.8019466555508025,0.1862688448676012,1.1135311237868497,0.7897183303319893,-0.7943265552629531
2015,Corey Crawford,DE,Clemson,6-5,299.0,5.01,33.0,23.5,110.0,7.64,4.65,False,0,0,77.0,1,2.156619984751972,0.7639490149883039,1.3266256235976281,0.05356027544560284,-0.01544137062167986,-0.8964691958001761,1.7676498512541012,1.3306639879053497
2015,Rob Crisp,OT,Boise State,6-7,301.0,5.26,32.5,26.0,107.0,8.07,4.6,False,0,0,79.0,0,-1.1501507234874846,1.195594082935749,0.2342717598716294,1.4201110093400602,0.4804427706945932,0.4293367232678811,0.9116448550124953,-0.866288329236419
2015,John Crockett,RB,North Dakota State,6-0,217.0,4.62,40.0,15.0,125.0,7.15,4.25,False,0,0,72.0,0,0.3036469006392208,0.9750523933679008,0.5187312109806517,1.7156363611723602,-0.9107696414489216,1.1175364333068272,0.5367884111043008,-0.29835756238165284
2015,Jamison Crowder,WR,Duke,5-8,185.0,4.56,37.0,10.0,115.0,7.17,4.32,True,4,105,68.0,0,-1.1731766500351692,-2.0742913408663117,0.5491805006992733,0.5313363152042178,-1.1353049242643467,-1.1243788000011872,1.0460020805620502,0.45729481981806697
2015,DaVaris Daniels,WR,Notre Dame,6-1,201.0,4.62,37.0,13.0,122.0,6.96,4.25,False,0,0,73.0,2,-0.09667602684031491,0.1201623167880653,1.1783861911556204,0.5313363152042178,-0.33400473788316093,0.09395170015038568,-0.029945465688526695,-0.03554458988122652
2015,Ronald Darby,CB,Florida State,5-11,193.0,4.38,41.5,12.0,129.0,6.94,4.14,True,2,50,71.0,0,-0.04608499278412191,-0.25656352291434187,-1.2939444895483654,2.0822474565178726,-0.614055768249974,1.1135311237868497,0.1515586363145324,-0.22994918897101954
2015,Devante Davis,WR,UNLV,6-3,220.0,4.57,35.5,16.0,115.0,7.25,4.12,False,0,0,75.0,0,1.1816684632035748,0.9979437798498162,0.6540481157753374,0.043277690358489204,0.46729544849802496,-1.1243788000011872,1.45588686008608,-0.9508177793227671
2015,Aaron Davis,OLB,Colorado State,6-0,225.0,4.95,29.0,16.0,107.0,7.38,4.37,False,0,0,72.0,0,-1.8422942283750818,-1.351509750494456,2.2646780361118095,-1.638248109489314,-1.470049242296253,-1.8030989312325751,1.2864472909307587,0.3541151112279208
2015,Carl Davis,DT,Iowa,6-5,320.0,5.07,33.0,27.0,103.0,7.91,4.47,True,3,90,77.0,1,0.7838068748679738,1.4512715163669354,-0.19961238785262087,1.3046301275219172,-0.06595378282710605,-0.30703771676387753,0.9610753050122091,-1.0941724886162896
2015,Geremy Davis,WR,Connecticut,6-2,216.0,4.49,36.5,23.0,124.0,6.86,4.18,True,6,186,74.0,0,0.9125433074048611,0.5590530483189408,-0.18489280483311918,0.3686501069223082,2.3369958833874587,0.4420461287651208,-0.5423014400935616,-0.5283839995805201
2015,Mike Davis,RB,South Carolina,5-9,217.0,4.61,34.0,17.0,116.0,7.0,4.18,True,4,126,69.0,0,0.3036469006392208,-0.6428916879348747,0.4237301038150041,-0.19625360589056404,-0.4587524981168355,-0.5270028334652128,-0.3780541405520199,-0.8244025055633217
2015,Titus Davis,WR,Central Michigan,6-1,196.0,4.51,32.5,14.0,119.0,7.14,4.28,False,0,0,73.0,1,-0.43308247158870694,0.1201623167880653,0.02484242531899031,-0.9328395593329678,-0.06690467575609896,-0.428189942771717,0.8922952882405379,0.17567229998990017
2015,Tyeler Davison,DT,Fresno State,6-2,316.0,5.18,33.0,32.0,105.0,7.53,4.46,True,5,154,74.0,0,0.5313789898463155,-0.659359892681932,0.417100511930865,1.3046301275219172,0.9528845041289336,0.018061042162581573,-0.47889009484037004,-1.153611854878871
2015,Paul Dawson,ILB,TCU,6-0,235.0,4.93,28.0,21.0,109.0,7.12,4.49,True,3,99,72.0,1,-1.0221839598870768,-0.9074916605599537,1.4760858851415544,-1.9107648569735447,-0.1970540328665359,-1.5013854768069155,0.05402306345064703,1.390491722123527
2015,Xzavier Dickson,OLB,Alabama,6-3,260.0,4.74,29.5,19.0,100.0,7.56,4.53,True,7,253,75.0,0,1.7003555508494996,0.7234552193823325,0.4467664491275052,-1.4828199900503058,-0.7849012918688923,-2.8984478081608933,2.162540553638988,1.5926282640652527
2015,Quandre Diggs,CB,Texas,5-9,196.0,4.56,35.5,17.0,113.0,7.22,4.15,True,6,200,69.0,0,0.30006450857216294,-1.5043113034186348,0.7112410108113479,-0.11255391656853322,0.7198185869459847,-1.7136878045884012,1.7759651301771548,-0.1493238509293086
2015,Stefon Diggs,WR,Maryland,6-0,195.0,4.46,35.0,14.0,115.0,7.03,4.32,True,5,146,72.0,1,-0.5003637605383853,-0.3187284147428101,-0.4994956500612927,-0.11940851792342029,-0.06690467575609896,-1.1243788000011872,0.32870371639500046,0.45729481981806697
2015,Reese Dismukes,C,Auburn,6-3,296.0,5.31,27.5,23.0,107.0,8.14,4.7,False,0,0,75.0,0,-1.3900962673022421,-0.39297912554063485,0.47400930110014294,0.05514453924821548,-0.7592871203195032,0.7966730355529978,1.7421982926320163,0.1487483911113921
2015,Andrew Donnal,OT,Iowa,6-6,313.0,5.31,32.0,17.0,101.0,7.84,4.77,True,4,119,78.0,0,-0.036702550875005714,0.3164807866594626,0.514352237932819,1.2591412475760735,-1.6767559225571826,-0.47488258470659395,0.10242322127498782,0.021587570905406726
2015,Phillip Dorsett,WR,Miami (FL),5-10,185.0,4.33,37.0,13.0,122.0,6.7,4.11,True,1,29,70.0,0,-1.1731766500351692,-1.196509877804561,-1.8627746460500323,0.5313363152042178,-0.33400473788316093,0.09395170015038568,-1.362070999141621,-1.0212234092798074
2015,Lorenzo Doss,CB,Tulane,5-10,182.0,4.5,33.5,9.0,115.0,7.2,4.26,True,5,164,70.0,0,-1.3152998310904997,-0.8804374131664883,0.042845844024780116,-0.8441543742640018,-1.414380381367549,-1.3602854385414949,1.6599360949012554,0.7375548675294473
2015,Jamil Douglas,OG,Arizona State,6-4,304.0,5.25,29.0,28.0,99.0,7.99,4.75,True,4,114,76.0,0,-0.9446988280558384,-0.12394670466714025,-0.10304820511679058,0.6650800773696698,0.437814997954052,-0.3761298040716051,0.5355050303294997,-0.2119020752875646
2015,Kurtis Drummond,S,Michigan State,6-1,208.0,4.65,39.5,17.0,119.0,7.09,4.33,False,0,0,73.0,1,0.1831247121943285,0.5108267420072936,0.8985554267527873,1.4693070720301031,0.04497692172552077,-0.4153421331233801,0.713849437018999,0.987790841995378
2015,Michael Dyer,RB,Louisville,5-8,218.0,4.58,34.0,26.0,120.0,7.07,4.28,False,0,0,68.0,2,0.379308092052624,-1.1822063817024666,0.13872678231805277,-0.19625360589056404,1.5753246468775517,0.2039035073223605,0.04887238355426378,-0.07290972958950806
2015,Jahwan Edwards,RB,Ball State,5-9,220.0,4.8,35.5,16.0,117.0,7.63,4.5,False,0,0,69.0,0,0.5306304748794304,-0.6428916879348747,2.2287511399623425,0.281718885875167,-0.6847610697828785,-0.34427624826831954,3.464284576404517,1.5803743775528714
2015,Kyle Emanuel,OLB,North Dakota State,6-3,255.0,4.77,34.0,27.0,120.0,7.1,4.25,True,5,153,75.0,0,1.1942627252459879,0.7234552193823325,0.7064681044109717,-0.08396691509923414,1.042159909270736,0.23112041163430092,-0.07636445105982315,-0.5747697534000782
2015,Cameron Erving,C,Florida State,6-5,313.0,5.15,30.5,30.0,112.0,7.48,4.63,True,1,19,77.0,0,1.3261837952423725,1.3263045486996488,-0.6228717262390358,1.2131798634607447,1.0644907667224406,1.6072415310284323,-0.8890394033339569,-0.2825339263121668
2015,Durell Eskridge,S,Syracuse,6-3,208.0,4.56,31.0,17.0,117.0,7.09,4.26,False,0,0,75.0,1,0.1831247121943285,1.7982282420950304,0.01927076476327049,-1.5094959963197647,0.04497692172552077,-0.7538265631080413,0.713849437018999,0.37354111710338644
2015,Cody Fajardo,QB,Nevada,6-1,223.0,4.63,32.5,16.0,118.0,6.95,4.1,False,0,0,73.0,1,0.09960308313251924,-1.0740286321557804,-1.1001047777885022,0.3679698178260152,-0.061313606531362225,0.8254432652940238,-0.7374446864956359,-1.5705407726184968
2015,Jon Feliciano,OG,Miami (FL),6-4,323.0,5.33,26.5,26.0,97.0,7.83,4.74,True,4,128,76.0,2,0.7256910050318798,-0.12394670466714025,0.33506869210931184,-0.1625968966765318,-0.006573798768079143,-0.6724744981886279,-0.027045708602499857,-0.26313447975623094
2015,B.J. Finney,C,Kansas State,6-4,318.0,5.25,24.0,20.0,99.0,7.67,4.76,False,0,0,76.0,1,2.1250896959907886,0.46666271157950695,0.06267891584795167,-1.2958966723330687,-1.5409062147660504,-0.5002365572076971,-0.13156188479830008,0.5184189489030101
2015,Jake Fisher,OT,Oregon,6-6,306.0,5.01,32.5,25.0,104.0,7.25,4.33,True,2,53,78.0,1,-0.6862139848989518,0.3164807866594626,-1.1661306304343237,1.4201110093400602,0.24075402699995144,-0.022772930719356425,-1.9734061870081792,-2.2764441706381406
2015,Trey Flowers,DE,Arkansas,6-2,266.0,4.93,36.5,28.0,121.0,7.34,4.4,True,4,101,74.0,0,-0.13393855315296255,-1.2721115294224987,0.7736768102012604,1.2013981784567358,0.9722548716436459,0.9038712350315553,0.4049342505326391,-0.24104858090497983
2015,Dante Fowler,OLB,Florida,6-3,261.0,4.6,32.5,19.0,112.0,7.4,4.32,True,1,3,75.0,0,1.801574115970202,0.7234552193823325,-0.765174608862036,-0.5502512734162581,-0.7849012918688923,-1.0207068762837768,1.3837909867872311,-0.03292024903374371
2015,Jalston Fowler,FB,Alabama,5-11,254.0,4.94,33.5,23.0,114.0,7.56,4.4,True,4,108,71.0,0,1.19168877951399,-0.9748282513003759,1.0022603766110654,0.11640944687701273,0.032600876450670266,0.03969881286341831,1.870271269454497,0.2805694132772981
2015,Alani Fua,OLB,BYU,6-5,238.0,4.73,34.5,18.0,118.0,6.83,4.15,False,0,0,77.0,0,-0.5264528818059516,2.1067651993001912,0.36019923069968296,0.07146120433977383,-1.013283942011346,-0.08183641034521849,-1.3905043451221668,-1.3488404739234072
2015,Devin Funchess,WR,Michigan,6-4,232.0,4.7,38.5,17.0,122.0,6.96,4.25,True,2,41,76.0,2,1.9890439305997156,1.4368345113806915,2.017327111764077,1.0193949400499462,0.7343955106250869,0.09395170015038568,-0.029945465688526695,-0.03554458988122652
2015,Charles Gaines,CB,Louisville,5-10,180.0,4.44,34.5,14.0,123.0,7.07,4.2,True,6,189,70.0,1,-1.546066165328023,-0.8804374131664883,-0.6255493227617877,-0.47835414541626753,-0.08050602617159051,0.053324025646130604,0.9057473656078939,0.2538028392792175
2015,Andy Gallik,C,Boston Col.,6-2,306.0,5.5,27.0,29.0,96.0,7.66,4.58,True,6,208,74.0,0,0.20771553419459,-1.2526209626607767,1.7765555210654262,-0.13786134812053938,0.8039510685735914,-0.9865776544929578,-0.1714291226159655,-0.5905927244718494
2015,Clayton Geathers,S,Central Florida,6-2,218.0,4.55,37.0,22.0,120.0,7.21,4.27,True,4,109,74.0,0,1.3108418663853991,1.1545274920511621,-0.0784275310133396,0.5931885225154362,1.3351044133259846,-0.24609991813104948,1.4103918194291816,0.46129107780224016
2015,Laurence Gibson,OT,Virginia Tech,6-6,305.0,5.04,33.5,24.0,113.0,7.72,4.56,True,7,243,78.0,0,-0.7790013326166583,0.3164807866594626,-0.998082343597608,1.7420505328680336,0.0010652833053096855,1.333556031242356,-0.31977937024023306,-1.0752003057403783
2015,Jacoby Glenn,CB,Central Florida,6-0,179.0,4.64,34.0,14.0,123.0,6.97,4.26,False,0,0,72.0,1,-1.6614493324467845,0.36731036733780453,1.6024345665267783,-0.6612542598401346,-0.08050602617159051,0.053324025646130604,0.32560218922838147,0.7375548675294473
2015,Mark Glowinski,OG,West Virginia,6-4,307.0,5.2,29.5,31.0,113.0,7.56,4.58,True,4,134,76.0,0,-0.680953064936725,-0.12394670466714025,-0.3768712658831034,0.8306154721789101,1.1043981930372486,1.6982830547475547,-0.9763500805502497,-1.0828529512549103
2015,Senquez Golson,CB,Mississippi,5-9,176.0,4.46,33.5,15.0,120.0,6.81,4.2,True,2,56,69.0,0,-2.0075988338030695,-1.5043113034186348,-0.40275093383293503,-0.8441543742640018,0.1862688448676012,-0.4767795234242289,-0.6026300929788343,0.2538028392792175
2015,Melvin Gordon,RB,Wisconsin,6-1,215.0,4.52,35.0,19.0,126.0,7.04,4.07,True,1,15,73.0,0,0.15232451781241438,1.5143670871354926,-0.43127986067584984,0.1223947219532567,-0.006735354784749435,1.3002630185037205,-0.13409612677700142,-1.6510445591345082
2015,Doran Grant,CB,Ohio State,5-10,200.0,4.44,33.0,21.0,116.0,6.92,4.33,True,4,121,70.0,1,0.7615971770472094,-0.8804374131664883,-0.6255493227617877,-1.027054488687869,1.7869180711027517,-1.1835842555180416,0.03552960103862786,1.3019322338213881
2015,Chaz Green,OT,Florida,6-5,314.0,5.16,29.5,21.0,106.0,8.0,4.7,True,3,91,77.0,0,0.05608479684270086,-0.5626325096168238,-0.32588919625074986,0.4542924387561402,-0.7180009477786156,0.27863350527213526,0.665360009961949,-0.3440083879765185
2015,Dorial Green-Beckham,WR,Oklahoma,6-5,237.0,4.49,33.5,13.0,119.0,6.89,4.45,True,2,40,77.0,0,2.3254503753481077,1.875725242911567,-0.18489280483311918,-0.6074671427691488,-0.33400473788316093,-0.428189942771717,-0.3885946477720538,1.3725680092596075
2015,Rashad Greene,WR,Florida State,5-11,182.0,4.53,36.5,14.0,122.0,6.88,4.12,True,5,139,71.0,1,-1.3750205168842045,-0.7576191462736855,0.2345776554711091,0.3686501069223082,-0.06690467575609896,0.09395170015038568,-0.4398302452125564,-0.9508177793227671
2015,Randy Gregory,DE,Nebraska,6-5,235.0,4.64,36.5,24.0,125.0,7.24,4.43,True,2,60,77.0,2,-2.285675361487901,0.7639490149883039,-1.230762638360571,1.2013981784567358,0.09430265629668967,1.5585404826067304,-0.049304283041180265,-0.05244307264774429
2015,Geneo Grissom,OLB,Oklahoma,6-3,262.0,4.81,37.0,20.0,117.0,7.24,4.38,True,3,97,75.0,0,1.9027926810909042,0.7234552193823325,1.0527369781222682,0.8486018015348137,-0.5565186417264388,-0.2383148213349782,0.60504141993547,0.4315221832802523
2015,Ladarius Gunter,S,Miami (FL),6-1,202.0,4.62,33.5,12.0,108.0,7.18,4.41,False,0,0,73.0,0,-0.4935055803203139,0.5108267420072936,0.6054605394229484,-0.6333774468050977,-1.245150569874943,-2.277006498039017,1.2362562238266346,1.6897905275862233
2015,Obum Gwacham,DE,Oregon State,6-5,246.0,4.72,36.0,22.0,121.0,7.28,4.28,True,6,209,77.0,0,-1.5221558488529228,0.7639490149883039,-0.6778138249642033,1.037421335169431,-0.34467345137678845,0.9038712350315553,0.1323911303883483,-0.9954706139339387
2015,Chris Hackett,S,TCU,6-0,195.0,4.81,32.0,17.0,110.0,7.12,4.2,False,0,0,72.0,1,-1.2829075882540633,-0.13287400803657493,2.4617281591785747,-1.1590485765138978,0.04497692172552077,-1.9385220680543556,0.8879850326215458,-0.15295864708974366
2015,Bryce Hager,ILB,Baylor,6-1,234.0,4.6,35.0,26.0,117.0,7.15,4.36,True,7,224,73.0,0,-1.2019285638459059,-0.18296202833869626,-1.2748397205386939,0.5971140178042317,1.1767733793719908,0.13648958880062972,0.23034009471264602,0.4082947702173931
2015,Rannell Hall,WR,Central Florida,6-0,198.0,4.6,41.0,16.0,132.0,6.86,4.15,False,0,0,72.0,0,-0.2985198936893501,-0.3187284147428101,0.9686509610035016,1.8328259814594938,0.46729544849802496,1.8344238432240614,-0.5423014400935616,-0.7396008894516405
2015,Justin Hardy,WR,East Carolina,5-10,192.0,4.56,36.5,11.0,114.0,6.63,4.21,True,4,107,70.0,0,-0.7022076273874205,-1.196509877804561,0.5491805006992733,0.3686501069223082,-0.8682048621372848,-1.2984260143085549,-1.7207201812251482,-0.3171671097093933
2015,Eli Harold,OLB,Virginia,6-3,247.0,4.6,35.0,22.0,123.0,7.07,4.16,True,3,79,75.0,1,0.38451420428036936,0.7234552193823325,-0.765174608862036,0.22688932377878182,-0.09975334144153167,0.70055564460358,-0.22237999484452511,-1.2714334018710756
2015,Josh Harper,WR,Fresno State,6-1,191.0,4.64,32.0,13.0,108.0,7.15,4.36,False,0,0,73.0,0,-0.7694889163370989,0.1201623167880653,1.3881214213077298,-1.0955257676148773,-0.33400473788316093,-2.34270930015276,0.943530885681045,0.7389173396462339
2015,Jarvis Harrison,OG,Texas A&M,6-4,330.0,5.19,29.5,26.0,102.0,7.51,4.62,True,5,152,76.0,0,1.3410977856431443,-0.12394670466714025,-0.43163587803636494,0.8306154721789101,-0.006573798768079143,0.06838723710392916,-1.152147186466499,-0.8779233333802404
2015,Dee Hart,RB,Colorado State,5-7,199.0,4.8,33.0,19.0,113.0,7.2,4.38,False,0,0,67.0,1,-1.058254544802037,-1.7215210754700585,2.2287511399623425,-0.5149019337343848,-0.006735354784749435,-1.0751825890558928,0.8417359283230724,0.678583046384299
2015,Rob Havenstein,OT,Wisconsin,6-7,321.0,5.46,28.5,16.0,96.0,8.28,4.87,True,2,57,79.0,0,0.7055962308666469,1.195594082935749,1.354593672116393,0.13235291522816692,-1.9164446662518242,-1.228398674685323,1.6504993901641278,0.5438675121653072
2015,Braylon Heard,RB,Kentucky,5-10,198.0,4.63,30.5,19.0,116.0,7.19,4.4,False,0,0,70.0,0,-1.1339157362154402,-0.10357699416728292,0.6137323181462994,-1.3115227533439366,-0.006735354784749435,-0.5270028334652128,0.7807464248793192,0.8288816015790644
2015,Ben Heeney,ILB,Kansas,6-0,231.0,4.59,33.5,19.0,120.0,6.68,4.0,True,5,140,72.0,0,-1.741162375722393,-0.9074916605599537,-1.3582011025290026,0.0597114017804224,-0.7465849977619465,0.7506927384034592,-2.531960061725319,-2.311635250445751
2015,Amarlo Herrera,ILB,Georgia,6-1,244.0,4.83,32.0,23.0,111.0,7.35,4.27,True,6,207,73.0,0,0.5955174757423848,-0.18296202833869626,0.642472065238452,-0.47769121424338684,0.3524769320288748,-1.0919167104050291,1.4057869697926253,-0.2716877349483981
2015,Jordan Hicks,OLB,Texas,6-1,236.0,4.68,38.0,20.0,124.0,6.78,4.15,True,3,84,73.0,0,-0.7288900120473563,-0.6598547605355265,-0.07263686143944327,1.1594580404128296,-0.5565186417264388,0.8570340555933398,-1.6338635847633411,-1.3488404739234072
2015,Troy Hill,CB,Oregon,5-10,180.0,4.55,32.5,14.0,120.0,6.81,4.21,False,0,0,70.0,1,-1.546066165328023,-0.8804374131664883,0.5998418163469216,-1.209954603111736,-0.08050602617159051,-0.4767795234242289,-0.6026300929788343,0.3344281773209212
2015,Kenny Hilliard,RB,LSU,6-0,226.0,4.83,27.0,19.0,111.0,7.17,4.4,True,7,235,72.0,1,0.9845976233598497,0.9750523933679008,2.513754461459294,-2.426791900797309,-0.006735354784749435,-1.4406357594496797,0.6587674179918073,0.8288816015790644
2015,Zack Hodges,OLB,Harvard,6-2,250.0,4.68,33.5,22.0,125.0,7.105,4.65,False,0,0,74.0,2,0.6881698996424763,0.031800229423403006,-0.07263686143944327,-0.23939503453824212,-0.09975334144153167,1.0135124665830995,-0.05202852709570183,2.5215131286932517
2015,Mike Hull,OLB,Penn State,6-0,237.0,4.68,34.0,31.0,118.0,6.99,4.15,False,0,0,72.0,2,-0.6276714469266539,-1.351509750494456,-0.07263686143944327,-0.08396691509923414,1.9556905098405504,-0.08183641034521849,-0.6117547782704057,-1.3488404739234072
2015,D.J. Humphries,OT,Florida,6-5,307.0,5.12,31.0,26.0,104.0,7.87,4.64,True,1,24,77.0,0,-0.5934266371812452,-0.5626325096168238,-0.5499535786997025,0.9372017240481002,0.4804427706945932,-0.022772930719356425,0.20797386915379382,-0.6573763527324596
2015,Brett Hundley,QB,UCLA,6-3,226.0,4.63,36.0,16.0,120.0,6.93,3.98,True,5,147,75.0,1,0.3839538204624506,0.09224785797656607,-1.1001047777885022,1.58374209592317,-0.061313606531362225,1.1330294925720075,-0.8401819627724803,-2.3794225866441203
2015,Martin Ifedi,DE,Memphis,6-3,275.0,4.88,31.0,16.0,111.0,7.39,4.58,True,7,227,75.0,0,0.49075922991201953,-0.5934246812855645,0.4280838018285321,-0.602347097703616,-1.6616017743972227,-0.7328018839063823,0.6320535173195487,0.8905844686384556
2015,Joey Iosefa,FB,Hawaii,6-0,247.0,5.02,31.5,30.0,110.0,7.24,4.33,True,7,231,72.0,0,0.4373751371620498,-0.3494667315982493,1.5702079233573283,-0.5168579441339373,1.3257689756605955,-0.731592408483004,0.09465596302649083,-0.221502168376817
2015,Jesse James,TE,Penn State,6-7,261.0,4.83,37.5,26.0,121.0,7.53,4.5,True,5,160,79.0,0,1.1585575708470908,1.8875475592019315,0.6217101117937202,1.3314472104118593,1.7812745736269782,0.6840465873909862,1.89242414996932,0.8063750095511774
2015,Grady Jarrett,DT,Clemson,6-1,304.0,5.06,31.0,30.0,112.0,7.37,4.56,True,5,137,73.0,0,-0.22590466521865954,-1.362903695698221,-0.25567719692385094,0.6451467663569919,0.5453491893465177,1.1559066984051884,-1.0851913158309303,-0.559218192253046
2015,Kyshoen Jarrett,S,Virginia Tech,5-10,200.0,4.57,33.0,21.0,109.0,6.95,4.4,True,6,181,70.0,0,-0.719049011158528,-1.420275508124312,0.11696906053988926,-0.8086011567080311,1.0770789150058917,-2.107764283046686,-0.09878334245954473,1.6020405668873696
2015,Anthony Jefferson,S,UCLA,6-1,198.0,4.72,33.5,15.0,116.0,7.18,4.15,False,0,0,73.0,0,-0.9445924419967422,0.5108267420072936,1.5824434971890666,-0.6333774468050977,-0.47107407491466474,-0.9230687781003719,1.2362562238266346,-0.59170845058402
2015,Gus Johnson,RB,Stephen F. Austin,5-10,215.0,4.7,36.5,26.0,120.0,7.09,4.13,False,0,0,70.0,0,0.15232451781241438,-0.10357699416728292,1.2787400683058496,0.6003672137189878,1.5753246468775517,0.2039035073223605,0.1708513904417703,-1.2001488935502254
2015,David Johnson,RB,New Mexico,6-1,224.0,4.5,41.5,25.0,127.0,6.82,4.27,True,3,86,73.0,0,0.8332752405330432,1.5143670871354926,-0.621282075007145,2.1936088529380915,1.3493160752115088,1.4829896037006138,-1.4758652025396004,-0.1480590071868941
2015,Kevin Johnson,CB,Wake Forest,6-0,188.0,4.52,41.5,14.0,130.0,6.79,3.89,True,1,16,72.0,1,-0.62300082837793,0.36731036733780453,0.26564423295363276,2.0822474565178726,-0.08050602617159051,1.2902323068103028,-0.7186591282547337,-2.2455826400136534
2015,Byron Jones,CB,Connecticut,6-1,199.0,4.43,44.5,14.0,147.0,6.78,3.94,True,1,27,73.0,1,0.6462140099284478,0.991184257589951,-0.7369485172262239,3.1796481430610752,-0.08050602617159051,4.2941524182090065,-0.7766736458926833,-1.8424559498051274
2015,Christion Jones,WR,Alabama,5-10,182.0,4.63,32.5,8.0,119.0,6.91,4.19,False,0,0,70.0,0,-1.3750205168842045,-1.196509877804561,1.2832538062316752,-0.9328395593329678,-1.6695050485184706,-0.428189942771717,-0.2861234528910441,-0.4579783696234736
2015,Matt Jones,RB,Florida,6-2,231.0,4.61,31.5,20.0,112.0,7.07,4.2,True,3,95,74.0,1,1.3629035804268657,2.0536817809030845,0.4237301038150041,-0.9928744255001158,0.2192732168812936,-1.2579091742527864,0.04887238355426378,-0.6741039503685563
2015,Taiwan Jones,ILB,Michigan State,6-3,245.0,4.95,32.0,19.0,115.0,7.25,4.33,False,0,0,75.0,0,0.7752620797012137,1.2660972361038185,1.6428086491221794,-0.47769121424338684,-0.7465849977619465,-0.27297917760125656,0.8180635322526356,0.18163393516212933
2015,Mario Edwards Jr.,DE,Florida State,6-3,279.0,4.76,32.5,32.0,120.0,7.44,4.55,True,2,35,75.0,0,0.7684026890520116,-0.5934246812855645,-0.4013394182660194,-0.11041656784170187,1.850207086990602,0.7402039231377616,0.8591727841064625,0.7019789603812145
2015,Eric Kendricks,ILB,UCLA,6-0,232.0,4.61,38.0,19.0,124.0,7.12,4.29,True,2,45,72.0,2,-1.561417771763564,-0.9074916605599537,-1.1914783385483776,1.67191924985185,-0.7465849977619465,1.5696302712072319,0.05402306345064703,-0.12058051157822004
2015,Jeremy Langford,RB,Michigan State,6-0,208.0,4.42,34.5,19.0,118.0,7.22,4.32,True,4,106,72.0,1,-0.3773038220814081,0.9750523933679008,-1.381290932332343,-0.03692944196865367,-0.006735354784749435,-0.16154966307142618,0.963714935210579,0.22768738080001608
2015,Dez Lewis,WR,Central Arkansas,6-4,214.0,4.58,33.5,16.0,119.0,7.11,4.28,False,0,0,76.0,0,0.7779807295055043,1.4368345113806915,0.7589157308513921,-0.6074671427691488,0.46729544849802496,-0.428189942771717,0.7385884959190302,0.17567229998990017
2015,Tony Lippett,WR,Michigan State,6-2,192.0,4.61,36.0,10.0,114.0,6.92,4.13,True,5,156,74.0,0,-0.7022076273874205,0.5590530483189408,1.0735185760795656,0.2059638986403987,-1.1353049242643467,-1.2984260143085549,-0.23488785545054156,-0.880412149365727
2015,Tyler Lockett,WR,Kansas State,5-10,182.0,4.4,35.5,14.0,121.0,6.89,4.07,True,3,69,70.0,1,-1.3750205168842045,-1.196509877804561,-1.1287013405176305,0.043277690358489204,-0.06690467575609896,-0.08009551415698189,-0.3885946477720538,-1.3028459291079741
2015,Deon Long,WR,Maryland,6-0,192.0,4.51,34.0,12.0,120.0,6.98,4.27,False,0,0,72.0,0,-0.7022076273874205,-0.3187284147428101,0.02484242531899031,-0.4447809344872393,-0.6011048000102228,-0.25414272846434943,0.07252572919248301,0.10526667003285377
2015,Derrick Lott,DT,Tenn-Chattanooga,6-4,314.0,4.99,26.5,30.0,106.0,7.3,4.44,False,0,0,76.0,0,0.40516504733548636,0.7477277133506463,-0.6481308604224315,-0.8386907962640902,0.5453491893465177,0.18061042162581112,-1.3504481000143014,-1.272490587404034
2015,Jerry Lovelocke,QB,Prairie View,6-4,248.0,4.99,31.5,16.0,113.0,7.3,4.51,False,0,0,76.0,1,2.469192560881947,0.6753861030427393,1.143770908532987,0.020606309798256655,-0.061313606531362225,0.05647769709906435,1.0604576483490984,1.1931387586357263
2015,Donatella Luckett,WR,Harding,6-0,211.0,4.4,34.0,17.0,118.0,7.51,4.5,False,0,0,72.0,0,0.5761368626564691,-0.3187284147428101,-1.1287013405176305,-0.4447809344872393,0.7343955106250869,-0.6022371570790845,2.7880123935391743,1.7245961590448147
2015,Terrence Magee,RB,LSU,5-8,213.0,4.62,37.0,22.0,115.0,7.52,4.37,False,0,0,68.0,0,0.0010021349856079611,-1.1822063817024666,0.5187312109806517,0.7596913776408981,0.6712903602133796,-0.7097294186621063,2.793400038523215,0.6034337687869196
2015,Craig Mager,CB,Texas State,5-11,201.0,4.44,38.0,17.0,130.0,6.83,4.07,True,3,83,71.0,0,0.876980344165971,-0.25656352291434187,-0.6255493227617877,0.8019466555508025,0.7198185869459847,1.2902323068103028,-0.4866010577029297,-0.7943265552629531
2015,Sean Mannion,QB,Oregon State,6-6,229.0,5.14,31.0,16.0,105.0,7.29,4.39,True,3,89,78.0,1,0.668304557792382,1.8416625931750856,2.0787191111669365,-0.1530754442156226,-0.061313606531362225,-1.1738672120128708,1.0090890102106784,0.3842569446100995
2015,Marcus Mariota,QB,Oregon,6-4,222.0,4.52,36.0,16.0,121.0,6.87,4.11,True,1,2,76.0,1,0.004819504022542122,0.6753861030427393,-1.7857334597200696,1.58374209592317,-0.061313606531362225,1.2868226062109995,-1.1483937916030045,-1.5031339547830234
2015,Dean Marlowe,S,James Madison,6-1,203.0,4.58,33.5,16.0,114.0,7.0,4.18,False,0,0,73.0,0,-0.3807338649012068,0.5108267420072936,0.21466735631649933,-0.6333774468050977,-0.213048576594572,-1.2615532080850331,0.19144265021136336,-0.32845856848745886
2015,Ali Marpet,OG,Hobart & William Smith,6-4,307.0,4.98,30.5,30.0,108.0,7.33,4.47,True,2,61,76.0,0,-0.680953064936725,-0.12394670466714025,-1.5816927332548825,1.1616862617973907,0.8822037946761832,0.9574213194549976,-1.7850167677649966,-1.6464094004102534
2015,Nick Marshall,CB,Auburn,6-1,207.0,4.54,37.5,12.0,124.0,6.96,4.15,False,0,0,73.0,0,1.5692793468785406,0.991184257589951,0.48844262188249526,0.6190465411269354,-0.614055768249974,0.23002520866958379,0.2675876715904318,-0.1493238509293086
2015,Josue Matias,OG,Florida State,6-5,309.0,5.52,17.5,26.0,84.0,8.19,5.12,False,0,0,77.0,1,-0.5051225561906494,0.7139330188826921,1.3755963230213013,-3.1422340032428573,-0.006573798768079143,-2.5987150099492764,1.2386934539944958,1.6836968900531302
2015,Lorenzo Mauldin,OLB,Louisville,6-4,259.0,4.85,32.0,23.0,112.0,7.47,4.58,True,3,82,76.0,0,1.5991369857287974,1.415110209341262,1.3990058518335644,-0.705679392855266,0.12862930870092187,-1.0207068762837768,1.7244939222848734,1.9796636243269172
2015,Vince Mayle,WR,Washington State,6-2,224.0,4.67,35.5,14.0,117.0,6.93,4.13,True,4,123,74.0,1,1.4507936190022883,0.5590530483189408,1.7027242665359035,0.043277690358489204,-0.06690467575609896,-0.7762843713864521,-0.18365225801003898,-0.880412149365727
2015,Joey Mbu,DT,Houston,6-3,313.0,5.54,22.5,27.0,97.0,8.2,5.01,False,0,0,75.0,1,0.34205807608007177,0.04418391033435714,2.4354336384950126,-2.157657518593941,-0.06595378282710605,-1.2823339935432547,2.059996268057595,2.115553289563177
2015,Tre McBride,WR,William & Mary,6-0,210.0,4.41,38.0,16.0,122.0,6.96,4.08,True,7,245,72.0,0,0.5088555737067907,-0.3187284147428101,-1.0238337254415757,0.8567087317680367,0.46729544849802496,0.09395170015038568,-0.029945465688526695,-1.232440299150934
2015,Bobby McCain,CB,Memphis,5-9,195.0,4.51,36.0,17.0,130.0,6.8,3.82,True,5,145,69.0,0,0.18468134145340132,-1.5043113034186348,0.15424503848920643,0.07034619785533391,0.7198185869459847,1.2902323068103028,-0.6606446106167839,-2.8099600063055945
2015,Ellis McCarthy,DT,UCLA,6-5,338.0,5.21,32.0,24.0,109.0,8.16,5.07,False,0,0,77.0,0,1.9197323574654366,1.4512715163669354,0.5852949391445452,0.9748884469394545,-0.6772567550007298,0.6682585600154998,1.9084209628099587,2.4721894871386763
2015,Tevin McDonald,S,East. Washington,5-11,195.0,4.63,33.0,19.0,112.0,7.01,4.26,False,0,0,71.0,0,-1.2829075882540633,-0.7765747580804434,0.7031588351995585,-0.8086011567080311,0.5610279183657063,-1.6000376380696943,0.24948784874554394,0.37354111710338644
2015,Benardrick McKinney,ILB,Mississippi State,6-4,246.0,4.66,40.5,16.0,121.0,7.21,4.27,True,2,43,76.0,0,0.9550066836600428,1.9906268683250758,-0.7746714285968265,2.567590276558199,-1.5708814451050626,0.9554271216044024,0.5829741572366388,-0.2716877349483981
2015,Darrian Miller,OT,Kentucky,6-5,307.0,5.51,25.0,24.0,97.0,7.91,4.87,False,0,0,77.0,1,-0.5934266371812452,-0.5626325096168238,1.6346741501775826,-0.9944354171197397,0.0010652833053096855,-1.0776954566895773,0.34870806632553414,0.5438675121653072
2015,John Miller,OG,Louisville,6-2,303.0,5.33,27.0,29.0,104.0,8.2,4.75,True,3,81,74.0,0,-1.032614082428876,-1.799706151766805,0.33506869210931184,0.0029384981327085333,0.6600093963151176,0.364731931220952,1.2738528751777451,-0.2119020752875646
2015,Ty Montgomery,WR,Stanford,6-0,221.0,4.55,40.5,14.0,121.0,6.97,4.21,True,3,94,72.0,1,1.248949752153253,-0.3187284147428101,0.4443128856232186,1.6701397731775842,-0.06690467575609896,-0.08009551415698189,0.02129013175197588,-0.3171671097093933
2015,Mitch Morse,OG,Missouri,6-5,305.0,5.14,31.0,36.0,112.0,7.6,4.5,True,2,49,77.0,0,-0.8567835736828006,0.7139330188826921,-0.7054589388026826,1.327221656606631,2.2153701848425764,1.5501107076890432,-0.8357123958172499,-1.49271218700425
2015,Keith Mumphery,WR,Michigan State,6-0,215.0,4.54,32.5,14.0,121.0,7.07,4.25,True,5,175,72.0,1,0.8452620184551827,-0.3187284147428101,0.33944527054716384,-0.9328395593329678,-0.06690467575609896,-0.08009551415698189,0.5336461061570154,-0.03554458988122652
2015,Marcus Murphy,RB,Missouri,5-9,198.0,4.61,29.0,11.0,109.0,7.07,4.4,True,7,230,69.0,1,-1.1339157362154402,-0.6428916879348747,0.4237301038150041,-1.7894952451096677,-1.8148039281130937,-1.8060889298434664,0.04887238355426378,0.8288816015790644
2015,Robert Myers,OG,Tennessee State,6-5,326.0,5.44,27.5,26.0,94.0,8.1,4.91,True,5,176,77.0,1,0.9894367681509931,0.7139330188826921,0.9374794257952038,0.16847389294194884,-0.006573798768079143,-1.1169915393641623,0.922258663345247,0.6078163962111147
2015,J.J. Nelson,WR,Ala-Birmingham,5-10,156.0,4.28,36.0,14.0,127.0,7.02,4.15,True,5,159,70.0,1,-3.124334029575843,-1.196509877804561,-2.387112721430315,0.2059638986403987,-0.06690467575609896,0.9641877716872235,0.2774681189544933,-0.7396008894516405
2015,Steven Nelson,CB,Oregon State,5-10,197.0,4.49,34.5,19.0,115.0,6.88,4.07,True,3,98,70.0,0,0.41544767569092456,-0.8804374131664883,-0.06855335043964621,-0.47835414541626753,1.2533683290243682,-1.3602854385414949,-0.19652846951317607,-0.7943265552629531
2015,Rakeem Nunez-Roches,DT,Southern Miss,6-2,307.0,5.02,34.0,26.0,114.0,7.67,4.69,True,6,217,74.0,0,-0.03658375145241576,-0.659359892681932,-0.47993643320875623,1.6343718081043799,-0.26972144021831396,1.4810054573316476,0.051623473526368535,0.2134935691605338
2015,Nick O'Leary,TE,Florida State,6-3,252.0,4.93,30.5,21.0,110.0,7.4,4.5,True,6,194,75.0,0,0.1194389248295978,-0.8267770300636582,1.3050806705562377,-0.9462251242533736,0.3463589448719126,-1.2106931640798504,1.2327441642657304,0.8063750095511774
2015,Owamagbe Odighizuwa,DE,UCLA,6-3,267.0,4.62,39.0,25.0,127.0,7.36,4.19,True,3,74,75.0,0,-0.06452768836796455,-0.5934246812855645,-1.3689998417096598,2.0212823948932592,0.31379071013342874,1.885875106394318,0.49578195724740537,-1.5612871387056564
2015,Nate Orchard,DE,Utah,6-3,250.0,4.8,31.5,23.5,115.0,7.28,4.43,True,2,51,75.0,1,-1.2445123897129307,-0.5934246812855645,-0.12486501156783554,-0.4383702544163113,-0.01544137062167986,-0.07813263633120728,0.1323911303883483,-0.05244307264774429
2015,Leon Orr,DT,Florida,6-5,323.0,5.16,28.0,27.0,100.0,8.26,4.9,False,0,0,77.0,1,0.9731277886342177,1.4512715163669354,0.30497089378841485,-0.3440782753903962,-0.06595378282710605,-0.7946858551535662,2.287359225929057,1.4617202606747703
2015,DeVante Parker,WR,Louisville,6-3,209.0,4.45,36.5,17.0,125.0,6.96,4.25,True,1,14,75.0,2,0.4415742847571123,0.9979437798498162,-0.6043632651373474,0.3686501069223082,0.7343955106250869,0.6160933430724883,-0.029945465688526695,-0.03554458988122652
2015,David Parry,DT,Stanford,6-1,308.0,5.38,29.0,34.0,103.0,7.65,4.645,True,5,151,73.0,2,0.026523219802998828,-1.362903695698221,1.5383966933553914,-0.014336594807933516,1.3604198189113494,-0.30703771676387753,-0.02416417909744982,-0.05398357902109323
2015,Andrus Peat,OT,Stanford,6-7,313.0,5.18,31.0,24.0,105.0,8.01,4.62,True,1,13,79.0,1,-0.036702550875005714,1.195594082935749,-0.213857005026276,0.9372017240481002,0.0010652833053096855,0.12793028727638941,0.7005435592548833,-0.761832340984437
2015,Denzel Perryman,ILB,Miami (FL),5-11,236.0,4.78,32.0,27.0,113.0,7.12,4.29,True,2,48,71.0,2,-0.8424393559282477,-1.632021292781211,0.22566515528690084,-0.47769121424338684,1.451538861819696,-0.6824479440031429,0.05402306345064703,-0.12058051157822004
2015,Garry Peters,CB,Clemson,6-0,191.0,4.61,32.5,7.0,119.0,6.8,4.0,False,0,0,72.0,0,-0.27685132702164517,0.36731036733780453,1.2682369831334994,-1.209954603111736,-1.9479301234459325,-0.6534807064476821,-0.6606446106167839,-1.358703921554894
2015,Marcus Peters,CB,Washington,6-0,197.0,4.53,37.5,17.0,121.0,7.08,4.08,True,1,18,72.0,0,0.41544767569092456,0.36731036733780453,0.37704342741806895,0.6190465411269354,0.7198185869459847,-0.30007834040077574,0.9637618832458436,-0.7137012172212495
2015,Bryce Petty,QB,Baylor,6-3,230.0,4.87,34.0,16.0,121.0,6.91,4.13,True,4,103,75.0,1,0.763088136902359,0.09224785797656607,0.3958123464258239,0.889015079867653,-0.061313606531362225,1.2868226062109995,-0.9429192390493202,-1.3683203191120885
2015,Jordan Phillips,DT,Oklahoma,6-5,329.0,5.17,30.0,28.0,105.0,7.88,4.68,True,2,52,77.0,0,1.3517696161667052,1.4512715163669354,0.36103570285963993,0.31540508577452914,0.13781387456410185,0.018061042162581573,0.8473938260764781,0.1540542028979471
2015,Darius Philon,DT,Arkansas,6-1,298.0,5.0,31.0,26.0,107.0,8.0,4.645,True,6,192,73.0,1,-0.604546492751147,-1.362903695698221,-0.5920660513512064,0.6451467663569919,-0.26972144021831396,0.34315980108904065,1.3021197418193984,-0.05398357902109323
2015,Terry Poole,OT,San Diego State,6-5,307.0,5.09,31.0,25.0,113.0,7.9,4.66,True,4,130,77.0,0,-0.5934266371812452,-0.5626325096168238,-0.7180018655364183,0.9372017240481002,0.24075402699995144,1.333556031242356,0.3135245170325998,-0.5529203644804778
2015,Jeremiah Poutasi,OG,Utah,6-5,335.0,5.32,26.5,26.0,95.0,8.09,4.89,True,3,66,77.0,0,1.7806740575083333,0.7139330188826921,0.2803040799560502,-0.1625968966765318,-0.006573798768079143,-0.9688191923056507,0.8870992421619978,0.5053515872737775
2015,Cody Prewitt,S,Mississippi,6-2,208.0,4.6,35.0,11.0,125.0,7.12,4.23,False,0,0,74.0,0,0.1831247121943285,1.1545274920511621,0.4100639478697195,-0.10770631709629744,-1.5031760681950357,0.6001111568306036,0.8879850326215458,0.11029123500682529
2015,MyCole Pruitt,TE,Southern Illinois,6-2,251.0,4.58,38.0,17.0,118.0,7.25,4.37,True,5,143,74.0,0,0.003981297494320801,-1.5053581773800555,-1.08671628511258,1.494138091459376,-0.8015735581321398,0.16729938244439435,0.4715749499923558,-0.11345367002761918
2015,Hayes Pullard,ILB,USC,6-0,240.0,4.78,31.0,19.0,110.0,7.07,4.39,True,7,219,72.0,0,-0.12346094009293149,-0.9074916605599537,0.22566515528690084,-0.8359596249259263,-0.7465849977619465,-1.2966510936059723,-0.23983865531934778,0.63495560527265
2015,Damarious Randall,S,Arizona State,5-11,196.0,4.46,38.0,14.0,120.0,6.83,4.07,True,1,30,71.0,0,-1.1701358728349562,-0.7765747580804434,-0.9577121930028477,0.943635942321303,-0.7290995732347575,-0.24609991813104948,-0.7953257248697272,-1.2937081361748652
2015,Thomas Rawls,RB,Central Michigan,5-9,215.0,4.65,35.5,15.0,116.0,7.07,4.28,False,0,0,69.0,2,0.15232451781241438,-0.6428916879348747,0.803734532477603,0.281718885875167,-0.9107696414489216,-0.5270028334652128,0.04887238355426378,-0.07290972958950806
2015,Jordan Richards,S,Stanford,5-11,211.0,4.65,32.0,13.0,111.0,6.74,4.22,True,2,64,71.0,0,0.5214398584516496,-0.7765747580804434,0.8985554267527873,-1.1590485765138978,-0.9871250715548503,-1.7692798530620248,-1.3177325116773628,0.02254127430796378
2015,Bobby Richardson,DT,Indiana,6-3,283.0,5.16,32.5,27.0,106.0,7.57,4.41,False,0,0,75.0,1,-1.5511510615823658,0.04418391033435714,0.30497089378841485,1.1397592872306859,-0.06595378282710605,0.18061042162581112,-0.32731478959272997,-1.4508086861917835
2015,Edmond Robinson,OLB,Newberry,6-3,245.0,4.61,37.0,20.0,121.0,7.49,4.38,True,7,232,75.0,0,0.1820770740389647,0.7234552193823325,-0.6786073904342061,0.8486018015348137,-0.5565186417264388,0.38759882262406065,1.8218376181413456,0.4315221832802523
2015,Josh Robinson,RB,Mississippi State,5-8,217.0,4.7,32.0,21.0,113.0,7.07,4.28,True,6,205,68.0,2,0.3036469006392208,-1.1822063817024666,1.2787400683058496,-0.8335502615782054,0.44528178854733663,-1.0751825890558928,0.04887238355426378,-0.07290972958950806
2015,Quinten Rollins,CB,Miami (OH),5-11,195.0,4.57,36.5,14.0,122.0,7.1,4.28,True,2,62,71.0,0,0.18468134145340132,-0.25656352291434187,0.8226402052757842,0.2532463122792011,-0.08050602617159051,-0.12337715737732258,1.079790918521743,0.898805543612862
2015,Eric Rowe,CB,Utah,6-1,205.0,4.45,39.0,19.0,125.0,6.7,3.97,True,2,47,73.0,0,1.3385130126410174,0.991184257589951,-0.5141501282973614,1.1677468843985368,1.2533683290243682,0.406726391693037,-1.2407897869962912,-1.600579935680009
2015,Ezell Ruffin,WR,San Diego State,6-0,218.0,4.68,27.5,17.0,110.0,7.35,4.58,False,0,0,72.0,0,1.0471058853042179,-0.3187284147428101,1.807591881611958,-2.5597016421520626,0.7343955106250869,-1.994614871538025,1.9682428344911147,2.287841198701148
2015,Ryan Russell,DE,Purdue,6-4,269.0,4.75,32.5,25.0,119.0,7.25,4.47,True,5,163,76.0,0,0.07429404120203148,0.08526216685136973,-0.4704580199405638,-0.11041656784170187,0.31379071013342874,0.5765366112439678,-0.0038804296837991353,0.19903093836190866
2015,Jake Ryan,OLB,Michigan,6-2,240.0,4.65,34.5,20.0,120.0,7.11,4.2,True,4,129,74.0,0,-0.3240157515645469,0.031800229423403006,-0.3323385167229098,0.07146120433977383,-0.5565186417264388,0.23112041163430092,-0.027692603131584836,-0.9618051136617426
2015,Ty Sambrailo,OT,Colorado State,6-6,311.0,5.36,29.0,23.0,97.0,7.54,4.58,True,2,59,78.0,0,-0.22227724631041887,0.3164807866594626,0.7944327159940137,0.2933226769921536,-0.23862346038933205,-1.0776954566895773,-0.9530832575130629,-0.9707443174883963
2015,James Sample,S,Louisville,6-2,209.0,4.56,32.5,17.0,123.0,7.04,4.21,True,4,104,74.0,2,0.29589642761343554,1.1545274920511621,0.01927076476327049,-0.9838248666109645,0.04497692172552077,0.26162672684594235,0.42362344434809085,-0.06520868639088993
2015,Wes Saxton,TE,South Alabama,6-3,248.0,4.65,36.0,19.0,119.0,7.29,4.49,False,0,0,75.0,1,-0.3423915845115102,-0.8267770300636582,-0.608356893978814,0.8433745672693095,-0.22760730663011358,0.33954845075992496,0.6745534071319221,0.7356189572758868
2015,Ross Scheuerman,WR,Lafayette,6-0,204.0,4.62,33.0,15.0,121.0,7.08,4.11,False,0,0,72.0,0,0.10516784000872029,-0.3187284147428101,1.1783861911556204,-0.7701533510510583,0.20019538637096299,-0.08009551415698189,0.5848817035975179,-1.0212234092798074
2015,Josh Shaw,CB,USC,6-0,201.0,4.44,37.5,26.0,130.0,7.01,4.12,True,4,120,72.0,0,0.876980344165971,0.36731036733780453,-0.6255493227617877,0.6190465411269354,3.1207924262987103,1.2902323068103028,0.5576602597801854,-0.3911998650544271
2015,Danny Shelton,DT,Washington,6-2,339.0,5.64,30.5,34.0,95.0,7.99,4.65,True,1,12,74.0,0,1.982839328720851,-0.659359892681932,2.9960817292072734,0.4802759260657605,1.3604198189113494,-1.6074327524697138,1.264225915507489,-0.024263895889797226
2015,Austin Shepherd,OT,Alabama,6-4,315.0,5.39,29.0,17.0,94.0,8.04,4.7,True,7,228,76.0,0,0.14887214456040743,-1.44174580589311,0.9624810028307244,0.2933226769921536,-1.6767559225571826,-1.5298051106768147,0.8060942071336862,-0.3440083879765185
2015,Jean Sifrin,TE,Massachusetts,6-5,245.0,4.84,33.0,19.0,114.0,7.5,4.6,False,0,0,77.0,1,-0.6887644665173411,0.5303852645691367,0.6900471676699707,-0.13277071901579035,-0.22760730663011358,-0.5216968908177281,1.740190307114644,1.513935532304096
2015,Deon Simon,DT,NW State (LA),6-4,321.0,5.12,29.5,35.0,105.0,7.92,4.76,True,7,223,76.0,0,0.8469138461233885,0.7477277133506463,0.08071165750350953,0.15053424548329783,1.5641874763025574,0.018061042162581573,0.9989691313241181,0.6295691329986092
2015,Devin Smith,WR,Ohio State,6-0,196.0,4.42,39.0,10.0,122.0,6.96,4.15,True,2,37,72.0,1,-0.43308247158870694,-0.3187284147428101,-0.918966110365521,1.1820811483318556,-1.1353049242643467,0.09395170015038568,-0.029945465688526695,-0.7396008894516405
2015,D'Joun Smith,CB,Florida Atlantic,5-10,187.0,4.37,36.0,18.0,124.0,6.96,4.26,True,3,65,70.0,0,-0.7383839954966916,-0.8804374131664883,-1.4053436840127917,0.07034619785533391,0.9865934579851764,0.23002520866958379,0.2675876715904318,0.7375548675294473
2015,Donovan Smith,OT,Penn State,6-6,338.0,5.27,32.0,26.0,109.0,7.95,4.79,True,2,34,78.0,0,2.282981142067659,0.3164807866594626,0.2902878554838663,1.2591412475760735,0.4804427706945932,0.7307431592593727,0.48944226349727443,0.12604355915738868
2015,Preston Smith,DE,Mississippi State,6-5,271.0,4.74,34.0,24.0,121.0,7.07,4.28,True,2,38,77.0,0,0.2131157707720275,0.7639490149883039,-0.5395766216151082,0.38151396202021226,0.09430265629668967,0.9038712350315553,-0.8215097901166756,-0.9954706139339387
2015,Tye Smith,CB,Towson,6-0,195.0,4.6,36.5,15.0,124.0,6.97,3.96,True,5,170,72.0,0,0.18468134145340132,0.36731036733780453,1.156837788669063,0.2532463122792011,0.1862688448676012,0.23002520866958379,0.32560218922838147,-1.6812052737217162
2015,Za'Darius Smith,DE,Kentucky,6-4,274.0,4.83,29.0,23.0,113.0,7.42,4.66,True,4,122,76.0,0,0.42134836512702156,0.08526216685136973,0.08249079345580387,-1.258254470852835,-0.1251853975400494,-0.4054672601187948,0.7683250773916962,1.3935324906577615
2015,Martrell Spaight,ILB,Arkansas,6-0,236.0,4.81,35.0,25.0,120.0,7.66,4.29,True,5,141,72.0,1,-0.8424393559282477,-0.9074916605599537,0.4757493012578271,0.5971140178042317,0.9020078969242855,0.7506927384034592,3.2277296261666026,-0.12058051157822004
2015,J.T. Surratt,DT,South Carolina,6-1,304.0,5.19,30.0,29.0,106.0,7.78,4.71,False,0,0,73.0,0,-0.22590466521865954,-1.362903695698221,0.4731653210020951,0.31540508577452914,0.34158153195530977,0.18061042162581112,0.4684555629573796,0.3323723016856967
2015,J.R. Tavai,OLB,USC,6-2,249.0,4.91,30.5,20.0,112.0,7.105,4.32,False,0,0,74.0,2,0.586951334521774,0.031800229423403006,1.9184091624005128,-1.17196375117229,-0.5565186417264388,-1.0207068762837768,-0.05202852709570183,-0.03292024903374371
2015,Shaq Thompson,OLB,Washington,6-0,228.0,4.64,33.5,22.0,117.0,6.99,4.08,True,1,25,72.0,1,-1.5386385330129748,-1.351509750494456,-0.41890573515073964,-0.23939503453824212,-0.09975334144153167,-0.2383148213349782,-0.6117547782704057,-1.8906899782897415
2015,Tyrus Thompson,OT,Oklahoma,6-5,324.0,5.35,29.0,29.0,97.0,7.81,4.92,True,6,185,77.0,1,0.9839582740197667,-0.5626325096168238,0.7384166203817717,0.2933226769921536,1.1995090017785184,-1.0776954566895773,-0.0031274266038181873,0.8050074827952551
2015,Eric Tomlinson,TE,Texas-El Paso,6-6,263.0,4.98,30.5,19.0,110.0,7.46,4.54,False,0,0,78.0,0,1.3894728255176447,1.208966411885534,1.6467659499375027,-0.9462251242533736,-0.22760730663011358,-1.2106931640798504,1.5372118499750778,1.089399218652346
2015,Laken Tomlinson,OG,Duke,6-3,323.0,5.33,31.5,25.0,103.0,8.17,4.87,True,1,28,75.0,0,0.7256910050318798,-0.9618264282169726,0.33506869210931184,1.4927570514158714,-0.22876819712914473,0.21655958416244056,1.1683746116279976,0.4028867783364449
2015,Lynden Trail,DE,Norfolk State,6-7,269.0,4.91,32.5,24.0,117.0,7.32,4.48,False,0,0,79.0,0,0.07429404120203148,2.1213227112621724,0.6354396068521716,-0.11041656784170187,0.09430265629668967,0.24920198745638025,0.3140865438178768,0.2618994411143261
2015,Louis Trinca-Pasat,DT,Iowa,6-1,290.0,4.96,32.0,27.0,105.0,7.4,4.3,False,0,0,73.0,1,-1.1094022627944637,-1.362903695698221,-0.8163252876361117,0.9748884469394545,-0.06595378282710605,0.018061042162581573,-0.9715098368951994,-2.104641715080195
2015,Davis Tull,OLB,Tenn-Chattanooga,6-2,246.0,4.57,42.5,26.0,132.0,7.105,4.32,True,5,148,74.0,2,0.28329563915966705,0.031800229423403006,-1.0248762641455025,2.5583111153639013,0.8137772591282826,2.108861343511417,-0.05202852709570183,-0.03292024903374371
2015,Max Valles,OLB,Virginia,6-5,251.0,4.83,36.5,22.0,121.0,7.59,4.37,True,6,179,77.0,1,0.7893884647631787,2.1067651993001912,1.2258714149779202,0.6931736820958058,-0.09975334144153167,0.38759882262406065,2.3085560974236943,0.3541151112279208
2015,Zack Wagenmann,DE,Montana,6-3,247.0,4.81,37.5,14.0,109.0,7.07,4.26,False,0,0,75.0,0,-1.4527449840679247,-0.5934246812855645,-0.05574640989329112,1.5293518650313451,-2.100577882070701,-1.06013650769397,-0.8215097901166756,-1.121207619438768
2015,Clive Walford,TE,Miami (FL),6-4,251.0,4.79,35.0,20.0,120.0,7.32,4.57,True,3,68,76.0,0,0.003981297494320801,-0.14819588274726075,0.34836188828871184,0.5179928051742763,0.05937581912089951,0.5117975190754556,0.8267872499865979,1.3016673754782242
2015,Darren Waller,WR,Georgia Tech,6-6,238.0,4.46,37.0,12.0,125.0,7.07,4.25,True,6,204,78.0,0,2.392731664297786,2.3146159744424426,-0.4994956500612927,0.5313363152042178,-0.6011048000102228,0.6160933430724883,0.5336461061570154,-0.03554458988122652
2015,Leterrius Walton,DT,Central Michigan,6-5,319.0,5.25,27.0,25.0,103.0,7.91,4.78,True,6,199,77.0,0,0.7206999036125593,1.4512715163669354,0.8095541754294505,-0.6738199559728588,-0.4734890976095219,-0.30703771676387753,0.9610753050122091,0.7484478655237773
2015,Tony Washington,OLB,Oregon,6-4,247.0,4.99,32.5,17.0,110.0,7.2,4.31,False,0,0,76.0,0,0.38451420428036936,1.415110209341262,2.6109469098231055,-0.5502512734162581,-1.2416665921537995,-1.3336636982632961,0.4103540282225297,-0.1103273210860821
2015,Trae Waynes,CB,Michigan State,6-0,186.0,4.31,38.0,19.0,122.0,7.06,4.39,True,1,11,72.0,0,-0.8537671626154533,0.36731036733780453,-2.0737388507993693,0.8019466555508025,1.2533683290243682,-0.12337715737732258,0.8477328479699391,1.785684262071618
2015,DeAndrew White,WR,Alabama,5-11,193.0,4.44,34.5,14.0,118.0,6.97,4.18,False,0,0,71.0,1,-0.6349263384377422,-0.7576191462736855,-0.7092308802134022,-0.2820947262053298,-0.06690467575609896,-0.6022371570790845,0.02129013175197588,-0.5283839995805201
2015,Kevin White,WR,West Virginia,6-3,215.0,4.35,36.5,23.0,123.0,6.92,4.14,True,1,7,75.0,0,0.8452620184551827,0.9979437798498162,-1.6530394158979227,0.3686501069223082,2.3369958833874587,0.26799891445775326,-0.23488785545054156,-0.8100065194086868
2015,Kevin White,CB,TCU,5-9,183.0,4.63,35.5,18.0,121.0,6.92,4.16,False,0,0,69.0,2,-1.199916663971738,-1.5043113034186348,1.491035372062352,-0.11255391656853322,0.9865934579851764,-0.30007834040077574,0.03552960103862786,-0.06869851288760483
2015,Jermaine Whitehead,S,Auburn,5-11,197.0,4.59,37.0,15.0,128.0,6.95,4.11,False,0,0,71.0,0,-1.0573641574158492,-0.7765747580804434,0.3123656520931094,0.5931885225154362,-0.47107407491466474,1.1078378018075954,-0.09878334245954473,-0.9427082933794427
2015,Daryl Williams,OT,Oklahoma,6-5,327.0,5.34,26.0,27.0,97.0,7.81,5.15,True,4,102,77.0,1,1.2623203171728863,-0.5626325096168238,0.6824005247695348,-0.6724958935917664,0.720131514389235,-1.0776954566895773,-0.0031274266038181873,2.006251347693022
2015,Karlos Williams,RB,Florida State,6-1,230.0,4.48,33.5,16.0,117.0,7.16,4.46,True,5,155,73.0,0,1.2872423890134626,1.5143670871354926,-0.8112842893384403,-0.3555777698124744,-0.6847610697828785,-0.34427624826831954,0.597777914548054,1.2797772671633472
2015,Leonard Williams,DT,USC,6-5,302.0,4.97,29.5,27.0,106.0,7.59,4.53,True,1,6,77.0,1,-0.3521186077294887,1.4512715163669354,-0.7602604785648867,0.15053424548329783,-0.06595378282710605,0.18061042162581112,-0.2515271369689116,-0.7375362910407903
2015,Maxx Williams,TE,Minnesota,6-4,249.0,4.78,34.5,17.0,117.0,7.3,4.37,True,2,55,76.0,0,-0.2269339571762332,-0.14819588274726075,0.2800248324124613,0.3553019241267596,-0.8015735581321398,-0.004949685871136246,0.7252980214168125,-0.11345367002761918
2015,P.J. Williams,CB,Florida State,6-0,194.0,4.57,40.0,12.0,132.0,7.08,4.28,True,3,78,72.0,0,0.06929817433463971,0.36731036733780453,0.8226402052757842,1.533547113246271,-0.614055768249974,1.643634672857209,0.9637618832458436,0.898805543612862
2015,Trey Williams,RB,Texas A&M,5-7,195.0,4.49,33.5,18.0,119.0,6.84,4.12,False,0,0,67.0,0,-1.3608993104556497,-1.7215210754700585,-0.7162831821727927,-0.3555777698124744,-0.23274392645079248,0.02117692212546717,-1.3538861956520938,-1.2752981711476046
2015,Damien Wilson,ILB,Minnesota,6-0,245.0,4.77,37.0,22.0,119.0,7.21,4.2,True,4,127,72.0,0,0.7752620797012137,-0.9074916605599537,0.1423037732965847,1.3136508391693107,0.07771144958116945,0.545958355202516,0.5829741572366388,-0.8005630167440044
2015,Julian Wilson,CB,Oklahoma,6-2,205.0,4.58,36.0,14.0,125.0,6.94,4.22,False,0,0,74.0,1,1.3385130126410174,1.6150581478420973,0.9340393997402104,0.07034619785533391,-0.08050602617159051,0.406726391693037,0.1515586363145324,0.415053515362625
2015,Ramik Wilson,ILB,Georgia,6-2,237.0,4.77,35.0,23.0,111.0,7.12,4.51,True,4,118,74.0,1,-0.6626947519694186,0.5415676038825611,0.1423037732965847,0.5971140178042317,0.3524769320288748,-1.0919167104050291,0.05402306345064703,1.5415989454936982
2015,Jameis Winston,QB,Florida State,6-4,231.0,4.97,28.5,16.0,103.0,7.16,4.36,True,1,1,76.0,1,0.8578717160123361,0.6753861030427393,1.0191111481817903,-1.021484214285019,-0.061313606531362225,-1.4814534392908545,0.34129671441120557,0.18203649110369735
2015,Gabe Wright,DT,Auburn,6-3,300.0,5.07,26.5,34.0,100.0,7.73,4.56,True,4,113,75.0,0,-0.4783325502403179,0.04418391033435714,-0.19961238785262087,-0.8386907962640902,1.3604198189113494,-0.7946858551535662,0.27898643139783036,-0.559218192253046
2015,T.J. Yeldon,RB,Alabama,6-1,226.0,4.61,36.0,22.0,117.0,7.19,4.22,True,2,36,73.0,0,0.9845976233598497,1.5143670871354926,0.4237301038150041,0.4410430497970774,0.6712903602133796,-0.34427624826831954,0.7807464248793192,-0.5238053951737976
2015,Zach Zenner,FB,South Dakota State,5-11,223.0,4.6,41.0,25.0,121.0,7.08,4.14,False,0,0,71.0,0,-2.1488430651874597,-0.9748282513003759,-1.4115166970605824,2.491162163168075,0.4020774762249346,1.3894584502196574,-0.7931516901875146,-1.5842678900094125
2016,Mehdi Abdesmad,DE,Boston Col.,6-6,284.0,5.1,29.5,25.0,108.0,7.55,4.62,False,0,0,78.0,0,1.1154570129770016,1.4426358631252383,1.9486930386685402,-1.0942776275655302,0.31379071013342874,-1.2238038195877636,1.358835171037663,1.1420584796481086
2016,Vernon Adams,QB,Oregon,5-11,200.0,4.83,29.5,16.0,114.0,6.82,4.2,False,0,0,71.0,1,-2.0804192363969545,-2.2403051222881265,0.14649282572343622,-0.6741207062572604,-0.061313606531362225,0.21027081073805623,-1.4052369822951087,-0.8964725942638049
2016,Jerell Adams,TE,South Carolina,6-5,247.0,4.64,32.5,19.0,117.0,7.05,4.31,True,6,184,77.0,1,-0.4578492118467872,0.5303852645691367,-0.6766939498550707,-0.29546160006330696,-0.22760730663011358,-0.004949685871136246,-0.5433173357054757,-0.5379899836793753
2016,Bralon Addison,WR,Oregon,5-9,197.0,4.66,34.5,13.0,116.0,6.95,4.14,False,0,0,69.0,0,-0.3658011826390285,-1.6354006093354365,1.5978566514598487,-0.2820947262053298,-0.33400473788316093,-0.9503315856938197,-0.08118106312902927,-0.8100065194086868
2016,Dominique Alexander,ILB,Oklahoma,6-0,232.0,4.64,28.5,17.0,104.0,7.12,4.29,False,0,0,72.0,2,-1.561417771763564,-0.9074916605599537,-0.9413941925774514,-1.731630651632275,-1.2961159626573573,-2.525057392811631,0.05402306345064703,-0.12058051157822004
2016,Vadal Alexander,OT,LSU,6-5,326.0,5.57,24.0,25.0,95.0,8.04,4.9,True,7,234,77.0,0,1.1695329694551797,-0.5626325096168238,1.970770723851014,-1.316374940647713,0.24075402699995144,-1.379101892681069,0.8060942071336862,0.7005514945432778
2016,Brandon Allen,QB,Arkansas,6-1,217.0,4.84,28.0,16.0,110.0,7.06,4.33,True,6,201,73.0,1,-0.46909839152734345,-1.0740286321557804,0.20882270589903176,-1.1951659682988982,-0.061313606531362225,-0.4049016438179113,-0.17238966697300745,-0.020183962402710812
2016,Jack Allen,C,Michigan State,6-1,294.0,5.29,26.5,23.0,101.0,7.9,4.73,False,0,0,73.0,0,-1.7096586276016086,-2.1122627997809182,0.3368991726827479,-0.33086723548929425,-0.7592871203195032,-0.17600915901752343,0.7853845850080254,0.33358367000720385
2016,Geronimo Allison,WR,Illinois,6-3,196.0,4.67,33.0,14.0,127.0,7.4,4.28,False,0,0,75.0,1,-0.43308247158870694,0.9979437798498162,1.7027242665359035,-0.7701533510510583,-0.06690467575609896,0.9641877716872235,2.224420821693637,0.17567229998990017
2016,Stephen Anderson,TE,California,6-2,230.0,4.59,38.0,16.0,119.0,7.14,4.38,False,0,0,74.0,2,-2.420628876546496,-1.5053581773800555,-1.0183792292363294,1.494138091459376,-1.0885566838831529,0.33954845075992496,-0.08661580714145264,-0.04269761775232858
2016,Sterling Bailey,DE,Georgia,6-4,285.0,5.23,30.0,20.0,111.0,7.46,4.73,False,0,0,76.0,0,1.1848678777619996,0.08526216685136973,2.8472348604376423,-0.9303007842782254,-0.7836495590502666,-0.7328018839063823,0.9500204908212248,1.8336120099246558
2016,Peyton Barber,RB,Auburn,5-10,228.0,4.64,32.5,20.0,111.0,7.0,4.21,False,0,0,70.0,0,1.1359200061866561,-0.10357699416728292,0.7087334253119469,-0.6742260976562952,0.2192732168812936,-1.4406357594496797,-0.3780541405520199,-0.598954672771177
2016,Willie Beavers,OT,West. Michigan,6-5,321.0,5.28,25.5,20.0,103.0,7.96,4.71,True,4,121,77.0,0,0.7055962308666469,-0.5626325096168238,0.34630395109610823,-0.8334656553557531,-0.9576896914732573,-0.17347614871510225,0.5246258127902087,-0.29178039385052984
2016,Caleb Benenoch,OT,UCLA,6-5,311.0,4.98,28.0,24.0,104.0,8.15,5.11,True,5,148,77.0,1,-0.22227724631041887,-0.5626325096168238,-1.3341789172710345,-0.02861684653581975,0.0010652833053096855,-0.022772930719356425,1.193113249355976,1.7973393711890628
2016,Andrew Billings,DT,Baylor,6-1,311.0,5.05,27.5,31.0,113.0,8.05,4.82,True,4,122,73.0,0,0.2158441335692426,-1.362903695698221,-0.311742005995076,-0.5089491156816275,0.7491168467377256,1.318456077868418,1.4915888733789509,0.9862053305741084
2016,Ronald Blair,DE,Appalachian State,6-2,284.0,5.15,30.0,32.0,113.0,7.95,4.53,True,5,142,74.0,0,1.1154570129770016,-1.2721115294224987,2.2942860470412745,-0.9303007842782254,1.850207086990602,-0.4054672601187948,3.1757893053329487,0.5762419548763908
2016,Austin Blythe,C,Iowa,6-2,298.0,5.36,27.5,29.0,99.0,7.52,4.53,True,7,248,74.0,0,-1.0705339070028757,-1.2526209626607767,0.8167846221436427,0.05514453924821548,0.8039510685735914,-0.5002365572076971,-0.7295704520632953,-0.8986515226315319
2016,Briean Boddy-Calhoun,CB,Minnesota,5-9,193.0,4.47,35.0,10.0,123.0,7.16,4.22,False,0,0,69.0,0,-0.04608499278412191,-1.5043113034186348,-0.2913517393685087,-0.29545403099240036,-1.1476055103283573,0.053324025646130604,1.4278780243494515,0.415053515362625
2016,Evan Boehm,C,Missouri,6-2,302.0,5.33,28.5,24.0,96.0,7.52,4.69,True,4,128,74.0,0,-0.43140918640414283,-1.2526209626607767,0.611119429517544,0.44115631398572525,-0.49874742217065404,-0.9865776544929578,-0.7295704520632953,0.08713663147945667
2016,Devante Bond,OLB,Oklahoma,6-1,235.0,4.7,37.5,21.0,121.0,7.07,4.36,True,6,183,73.0,0,-0.8301085771680585,-0.6598547605355265,0.10049757541620877,1.0040299209738217,-0.3281359915839852,0.38759882262406065,-0.22237999484452511,0.2767080391755893
2016,Joey Bosa,DE,Ohio State,6-5,269.0,4.86,32.0,24.0,120.0,6.89,4.21,True,1,3,77.0,0,0.07429404120203148,0.7639490149883039,0.2898465984794433,-0.27439341112900656,0.09430265629668967,0.7402039231377616,-1.639139150549556,-1.4355501332008327
2016,Tyler Boyd,WR,Pittsburgh,6-1,197.0,4.58,34.0,11.0,119.0,6.9,4.35,True,2,55,73.0,0,-0.3658011826390285,0.1201623167880653,0.7589157308513921,-0.4447809344872393,-0.8682048621372848,-0.428189942771717,-0.33735905033154673,0.6685117096891874
2016,Trevone Boykin,QB,TCU,6-0,212.0,4.77,32.0,16.0,110.0,7.09,4.4,False,0,0,72.0,2,-0.9430162870772291,-1.6571668772219534,-0.22748645533014805,0.19428806381213592,-0.061313606531362225,-0.4049016438179113,-0.018283752557743074,0.4516637624455729
2016,James Bradberry,CB,Samford,6-1,211.0,4.5,36.0,16.0,124.0,6.91,4.21,True,2,62,73.0,0,2.0308120153535874,0.991184257589951,0.042845844024780116,0.07034619785533391,0.45304371590679293,0.23002520866958379,-0.02248491659932184,0.3344281773209212
2016,Ben Braunecker,TE,Harvard,6-3,250.0,4.73,35.5,20.0,121.0,6.9,4.2,False,0,0,75.0,0,-0.11147632984095619,-0.8267770300636582,-0.0616604469687975,0.6806836862217929,0.05937581912089951,0.6840465873909862,-1.3044865499788458,-1.3163065587075844
2016,Jake Brendel,C,UCLA,6-3,303.0,5.01,28.0,25.0,108.0,7.31,4.27,False,0,0,75.0,0,-0.27162800625445965,-0.39297912554063485,-1.5826426251608254,0.24815042661697034,-0.23820772402180496,0.9587867346480847,-1.5667824462342865,-2.500557273061891
2016,Jacoby Brissett,QB,North Carolina State,6-4,231.0,4.94,31.0,16.0,113.0,7.17,4.53,True,3,91,76.0,1,0.8578717160123361,0.6753861030427393,0.8321215076550037,-0.1530754442156226,-0.061313606531362225,0.05647769709906435,0.39266535254962553,1.327952394306667
2016,Kentrell Brothers,OLB,Missouri,6-0,245.0,4.89,28.5,19.0,110.0,6.99,4.11,True,5,160,72.0,0,0.1820770740389647,-1.351509750494456,1.7452747255448608,-1.793676228928322,-0.7849012918688923,-1.3336636982632961,-0.6117547782704057,-1.65846876213274
2016,Anthony Brown,CB,Purdue,5-11,192.0,4.33,35.0,19.0,115.0,7.03,4.19,True,6,189,71.0,0,-0.16146815990288352,-0.25656352291434187,-1.850940461870507,-0.29545403099240036,1.2533683290243682,-1.3602854385414949,0.67368929505609,0.1731775012375137
2016,Beniquez Brown,OLB,Mississippi State,6-1,229.0,4.77,31.0,18.0,110.0,7.07,4.28,False,0,0,73.0,0,-1.4374199678922726,-0.6598547605355265,0.7064681044109717,-1.016535631733282,-1.013283942011346,-1.3336636982632961,-0.22237999484452511,-0.3425485372430767
2016,Lamarcus Brutus,S,Florida State,6-0,206.0,4.76,33.0,14.0,114.0,7.08,4.33,False,0,0,72.0,0,-0.04241871864388563,-0.13287400803657493,1.9732366802955157,-0.8086011567080311,-0.7290995732347575,-1.2615532080850331,0.6558042384848184,0.987790841995378
2016,Deforest Buckner,DE,Oregon,6-7,291.0,5.05,32.0,23.5,116.0,7.51,4.47,True,1,7,79.0,1,1.6013330664719878,2.1213227112621724,1.603100030295812,-0.27439341112900656,-0.01544137062167986,0.0855346755625865,1.1771397576081344,0.19903093836190866
2016,Jonathan Bullard,DE,Florida,6-3,285.0,4.93,32.0,23.0,116.0,7.31,4.56,True,3,72,75.0,0,1.1848678777619996,-0.5934246812855645,0.7736768102012604,-0.27439341112900656,-0.1251853975400494,0.0855346755625865,0.2686626904604917,0.7648474631336264
2016,Aaron Burbridge,WR,Michigan State,6-0,206.0,4.56,30.5,20.0,115.0,7.22,4.31,True,6,213,72.0,0,0.2397304179080771,-0.3187284147428101,0.5491805006992733,-1.583584392460606,1.5356956970062727,-1.1243788000011872,1.3021800677645676,0.3868891898610206
2016,Juston Burris,CB,North Carolina State,6-0,212.0,4.53,36.5,19.0,122.0,7.1,4.4,True,4,118,72.0,0,2.146195182472349,0.36731036733780453,0.37704342741806895,0.2532463122792011,1.2533683290243682,-0.12337715737732258,1.079790918521743,1.866309600113329
2016,Deon Bush,S,Miami (FL),6-0,199.0,4.64,36.0,17.0,123.0,6.975,4.21,True,4,124,72.0,2,-0.8318207265776351,-0.13287400803657493,0.8008571309761685,0.24274110270956936,0.04497692172552077,0.26162672684594235,0.04632965387590674,-0.06520868639088993
2016,Vernon Butler,DT,Louisiana Tech,6-4,323.0,5.33,29.5,26.0,104.0,7.82,4.76,True,1,30,76.0,0,0.9731277886342177,0.7477277133506463,1.2580726479992612,0.15053424548329783,-0.26972144021831396,-0.14448833730064797,0.6200308682050196,0.6295691329986092
2016,Devon Cajuste,WR,Stanford,6-4,234.0,4.62,36.0,12.0,123.0,6.49,4.2,False,0,0,76.0,0,2.1236065084990723,1.4368345113806915,1.1783861911556204,0.2059638986403987,-0.6011048000102228,0.26799891445775326,-2.438018545392198,-0.38757273966643346
2016,Shilique Calhoun,DE,Michigan State,6-4,251.0,4.82,35.0,23.0,115.0,6.97,4.25,True,3,75,76.0,0,-1.1751015249279326,0.08526216685136973,0.013372191781259445,0.7094676485948217,-0.1251853975400494,-0.07813263633120728,-1.275748323690499,-1.1840761221911797
2016,De'Vondre Campbell,OLB,Minnesota,6-4,232.0,4.58,34.0,16.0,116.0,7.105,4.32,True,4,115,76.0,2,-1.1337642725301655,1.415110209341262,-0.9383090457176804,-0.08396691509923414,-1.470049242296253,-0.3947932323247379,-0.05202852709570183,-0.03292024903374371
2016,Maurice Canady,CB,Virginia,6-1,193.0,4.49,38.0,16.0,124.0,7.03,4.09,True,6,209,73.0,0,-0.04608499278412191,0.991184257589951,-0.06855335043964621,0.8019466555508025,0.45304371590679293,0.23002520866958379,0.67368929505609,-0.6330758791795457
2016,Leonte Carroo,WR,Rutgers,6-0,211.0,4.5,35.5,14.0,120.0,6.96,4.25,True,3,86,72.0,2,0.5761368626564691,-0.3187284147428101,-0.08002518975706442,0.043277690358489204,-0.06690467575609896,-0.25414272846434943,-0.029945465688526695,-0.03554458988122652
2016,Kenny Clark,DT,UCLA,6-3,314.0,5.06,28.5,29.0,102.0,7.65,4.62,True,1,27,75.0,1,0.40516504733548636,0.04418391033435714,-0.25567719692385094,-0.17920743509916484,0.34158153195530977,-0.46958709622710704,-0.02416417909744982,-0.20258199467754684
2016,Corey Coleman,WR,Baylor,5-11,194.0,4.42,40.5,17.0,129.0,6.96,4.25,True,1,15,71.0,2,-0.5676450494880637,-0.7576191462736855,-0.918966110365521,1.6701397731775842,0.7343955106250869,1.3122822003019585,-0.029945465688526695,-0.03554458988122652
2016,Alex Collins,RB,Arkansas,5-10,217.0,4.59,28.5,18.0,113.0,7.07,4.28,True,5,171,70.0,2,0.3036469006392208,-0.10357699416728292,0.23372788948370038,-1.948819409031578,-0.23274392645079248,-1.0751825890558928,0.04887238355426378,-0.07290972958950806
2016,Maliek Collins,DT,Nebraska,6-2,311.0,5.03,29.5,25.0,109.0,7.53,4.52,True,3,67,74.0,0,0.2158441335692426,-0.659359892681932,-0.42387162413752616,0.15053424548329783,-0.4734890976095219,0.6682585600154998,-0.47889009484037004,-0.796975657303377
2016,Jack Conklin,OT,Michigan State,6-6,308.0,5.0,30.0,25.0,103.0,7.63,4.57,True,1,8,78.0,0,-0.5006392894635386,0.3164807866594626,-1.2221467260465606,0.6152622005201269,0.24075402699995144,-0.17347614871510225,-0.636431313876648,-1.022972311614385
2016,Connor Cook,QB,Michigan State,6-4,217.0,4.79,33.0,16.0,113.0,7.21,4.28,True,4,100,76.0,1,-0.46909839152734345,0.6753861030427393,-0.10282669497895144,0.5416515718398944,-0.061313606531362225,0.05647769709906435,0.5981399051033098,-0.35721805158005376
2016,Fahn Cooper,OT,Mississippi,6-4,303.0,5.17,25.0,19.0,102.0,7.85,4.89,True,5,174,76.0,0,-0.9645760280520714,-1.44174580589311,-0.26987310063851294,-0.9944354171197397,-1.197378435167899,-0.32417936671084807,0.13760677056792212,0.6483235004172845
2016,Pharoh Cooper,WR,South Carolina,5-11,203.0,4.52,31.0,15.0,115.0,6.96,4.25,True,4,117,71.0,2,0.037886551059041894,-0.7576191462736855,0.12971004039504505,-1.4208981841786963,0.20019538637096299,-1.1243788000011872,-0.029945465688526695,-0.03554458988122652
2016,Marshaun Coprich,RB,Illinois State,5-8,207.0,4.47,34.0,17.0,112.0,7.26,4.58,False,0,0,68.0,0,-0.4529650134948113,-1.1822063817024666,-0.9062853965040963,-0.19625360589056404,-0.4587524981168355,-1.2579091742527864,1.2076729489855975,2.1815685983319195
2016,Cody Core,WR,Mississippi,6-3,205.0,4.47,31.5,14.0,119.0,6.96,4.25,True,6,199,75.0,2,0.1724491289583987,0.9979437798498162,-0.39462803498523796,-1.258211975896787,-0.06690467575609896,-0.428189942771717,-0.029945465688526695,-0.03554458988122652
2016,Kamalei Correa,DE,Boise State,6-3,243.0,4.69,33.0,21.0,108.0,7.24,4.43,True,2,42,75.0,2,-1.7303884432079168,-0.5934246812855645,-0.8851696299878365,0.05356027544560284,-0.5641615052135275,-1.2238038195877636,-0.049304283041180265,-0.05244307264774429
2016,James Cowser,DE,Southern Utah,6-3,248.0,4.82,31.5,21.0,111.0,6.8,4.31,False,0,0,75.0,0,-1.3833341192829267,-0.5934246812855645,0.013372191781259445,-0.4383702544163113,-0.5641615052135275,-0.7328018839063823,-2.0479538307659944,-0.8068651056767031
2016,Su'A Cravens,OLB,USC,6-1,226.0,4.58,27.0,16.0,114.0,7.105,4.32,True,2,53,73.0,2,-1.7410756632543796,-0.6598547605355265,-0.9383090457176804,-2.2599605872453457,-1.470049242296253,-0.7077500543042573,-0.05202852709570183,-0.03292024903374371
2016,Joe Dahl,OT,Washington State,6-4,304.0,5.18,31.0,28.0,109.0,7.64,4.77,True,5,151,76.0,0,-0.8717886803343649,-1.44174580589311,-0.213857005026276,0.9372017240481002,0.9598202580838767,0.7307431592593727,-0.6012477645837137,0.021587570905406726
2016,Steven Daniels,ILB,Boston Col.,5-11,243.0,4.86,32.0,16.0,112.0,7.33,4.54,True,7,232,71.0,0,0.41577287178355565,-1.632021292781211,0.8925562112093858,-0.47769121424338684,-1.5708814451050626,-0.887182327204086,1.2882422822846296,1.768259780548962
2016,Sean Davis,CB,Maryland,6-1,201.0,4.46,37.5,21.0,126.0,6.64,3.97,True,2,58,73.0,0,0.876980344165971,0.991184257589951,-0.40275093383293503,0.6190465411269354,1.7869180711027517,0.5834275747164901,-1.5888768928239996,-1.600579935680009
2016,Trevor Davis,WR,California,6-1,188.0,4.42,38.5,11.0,124.0,6.6,4.22,True,5,163,73.0,0,-0.9713327831861341,0.1201623167880653,-0.918966110365521,1.0193949400499462,-0.8682048621372848,0.4420461287651208,-1.8744269735466605,-0.24676147975235319
2016,Sheldon Day,DT,Notre Dame,6-1,293.0,5.07,30.0,21.0,102.0,7.44,4.5,True,4,103,73.0,0,-0.92008134902822,-1.362903695698221,-0.19961238785262087,0.31540508577452914,-1.2885597271743536,-0.46958709622710704,-0.8199345316475594,-0.91585438982854
2016,Taylor Decker,OT,Ohio State,6-7,310.0,5.23,29.0,20.0,101.0,7.7,4.76,True,1,16,79.0,0,-0.3150645940281254,1.195594082935749,0.0662234730349186,0.2933226769921536,-0.9576896914732573,-0.47488258470659395,-0.39014646882610166,-0.030640423220581928
2016,Kenneth Dixon,RB,Louisiana Tech,5-10,215.0,4.56,37.5,18.0,121.0,6.97,4.28,True,4,134,70.0,0,0.15232451781241438,-0.10357699416728292,-0.05127543201325092,0.9190155415628085,-0.23274392645079248,0.38663009251925384,-0.5610226508832851,-0.07290972958950806
2016,Josh Doctson,WR,TCU,6-2,202.0,4.5,41.0,14.0,131.0,6.84,4.08,True,1,22,74.0,0,-0.02939473789063651,0.5590530483189408,-0.08002518975706442,1.8328259814594938,-0.06690467575609896,1.6603766289166937,-0.6447726349745713,-1.232440299150934
2016,Brandon Doughty,QB,Western Kentucky,6-3,213.0,5.22,27.0,16.0,103.0,7.49,4.52,True,7,223,75.0,1,-0.8482327079672519,0.09224785797656607,2.577358152571712,-1.5425294763266568,-0.061313606531362225,-1.4814534392908545,2.0364617729791,1.2605455764711935
2016,Kenyan Drake,RB,Alabama,6-1,210.0,4.45,34.5,10.0,123.0,7.04,4.21,True,3,73,73.0,0,-0.22598143925460168,1.5143670871354926,-1.0962876108353916,-0.03692944196865367,-2.0408124997791366,0.7520832629130405,-0.13409612677700142,-0.598954672771177
2016,Spencer Drango,OT,Baylor,6-6,315.0,5.27,27.0,30.0,100.0,7.88,4.66,True,5,168,78.0,0,0.14887214456040743,0.3164807866594626,0.2902878554838663,-0.3505563700637931,1.4391977454731602,-0.6255858027023398,0.2431574184467281,-0.5529203644804778
2016,Jeff Driskel,QB,Louisiana Tech,6-4,234.0,4.56,32.0,16.0,122.0,7.19,4.25,True,6,207,76.0,1,1.1422224533422676,0.6753861030427393,-1.5364139390176819,0.19428806381213592,-0.061313606531362225,1.4406157198499914,0.49540262882646996,-0.5594385050864619
2016,Thomas Duarte,TE,UCLA,6-2,231.0,4.72,33.5,12.0,118.0,6.97,4.24,True,7,231,74.0,0,-2.305171249211219,-1.5053581773800555,-0.12999750284505412,0.029920162031726295,-2.2364891868872054,0.16729938244439435,-0.9492742499846083,-1.0332823496064159
2016,Deandre Elliott,CB,Colorado State,6-1,188.0,4.55,41.0,14.0,125.0,6.93,3.94,False,0,0,73.0,1,-0.62300082837793,0.991184257589951,0.5998418163469216,1.8993473420940052,-0.08050602617159051,0.406726391693037,0.09354411867657755,-1.8424559498051274
2016,Tyler Ervin,RB,San Jose State,5-10,192.0,4.41,39.0,17.0,130.0,7.07,4.28,True,4,119,70.0,2,-1.5878828846958595,-0.10357699416728292,-1.4762920394979906,1.3969880333285396,-0.4587524981168355,2.031169359291294,0.04887238355426378,-0.07290972958950806
2016,Kyler Fackrell,OLB,Utah State,6-5,245.0,4.72,34.5,15.0,121.0,7.105,4.32,True,3,88,77.0,2,0.1820770740389647,2.1067651993001912,0.27363201227185313,0.07146120433977383,-1.6984318924387065,0.38759882262406065,-0.05202852709570183,-0.03292024903374371
2016,Jason Fanaika,DE,Utah,6-2,271.0,4.92,35.5,23.0,113.0,7.06,4.39,False,0,0,74.0,0,0.2131157707720275,-1.2721115294224987,0.704558208526716,0.8734444918821264,-0.1251853975400494,-0.4054672601187948,-0.8669336434740608,-0.3039170836573972
2016,Travis Feeney,OLB,Washington,6-4,230.0,4.5,40.0,22.0,130.0,7.2,4.42,True,6,220,76.0,1,-1.3362014027715703,1.415110209341262,-1.6308467931402733,1.7811705181688615,-0.09975334144153167,1.795904521531898,0.4103540282225297,0.7411504714895853
2016,Josh Ferguson,RB,Illinois,5-9,198.0,4.48,34.5,21.0,120.0,7.07,4.28,False,0,0,69.0,2,-1.1339157362154402,-0.6428916879348747,-0.8112842893384403,-0.03692944196865367,0.44528178854733663,0.2039035073223605,0.04887238355426378,-0.07290972958950806
2016,Josh Forrest,ILB,Kentucky,6-3,249.0,4.91,30.5,11.0,118.0,7.12,4.29,True,6,190,75.0,2,1.49424049553653,1.2660972361038185,1.309363121160937,-1.0150938302671961,-2.9447088573435893,0.3412239720015729,0.05402306345064703,-0.12058051157822004
2016,D.J. Foster,WR,Arizona State,5-10,193.0,4.57,35.5,14.0,117.0,6.75,4.07,False,0,0,70.0,0,-0.6349263384377422,-1.196509877804561,0.6540481157753374,0.043277690358489204,-0.06690467575609896,-0.7762843713864521,-1.1058930119391035,-1.3028459291079741
2016,Will Fuller,WR,Notre Dame,6-0,186.0,4.32,33.5,10.0,126.0,6.93,4.27,True,1,21,72.0,0,-1.105895361085491,-0.3187284147428101,-1.967642261126087,-0.6074671427691488,-1.1353049242643467,0.7901405573798559,-0.18365225801003898,0.10526667003285377
2016,Joshua Garnett,OG,Stanford,6-4,312.0,5.32,29.0,30.0,99.0,7.62,4.64,True,1,28,76.0,0,-0.24137679307153603,-0.12394670466714025,0.2803040799560502,0.6650800773696698,0.8822037946761832,-0.3761298040716051,-0.7653935534507484,-0.7754585244429077
2016,Keyarris Garrett,WR,Tulsa,6-3,220.0,4.53,36.5,14.0,128.0,7.3,4.33,False,0,0,75.0,0,1.1816684632035748,0.9979437798498162,0.2345776554711091,0.3686501069223082,-0.06690467575609896,1.138234985994591,1.7120648472885973,0.5277004497751071
2016,Graham Glasgow,C,Michigan,6-6,307.0,5.13,25.0,23.0,106.0,7.63,4.63,True,3,95,78.0,0,0.3674967143442732,2.1859463858197903,-0.7599818546564369,-0.9098848975955589,-0.7592871203195032,0.634559336457911,-0.29103083606896524,-0.2825339263121668
2016,Jared Goff,QB,California,6-4,215.0,4.82,27.0,16.0,110.0,7.17,4.47,True,1,1,76.0,1,-0.6586655497472976,0.6753861030427393,0.08416294554784069,-1.5425294763266568,-0.061313606531362225,-0.4049016438179113,0.39266535254962553,0.9235114872938506
2016,B.J. Goodson,OLB,Clemson,6-1,242.0,4.69,34.5,30.0,118.0,7.05,4.51,True,4,109,73.0,0,-0.12157862132314229,-0.6598547605355265,0.013930356988386591,0.07146120433977383,1.7273078596980969,-0.08183641034521849,-0.31972369070099743,1.4378141199605827
2016,T.J. Green,S,Clemson,6-2,209.0,4.34,35.5,13.0,129.0,6.975,4.21,True,2,57,74.0,2,0.29589642761343554,1.1545274920511621,-2.130091742322195,0.06751739280663596,-0.9871250715548503,1.2770800167999259,0.04632965387590674,-0.06520868639088993
2016,Darrell Greene,OG,San Diego State,6-3,321.0,5.2,21.5,28.0,98.0,8.07,4.98,False,0,0,75.0,0,0.5498604962858041,-0.9618264282169726,-0.3768712658831034,-1.817950844768935,0.437814997954052,-0.5243021511301165,0.8167803997954994,0.9664432274917881
2016,Glenn Gronkowski,FB,Kansas State,6-2,239.0,4.71,33.0,17.0,120.0,7.1,4.45,False,0,0,74.0,0,-0.4246975969544534,0.9012563078060039,-0.6305888202844605,-0.04190740087572476,-1.0758289228721227,1.1966356448830517,-0.6821757335357664,0.6391919716016633
2016,Christian Hackenberg,QB,Penn State,6-4,223.0,4.78,31.0,16.0,114.0,7.04,4.33,True,2,51,76.0,1,0.09960308313251924,0.6753861030427393,-0.165156575154547,-0.1530754442156226,-0.061313606531362225,0.21027081073805623,-0.2751269432498473,-0.020183962402710812
2016,Joe Haeg,OT,North Dakota State,6-6,304.0,5.16,27.5,24.0,111.0,7.47,4.47,True,5,155,78.0,1,-0.8717886803343649,0.3164807866594626,-0.32588919625074986,-0.18958660829980642,0.0010652833053096855,1.0321495952508644,-1.1993681025636092,-1.5452522528742854
2016,Deiondre Hall,CB,Northern Iowa,6-2,199.0,4.68,37.0,14.0,127.0,7.07,4.06,False,0,0,74.0,1,0.6462140099284478,1.6150581478420973,2.0480313443844933,0.4361464267030682,-0.08050602617159051,0.7601287577399434,0.9057473656078939,-0.8749518933046642
2016,Javon Hargrave,DT,South Carolina State,6-1,309.0,4.93,34.5,29.0,109.0,7.9,4.7,True,3,89,73.0,0,0.08963019105841341,-1.362903695698221,-0.984519714849792,1.7992426483956112,0.34158153195530977,0.6682585600154998,0.9231814787002999,0.27293293542311525
2016,De'Vante Harris,CB,Texas A&M,5-11,176.0,4.56,38.5,14.0,124.0,6.82,4.06,False,0,0,71.0,1,-2.0075988338030695,-0.25656352291434187,0.7112410108113479,0.9848467699746696,-0.08050602617159051,0.23002520866958379,-0.5446155753408795,-0.8749518933046642
2016,Jerald Hawkins,OT,LSU,6-6,305.0,5.23,23.5,23.0,100.0,8.19,4.89,True,4,123,78.0,0,-0.7790013326166583,0.3164807866594626,0.0662234730349186,-1.4773447024116997,-0.23862346038933205,-0.6255858027023398,1.333847446527713,0.6483235004172845
2016,Joel Heath,DT,Michigan State,6-5,293.0,5.02,33.0,26.0,113.0,7.44,4.52,False,0,0,77.0,0,-0.92008134902822,1.4512715163669354,-0.47993643320875623,1.3046301275219172,-0.26972144021831396,1.318456077868418,-0.8199345316475594,-0.796975657303377
2016,Temarrick Hemingway,TE,South Carolina State,6-5,244.0,4.71,30.5,18.0,115.0,6.88,4.31,True,6,177,77.0,0,-0.8042220938526181,0.5303852645691367,-0.19833455872130468,-0.9462251242533736,-0.5145904323811267,-0.34944782250219747,-1.4059757785486313,-0.5379899836793753
2016,Derrick Henry,RB,Alabama,6-3,247.0,4.54,37.0,22.0,130.0,7.2,4.38,True,2,45,75.0,0,2.573482643041317,2.5929964746706764,-0.24127764634454615,0.7596913776408981,0.6712903602133796,2.031169359291294,0.8417359283230724,0.678583046384299
2016,Willie Henry,DT,Michigan,6-3,303.0,5.0,30.5,28.0,110.0,7.57,4.53,True,4,132,75.0,0,-0.28901163647407413,0.04418391033435714,-0.5920660513512064,0.4802759260657605,0.13781387456410185,0.8308079394787293,-0.32731478959272997,-0.7375362910407903
2016,Rashard Higgins,WR,Colorado State,6-1,196.0,4.64,32.0,13.0,116.0,6.96,4.25,True,5,172,73.0,2,-0.43308247158870694,0.1201623167880653,1.3881214213077298,-1.0955257676148773,-0.33400473788316093,-0.9503315856938197,-0.029945465688526695,-0.03554458988122652
2016,Kevin Hogan,QB,Stanford,6-3,218.0,4.78,32.5,16.0,113.0,6.9,4.31,True,5,162,75.0,1,-0.3743148124173663,0.09224785797656607,-0.165156575154547,0.3679698178260152,-0.061313606531362225,0.05647769709906435,-0.9942878771877401,-0.15499759807365157
2016,Johnny Holton,WR,Cincinnati,6-1,190.0,4.54,31.5,8.0,123.0,6.96,4.25,False,0,0,73.0,2,-0.8367702052867774,0.1201623167880653,0.33944527054716384,-1.258211975896787,-1.6695050485184706,0.26799891445775326,-0.029945465688526695,-0.03554458988122652
2016,Austin Hooper,TE,Stanford,6-4,254.0,4.72,33.0,19.0,117.0,7.0,4.32,True,3,81,76.0,0,0.3503541795001518,-0.14819588274726075,-0.12999750284505412,-0.13277071901579035,-0.22760730663011358,-0.004949685871136246,-0.7970404071299324,-0.46723393140407843
2016,Deandre Houston-Carson,S,William & Mary,6-1,201.0,4.54,32.5,13.0,115.0,7.15,4.28,True,6,185,73.0,0,-0.6062772957394209,0.5108267420072936,-0.17612582678994967,-0.9838248666109645,-0.9871250715548503,-1.0923109930927024,1.0621206282240927,0.5490410385011016
2016,Jordan Howard,RB,Indiana,6-0,230.0,4.57,34.0,16.0,122.0,7.07,4.28,True,5,150,72.0,2,1.2872423890134626,0.9750523933679008,0.04372567515240514,-0.19625360589056404,-0.6847610697828785,0.5693566777161472,0.04887238355426378,-0.07290972958950806
2016,Xavien Howard,CB,Baylor,6-0,201.0,4.58,33.0,11.0,122.0,7.18,4.15,True,2,38,72.0,0,0.876980344165971,0.36731036733780453,0.9340393997402104,-1.027054488687869,-0.8808306392891657,-0.12337715737732258,1.5439070596253508,-0.1493238509293086
2016,Germain Ifedi,OT,Texas A&M,6-6,324.0,5.27,32.5,24.0,109.0,7.81,4.75,True,1,31,78.0,1,0.9839582740197667,0.3164807866594626,0.2902878554838663,1.4201110093400602,0.0010652833053096855,0.7307431592593727,-0.0031274266038181873,-0.08286841734657058
2016,Vernon Hargreaves III,CB,Florida,5-10,204.0,4.5,39.0,15.0,130.0,6.92,3.98,True,1,11,70.0,1,1.223129845522256,-0.8804374131664883,0.042845844024780116,1.1677468843985368,0.1862688448676012,1.2902323068103028,0.03552960103862786,-1.519954597638305
2016,Scooby Wright III,ILB,Arizona,6-0,239.0,4.9,31.0,22.0,113.0,7.12,4.47,True,7,250,72.0,1,-0.30320554405176053,-0.9074916605599537,1.2260017391706282,-0.8359596249259263,0.07771144958116945,-0.6824479440031429,0.05402306345064703,1.2393844987533489
2016,Matt Ioannidis,DT,Temple,6-3,299.0,5.03,28.0,32.0,108.0,7.78,4.71,True,5,152,75.0,0,-0.5414395214957325,0.04418391033435714,-0.42387162413752616,-0.3440782753903962,0.9528845041289336,0.5057091805522702,0.4684555629573796,0.3323723016856967
2016,Branden Jackson,DE,Texas Tech,6-4,273.0,5.06,31.5,20.0,113.0,7.4,4.77,False,0,0,76.0,0,0.35193750034202353,0.08526216685136973,1.6722186319703565,-0.4383702544163113,-0.7836495590502666,-0.4054672601187948,0.6774773706769339,2.085086020934303
2016,Dominick Jackson,OT,Alabama,6-5,313.0,5.38,26.0,20.0,97.0,7.81,4.75,False,0,0,77.0,2,-0.036702550875005714,-0.5626325096168238,0.9064649072184875,-0.6724958935917664,-0.9576896914732573,-1.0776954566895773,-0.0031274266038181873,-0.08286841734657058
2016,Andy Janovich,FB,Nebraska,6-1,238.0,4.81,34.0,30.0,119.0,7.28,4.32,True,6,176,73.0,0,-0.5324566887190163,0.2758947881038773,0.07934561314837298,0.27472629462975023,1.3257689756605955,1.003812839546446,0.3166078763299922,-0.2932266800416887
2016,Quinton Jefferson,DT,Maryland,6-4,291.0,4.95,29.0,24.0,105.0,7.95,4.37,True,5,147,76.0,1,-1.046295291539049,0.7477277133506463,-0.8723900967073368,-0.014336594807933516,-0.6772567550007298,0.018061042162581573,1.112650610259849,-1.6885661512421144
2016,Jordan Jenkins,OLB,Georgia,6-3,259.0,4.8,36.5,16.0,121.0,7.105,4.32,True,3,83,75.0,2,1.5991369857287974,0.7234552193823325,0.9661697596944459,0.6931736820958058,-1.470049242296253,0.38759882262406065,-0.05202852709570183,-0.03292024903374371
2016,Austin Johnson,DT,Penn State,6-4,314.0,5.32,26.0,25.0,96.0,7.84,4.75,True,2,43,76.0,0,0.40516504733548636,0.7477277133506463,1.202007838928036,-1.0035616365553215,-0.4734890976095219,-1.4448833730064843,0.695818520828838,0.5701297667360278
2016,Tyler Johnstone,OT,Oregon,6-5,301.0,5.21,30.5,24.0,104.0,7.31,4.6,False,0,0,77.0,0,-1.1501507234874846,-0.5626325096168238,-0.045808718189560234,0.7762319622841136,0.0010652833053096855,-0.022772930719356425,-1.7623048912505703,-0.866288329236419
2016,Cayleb Jones,WR,Arizona,6-3,209.0,4.65,33.5,9.0,121.0,6.99,4.14,False,0,0,75.0,1,0.4415742847571123,0.9979437798498162,1.4929890363837939,-0.6074671427691488,-1.4024049863914088,-0.08009551415698189,0.12376132663298559,-0.8100065194086868
2016,Chris Jones,DT,Mississippi State,6-6,310.0,5.03,24.5,26.0,106.0,7.44,4.62,True,2,37,78.0,0,0.152737162313828,2.1548153193832245,-0.42387162413752616,-1.4981741574290155,-0.26972144021831396,0.18061042162581112,-0.8199345316475594,-0.20258199467754684
2016,Cyrus Jones,CB,Alabama,5-10,197.0,4.49,33.0,10.0,116.0,6.71,4.21,True,2,60,70.0,0,0.41544767569092456,-0.8804374131664883,-0.06855335043964621,-1.027054488687869,-1.1476055103283573,-1.1835842555180416,-1.1827752693583415,0.3344281773209212
2016,Jonathan Jones,CB,Auburn,5-9,186.0,4.33,36.0,19.0,123.0,7.25,4.25,False,0,0,69.0,0,-0.8537671626154533,-1.5043113034186348,-1.850940461870507,0.07034619785533391,1.2533683290243682,0.053324025646130604,1.950008683091009,0.6569295294877435
2016,Matt Judon,DE,Grand Valley State,6-3,275.0,4.73,35.0,30.0,109.0,7.67,4.52,True,5,146,75.0,0,0.49075922991201953,-0.5934246812855645,-0.6086952232896526,0.7094676485948217,1.411230979317124,-1.06013650769397,1.9039214113262486,0.5133734521239735
2016,Ufomba Kamalu,DE,Miami (FL),6-5,295.0,5.01,25.0,26.0,106.0,7.32,4.58,False,0,0,77.0,0,1.8789765256119797,0.7639490149883039,1.3266256235976281,-2.5700692171512727,0.5332787639701678,-1.5511384433753512,0.3140865438178768,0.8905844686384556
2016,Nila Kasitati,OG,Oklahoma,6-3,317.0,5.32,27.5,12.0,107.0,8.3,4.83,False,0,0,75.0,0,0.19819947879365296,-0.9618264282169726,0.2803040799560502,0.16847389294194884,-3.117295375822997,0.8092489723964863,1.6254470870102495,0.19795716046177506
2016,Bronson Kaufusi,DE,BYU,6-6,285.0,4.87,30.0,25.0,111.0,7.03,4.25,True,3,70,78.0,0,1.1848678777619996,1.4426358631252383,0.3589652001539877,-0.9303007842782254,0.31379071013342874,-0.7328018839063823,-1.0032052035462042,-1.1840761221911797
2016,Jayron Kearse,S,Clemson,6-4,216.0,4.62,31.5,16.0,124.0,7.06,4.21,True,7,244,76.0,1,1.085298435547185,2.441928992138899,0.6054605394229484,-1.3342722864168313,-0.213048576594572,0.4308689418382729,0.5397138414164521,-0.06520868639088993
2016,Ryan Kelly,C,Alabama,6-4,311.0,5.03,30.0,26.0,103.0,7.58,4.59,True,1,18,76.0,0,1.006621434943006,0.46666271157950695,-1.4455324967434244,1.02017397609199,0.02233197412704413,0.14821823917265034,-0.4903670251572958,-0.528980964839914
2016,Cody Kessler,QB,USC,6-1,220.0,4.89,29.5,16.0,104.0,7.32,4.0,True,3,93,73.0,1,-0.1847476541974121,-1.0740286321557804,0.5204721067770149,-0.6741207062572604,-0.061313606531362225,-1.3276603256518626,1.1631949246259428,-2.244608950973183
2016,Miles Killebrew,S,Southern Utah,6-2,217.0,4.65,38.0,22.0,127.0,6.93,4.18,True,4,111,74.0,0,1.198070150966292,1.1545274920511621,0.8985554267527873,0.943635942321303,1.3351044133259846,0.9385955868152648,-0.21487373952791106,-0.32845856848745886
2016,Derrick Kindred,S,TCU,5-10,207.0,4.5,37.5,17.0,123.0,7.05,4.29,True,4,129,70.0,1,0.07035299677522143,-1.420275508124312,-0.5669190098963988,0.7684122324183696,0.04497692172552077,0.26162672684594235,0.48166864288227146,0.6367909991999554
2016,Denver Kirkland,OT,Arkansas,6-4,335.0,5.55,22.5,19.0,94.0,8.72,5.06,False,0,0,76.0,0,2.004619098914539,-1.44174580589311,1.858738532626535,-1.799284225939673,-1.197378435167899,-1.5298051106768147,3.1985755590532743,1.5361994005591102
2016,Nick Kwiatkoski,ILB,West Virginia,6-2,243.0,4.73,32.0,19.0,120.0,7.16,4.22,True,4,113,74.0,0,0.41577287178355565,0.5415676038825611,-0.19114175466465036,-0.47769121424338684,-0.7465849977619465,0.7506927384034592,0.2891124384666439,-0.6494557933738331
2016,Jimmy Landes,LS,Baylor,6-1,240.0,4.95,27.5,14.0,110.0,7.05,4.38,True,6,210,73.0,1,0.5348711181499303,-0.2659603506849879,-0.688306411446259,-0.6542121425868608,-0.1618347187425377,0.0866162007823011,-1.8027002028368802,-0.8473541007556609
2016,Daniel Lasco,RB,California,6-0,209.0,4.46,41.5,23.0,135.0,7.22,4.26,True,7,237,72.0,0,-0.3016426306680049,0.9750523933679008,-1.001286503669744,2.1936088529380915,0.8972989318794227,2.944802285275761,0.963714935210579,-0.22320828478427346
2016,Darius Latham,DT,Indiana,6-4,311.0,5.32,29.0,27.0,100.0,7.76,4.63,False,0,0,76.0,1,0.2158441335692426,0.7477277133506463,1.202007838928036,-0.014336594807933516,-0.06595378282710605,-0.7946858551535662,0.39266791033355786,-0.1431426284149654
2016,Kenny Lawler,WR,California,6-2,203.0,4.64,31.0,14.0,111.0,7.13,4.2,True,7,243,74.0,1,0.037886551059041894,0.5590530483189408,1.3881214213077298,-1.4208981841786963,-0.06690467575609896,-1.8205676572306575,0.8410596908000353,-0.38757273966643346
2016,Shaq Lawson,DE,Clemson,6-3,269.0,4.7,33.0,23.5,120.0,7.16,4.21,True,1,19,75.0,1,0.07429404120203148,-0.5934246812855645,-0.8160510283132921,0.05356027544560284,-0.01544137062167986,0.7402039231377616,-0.4126951099002374,-1.4355501332008327
2016,Darron Lee,OLB,Ohio State,6-1,232.0,4.47,35.5,17.0,133.0,7.12,4.2,True,1,20,73.0,0,-1.1337642725301655,-0.6598547605355265,-1.8905484484237474,0.38231744321778977,-1.2416665921537995,2.265339754501177,0.020979244796649154,-0.9618051136617426
2016,Alex Lewis,OT,Nebraska,6-6,312.0,5.22,29.5,27.0,100.0,7.94,4.72,True,4,130,78.0,0,-0.1294898985927123,0.3164807866594626,0.010207377422676696,0.4542924387561402,0.720131514389235,-0.6255858027023398,0.4542587142043401,-0.23955239972454118
2016,Roger Lewis,WR,Bowling Green,6-0,201.0,4.57,33.5,8.0,116.0,6.96,4.25,False,0,0,72.0,2,-0.09667602684031491,-0.3187284147428101,0.6540481157753374,-0.6074671427691488,-1.6695050485184706,-0.9503315856938197,-0.029945465688526695,-0.03554458988122652
2016,Kolby Listenbee,WR,TCU,6-0,197.0,4.39,35.5,15.0,129.0,6.96,4.25,True,6,192,72.0,2,-0.3658011826390285,-0.3187284147428101,-1.2335689555936944,0.043277690358489204,0.20019538637096299,1.3122822003019585,-0.029945465688526695,-0.03554458988122652
2016,Cory Littleton,OLB,Washington,6-3,238.0,4.73,29.5,22.0,114.0,7.11,4.32,False,0,0,75.0,1,-0.5264528818059516,0.7234552193823325,0.36019923069968296,-1.4828199900503058,-0.09975334144153167,-0.7077500543042573,-0.027692603131584836,-0.03292024903374371
2016,Jordan Lomax,S,Iowa,5-10,202.0,4.75,36.0,8.0,120.0,7.18,4.15,False,0,0,70.0,0,-0.4935055803203139,-1.420275508124312,1.8755383845189055,0.24274110270956936,-2.277252563155314,-0.24609991813104948,1.2362562238266346,-0.59170845058402
2016,Steve Longa,ILB,Rutgers,6-1,241.0,4.78,32.0,19.0,116.0,7.5,4.56,False,0,0,73.0,0,0.05628366386589757,-0.18296202833869626,0.22566515528690084,-0.47769121424338684,-0.7465849977619465,-0.06824479440031342,2.287372126102615,1.9193670039191333
2016,Ricardo Louis,WR,Auburn,6-2,215.0,4.43,38.0,18.0,132.0,6.96,4.25,True,4,114,74.0,2,0.8452620184551827,0.5590530483189408,-0.8140984952894662,0.8567087317680367,1.0014955727521488,1.8344238432240614,-0.029945465688526695,-0.03554458988122652
2016,Dean Lowry,DE,Northwestern,6-6,296.0,4.87,32.5,30.0,114.0,7.26,4.38,True,4,137,78.0,0,1.9483873903969777,1.4426358631252383,0.3589652001539877,-0.11041656784170187,1.411230979317124,-0.24179994822500103,0.04154342367358199,-0.3667855864098091
2016,Paxton Lynch,QB,Memphis,6-7,244.0,4.86,36.0,16.0,118.0,7.14,4.26,True,1,26,79.0,1,2.0900582444420386,2.424800838241259,0.33348246625022837,1.58374209592317,-0.061313606531362225,0.8254432652940238,0.23855943813436117,-0.4920316872509945
2016,Ryan Malleck,TE,Virginia Tech,6-4,247.0,4.77,34.5,18.0,121.0,7.0,4.33,False,0,0,76.0,0,-0.4578492118467872,-0.14819588274726075,0.21168777653620469,0.3553019241267596,-0.5145904323811267,0.6840465873909862,-0.7970404071299324,-0.39647787912878785
2016,Jalin Marshall,WR,Ohio State,5-10,200.0,4.6,37.5,16.0,125.0,6.8,4.13,False,0,0,70.0,0,-0.1639573157899933,-1.196509877804561,0.9686509610035016,0.6940225234861273,0.46729544849802496,0.6160933430724883,-0.8497150247365861,-0.880412149365727
2016,Nick Martin,C,Notre Dame,6-4,299.0,5.22,28.0,28.0,97.0,7.57,4.72,True,2,50,76.0,0,-0.9107527268531925,0.46666271157950695,-0.142986276778147,0.24815042661697034,0.5434113704247423,-0.8244639553978709,-0.5302342629749612,0.2719719103752629
2016,Blake Martinez,ILB,Stanford,6-2,237.0,4.71,28.5,22.0,113.0,6.98,4.2,True,4,131,74.0,0,-0.6626947519694186,0.5415676038825611,-0.3578645186452753,-1.731630651632275,0.07771144958116945,-0.6824479440031429,-0.7687897491053395,-0.8005630167440044
2016,Tyler Marz,OT,Wisconsin,6-7,316.0,5.54,27.5,19.0,99.0,8.38,4.97,False,0,0,79.0,0,0.241659492278114,1.195594082935749,1.8027224370142982,-0.18958660829980642,-1.197378435167899,-0.7762890206980856,2.0023348830934835,1.0661474534252031
2016,Tyler Matakevich,OLB,Temple,6-0,238.0,4.81,31.0,22.0,112.0,7.19,4.5,True,7,246,72.0,0,-0.5264528818059516,-1.351509750494456,1.0527369781222682,-1.016535631733282,-0.09975334144153167,-1.0207068762837768,0.3616821802942957,1.3604070479082513
2016,Chris Mayes,DL,Georgia,6-3,338.0,5.34,23.5,33.0,104.0,7.555,5.13,False,0,0,75.0,1,2.2377424076952313,-0.11575654815270545,1.7504579749829052,-2.0510439567574137,1.5117705067105807,-0.9719649725529406,-0.023198331898247555,2.1851711573679213
2016,Alex McCalister,DE,Florida,6-6,239.0,4.8,34.5,23.5,128.0,7.01,4.0,True,7,240,78.0,1,-2.0080319023479087,1.4426358631252383,-0.12486501156783554,0.5454908053075169,-0.01544137062167986,2.049542418288112,-1.0940529102609704,-2.7557886910015092
2016,Connor McGovern,OG,Missouri,6-4,306.0,5.11,33.0,33.0,109.0,7.5,4.65,True,5,144,76.0,0,-0.7688683193097628,-0.12394670466714025,-0.8697527752624673,1.9893632358435922,1.5487869897593798,1.105593666513509,-1.187306607649748,-0.7242261199742369
2016,Mekale McKay,WR,Cincinnati,6-4,207.0,4.55,35.0,12.0,123.0,7.08,4.63,False,0,0,76.0,0,0.3070117068577555,1.4368345113806915,0.4443128856232186,-0.11940851792342029,-0.6011048000102228,0.26799891445775326,0.5848817035975179,2.6398693484863553
2016,Braxton Miller,WR,Ohio State,6-1,201.0,4.5,35.0,17.0,123.0,6.65,4.07,True,3,85,73.0,0,-0.09667602684031491,0.1201623167880653,-0.08002518975706442,-0.11940851792342029,0.7343955106250869,0.26799891445775326,-1.6182489863441385,-1.3028459291079741
2016,Harlan Miller,CB,SE Louisiana,6-0,182.0,4.65,35.5,6.0,118.0,7.44,4.43,True,6,205,72.0,0,-1.3152998310904997,0.36731036733780453,1.7138337609912144,-0.11255391656853322,-2.2147049944851243,-0.8301818894711352,3.052284518212079,2.1081856142384403
2016,Jalen Mills,S,LSU,6-0,191.0,4.61,37.0,16.0,123.0,6.86,4.0,True,7,233,72.0,0,-1.7339944499304916,-0.13287400803657493,0.5077622436463383,0.5931885225154362,-0.213048576594572,0.26162672684594235,-0.6211901292671803,-1.9079578610668568
2016,Malcolm Mitchell,WR,Georgia,6-0,198.0,4.45,36.0,15.0,129.0,6.94,4.34,True,4,112,72.0,0,-0.2985198936893501,-0.3187284147428101,-0.6043632651373474,0.2059638986403987,0.20019538637096299,1.3122822003019585,-0.13241666056953186,0.5981060797321472
2016,Chris Moore,WR,Cincinnati,6-1,206.0,4.53,37.0,10.0,130.0,6.76,4.2,True,4,107,73.0,0,0.2397304179080771,0.1201623167880653,0.2345776554711091,0.5313363152042178,-1.1353049242643467,1.4863294146093262,-1.054657414498601,-0.38757273966643346
2016,Eric Murray,CB,Minnesota,5-11,199.0,4.49,39.5,15.0,124.0,7.08,4.05,True,4,106,71.0,0,0.6462140099284478,-0.25656352291434187,-0.06855335043964621,1.350646998822404,0.1862688448676012,0.23002520866958379,0.9637618832458436,-0.955577231346368
2016,Carl Nassib,DE,Penn State,6-7,277.0,4.84,28.5,21.0,114.0,7.27,4.37,True,3,65,79.0,0,0.6295809594820155,2.1213227112621724,0.1516093951303483,-1.4222313141401395,-0.5641615052135275,-0.24179994822500103,0.08696727703096312,-0.4296540891622209
2016,Keanu Neal,S,Florida,6-0,211.0,4.62,38.0,17.0,132.0,7.09,4.38,True,1,17,72.0,0,0.5214398584516496,-0.13287400803657493,0.6054605394229484,0.943635942321303,0.04497692172552077,1.7848066617769178,0.713849437018999,1.4265406454896543
2016,Stephane Nembot,OT,Colorado,6-7,322.0,5.39,26.5,32.0,103.0,8.55,5.15,False,0,0,79.0,0,0.7983835785843535,1.195594082935749,0.9624810028307244,-0.5115261318277797,1.9185752328624437,-0.17347614871510225,2.600455221073379,2.006251347693022
2016,Giorgio Newberry,DE,Florida State,6-5,285.0,4.94,30.0,20.0,114.0,7.53,4.78,False,0,0,77.0,0,1.1848678777619996,0.7639490149883039,0.842795411875811,-0.9303007842782254,-0.7836495590502666,-0.24179994822500103,1.2679874643229008,2.1479545236867206
2016,Yannick Ngakoue,DE,Maryland,6-2,252.0,4.75,34.5,26.0,118.0,7.35,4.5,True,3,69,74.0,0,-1.1056906601429346,-1.2721115294224987,-0.4704580199405638,0.5454908053075169,0.5332787639701678,0.412869299350174,0.45035810389002023,0.38763644661914975
2016,Dadi Nicolas,DE,Virginia Tech,6-3,235.0,4.74,41.0,14.0,116.0,7.04,4.38,True,6,203,75.0,0,-2.285675361487901,-0.5934246812855645,-0.5395766216151082,2.6771897680424783,-2.100577882070701,0.0855346755625865,-0.957781350188823,-0.3667855864098091
2016,Robert Nkemdiche,DT,Mississippi,6-3,294.0,4.87,35.0,28.0,116.0,7.65,4.645,True,1,29,75.0,2,-0.8569743777728054,0.04418391033435714,-1.3209085692771474,1.9641134886868425,0.13781387456410185,1.8061042162581065,-0.02416417909744982,-0.05398357902109323
2016,Jared Norris,ILB,Utah,6-1,241.0,4.8,29.5,19.0,114.0,7.12,4.52,False,0,0,73.0,1,0.05628366386589757,-0.18296202833869626,0.39238791926751837,-1.3733622409497355,-0.7465849977619465,-0.47771356080219973,0.05402306345064703,1.617152557178784
2016,Marquez North,WR,Tennessee,6-2,223.0,4.48,35.0,17.0,123.0,6.9,4.13,False,0,0,74.0,0,1.38351233005261,0.5590530483189408,-0.2897604199091739,-0.11940851792342029,0.7343955106250869,0.26799891445775326,-0.33735905033154673,-0.880412149365727
2016,Shawn Oakman,DE,Baylor,6-8,287.0,4.96,32.0,23.0,123.0,7.53,4.56,False,0,0,80.0,0,1.3236896073319957,2.800009559399107,0.9810326152248998,-0.27439341112900656,-0.1251853975400494,1.2312058588191428,1.2679874643229008,0.7648474631336264
2016,Victor Ochi,DE,Stony Brook,6-1,246.0,4.86,32.0,23.5,119.0,7.24,4.4,False,0,0,73.0,1,-1.5221558488529228,-1.950798377559433,0.2898465984794433,-0.27439341112900656,-0.01544137062167986,0.5765366112439678,-0.049304283041180265,-0.24104858090497983
2016,Emmanuel Ogbah,DE,Oklahoma State,6-4,273.0,4.63,35.5,20.0,121.0,7.26,4.5,True,2,32,76.0,0,0.35193750034202353,0.08526216685136973,-1.2998812400351154,0.8734444918821264,-0.7836495590502666,0.9038712350315553,0.04154342367358199,0.38763644661914975
2016,Romeo Okwara,DE,Notre Dame,6-5,265.0,4.9,33.0,23.0,120.0,7.38,4.53,False,0,0,77.0,0,-0.20334941793796057,0.7639490149883039,0.5663210051776272,0.05356027544560284,-0.1251853975400494,0.7402039231377616,0.5866296639621676,0.5762419548763908
2016,Montese Overton,OLB,East Carolina,6-2,223.0,4.61,34.0,18.0,123.0,7.15,4.47,False,0,0,74.0,0,-2.0447313586164864,0.031800229423403006,-0.6786073904342061,-0.08396691509923414,-1.013283942011346,0.70055564460358,0.16699478858135544,1.1281858317512499
2016,Gionni Paul,ILB,Utah,5-10,231.0,5.05,31.0,22.0,113.0,7.12,4.29,False,0,0,70.0,2,-1.741162375722393,-2.3565509250024683,2.4764224690252816,-0.8359596249259263,0.07771144958116945,-0.6824479440031429,0.05402306345064703,-0.12058051157822004
2016,Jordan Payton,WR,UCLA,6-1,207.0,4.47,34.5,14.0,121.0,7.08,4.33,True,5,154,73.0,1,0.3070117068577555,0.1201623167880653,-0.39462803498523796,-0.2820947262053298,-0.06690467575609896,-0.08009551415698189,0.5848817035975179,0.5277004497751071
2016,Charone Peake,WR,Clemson,6-2,209.0,4.45,35.5,12.0,122.0,6.96,4.46,True,7,241,74.0,0,0.4415742847571123,0.5590530483189408,-0.6043632651373474,0.043277690358489204,-0.6011048000102228,0.09395170015038568,-0.029945465688526695,1.4429736392166477
2016,Paul Perkins,RB,UCLA,5-10,208.0,4.54,32.0,19.0,124.0,7.07,4.28,True,5,149,70.0,2,-0.3773038220814081,-0.10357699416728292,-0.24127764634454615,-0.8335502615782054,-0.006735354784749435,0.934809848109934,0.04887238355426378,-0.07290972958950806
2016,Joshua Perry,ILB,Ohio State,6-4,254.0,4.68,33.5,20.0,124.0,7.12,4.29,True,4,102,76.0,2,2.3929635153306754,1.9906268683250758,-0.607948664616209,0.0597114017804224,-0.4718195153142412,1.5696302712072319,0.05402306345064703,-0.12058051157822004
2016,Kevin Peterson,CB,Oklahoma State,5-10,181.0,4.58,35.5,14.0,121.0,6.94,4.31,False,0,0,70.0,0,-1.4306829982092613,-0.8804374131664883,0.9340393997402104,-0.11255391656853322,-0.08050602617159051,-0.30007834040077574,0.1515586363145324,1.1406815577379734
2016,D.J. Pettway,DE,Alabama,6-2,265.0,4.99,28.0,17.0,108.0,7.74,4.69,False,0,0,74.0,0,-0.20334941793796057,-1.2721115294224987,1.1883884202485393,-1.5862081574274443,-1.4421137205604837,-1.2238038195877636,2.2218883848279245,1.5821379989150026
2016,Tyvis Powell,S,Ohio State,6-3,211.0,4.46,34.5,15.0,120.0,7.03,4.25,False,0,0,75.0,0,0.5214398584516496,1.7982282420950304,-0.9577121930028477,-0.28293002699923087,-0.47107407491466474,-0.24609991813104948,0.3655782458139103,0.28579115640453273
2016,Dak Prescott,QB,Mississippi State,6-2,226.0,4.79,32.5,16.0,116.0,7.11,4.32,True,4,135,74.0,1,0.3839538204624506,-0.4908903870896071,-0.10282669497895144,0.3679698178260152,-0.061313606531362225,0.51785703801604,0.08445352371910136,-0.0875907802381782
2016,Jimmy Pruitt,CB,San Jose State,6-0,198.0,4.73,32.0,19.0,117.0,6.92,4.16,False,0,0,72.0,2,0.5308308428096862,0.36731036733780453,2.6050273167066447,-1.3928547175356032,1.2533683290243682,-1.0068830724945885,0.03552960103862786,-0.06869851288760483
2016,Reggie Ragland,ILB,Alabama,6-1,247.0,4.72,31.5,22.0,116.0,7.12,4.28,True,2,41,73.0,2,1.134751287618872,-0.18296202833869626,-0.2745031366549665,-0.6568254195846566,0.07771144958116945,-0.06824479440031342,0.05402306345064703,-0.1961341232633057
2016,Jalen Ramsey,CB,Florida State,6-1,209.0,4.41,41.5,14.0,135.0,6.94,4.18,True,1,5,73.0,0,1.800045681116064,0.991184257589951,-0.9597469061550765,2.0822474565178726,-0.08050602617159051,2.173738221927569,0.1515586363145324,0.09255216319580274
2016,Sheldon Rankins,DT,Louisville,6-1,299.0,5.03,34.5,28.0,118.0,7.44,4.59,True,1,12,73.0,0,-0.5414395214957325,-1.362903695698221,-0.42387162413752616,1.7992426483956112,0.13781387456410185,2.1312029751845656,-0.8199345316475594,-0.3809000934652964
2016,D.J. Reader,DT,Clemson,6-3,327.0,5.33,29.5,30.0,99.0,7.9,4.71,True,5,166,75.0,0,1.225555673655876,0.04418391033435714,1.2580726479992612,0.15053424548329783,0.5453491893465177,-0.9572352346167957,0.9231814787002999,0.3323723016856967
2016,Alex Redmond,OG,UCLA,6-5,294.0,5.3,28.0,30.0,111.0,7.75,4.9,False,0,0,77.0,0,-1.8238513717862164,0.7139330188826921,0.17077485564952222,0.33400928775118915,0.8822037946761832,1.401938360630532,-0.3083210780684996,0.5565839917424484
2016,Jarran Reed,DT,Alabama,6-3,307.0,5.21,31.0,27.0,104.0,7.77,4.75,True,2,49,75.0,1,-0.03658375145241576,0.04418391033435714,0.5852949391445452,0.6451467663569919,-0.06595378282710605,-0.14448833730064797,0.43056173664546704,0.5701297667360278
2016,Hassan Ridgeway,DT,Texas,6-3,303.0,5.02,32.0,24.0,113.0,8.28,4.82,True,4,116,75.0,0,-0.28901163647407413,0.04418391033435714,-0.47993643320875623,0.9748884469394545,-0.6772567550007298,1.318456077868418,2.3631468785528753,0.9862053305741084
2016,Dominique Robertson,OT,West Georgia,6-5,324.0,5.36,28.5,30.0,100.0,8.42,4.83,False,0,0,77.0,0,0.9839582740197667,-0.5626325096168238,0.7944327159940137,0.13235291522816692,1.4391977454731602,-0.6255858027023398,2.1430690802652204,0.33495553566134795
2016,A'Shawn Robinson,DT,Alabama,6-4,307.0,5.2,26.0,22.0,106.0,7.8,4.74,True,2,46,76.0,0,-0.03658375145241576,0.7477277133506463,0.5292301300733201,-1.0035616365553215,-1.0847920697831457,0.18061042162581112,0.5442432155811979,0.5106904004734463
2016,Demarcus Robinson,WR,Florida,6-1,203.0,4.59,34.5,14.0,123.0,6.77,4.19,True,4,126,73.0,1,0.037886551059041894,0.1201623167880653,0.8637833459274469,-0.2820947262053298,-0.06690467575609896,0.26799891445775326,-1.0034218170580984,-0.4579783696234736
2016,Alonzo Russell,WR,Toledo,6-4,206.0,4.54,29.5,12.0,112.0,7.18,4.33,False,0,0,76.0,0,0.2397304179080771,1.4368345113806915,0.33944527054716384,-1.9089568090244249,-0.6011048000102228,-1.64652044292329,1.0972376780025528,0.5277004497751071
2016,Zack Sanchez,CB,Oklahoma,5-11,185.0,4.5,35.5,19.0,116.0,6.92,4.16,True,5,141,71.0,2,-0.9691503297342149,-0.25656352291434187,0.042845844024780116,-0.11255391656853322,1.2533683290243682,-1.1835842555180416,0.03552960103862786,-0.06869851288760483
2016,Beau Sandland,TE,Montana State,6-4,253.0,4.74,35.0,23.0,124.0,7.1,4.33,True,7,252,76.0,0,0.2348965521648748,-0.14819588274726075,0.0066766089074530455,0.5179928051742763,0.9203251963739388,1.200793792337578,-0.2895942642810189,-0.39647787912878785
2016,Joe Schobert,OLB,Wisconsin,6-1,244.0,4.76,33.5,22.0,111.0,7.11,4.3,True,4,99,73.0,0,0.08085850891826236,-0.6598547605355265,0.6199008859831495,-0.23939503453824212,-0.09975334144153167,-1.1771852872735364,-0.027692603131584836,-0.18773439313841364
2016,Rashawn Scott,WR,Miami (FL),6-1,199.0,4.54,32.5,17.0,116.0,6.96,4.25,False,0,0,73.0,2,-0.23123860473967173,0.1201623167880653,0.33944527054716384,-0.9328395593329678,0.7343955106250869,-0.9503315856938197,-0.029945465688526695,-0.03554458988122652
2016,Isaac Seumalo,OG,Oregon State,6-4,303.0,5.19,26.0,26.0,105.0,7.4,4.52,True,3,79,76.0,1,-1.032614082428876,-0.12394670466714025,-0.43163587803636494,-0.3281322914857721,-0.006573798768079143,0.5129042782794634,-1.5389008194822462,-1.3902473780669173
2016,Kevon Seymour,CB,USC,5-11,186.0,4.39,35.0,12.0,124.0,6.92,4.18,True,6,218,71.0,1,-0.8537671626154533,-0.25656352291434187,-1.182545295083939,-0.29545403099240036,-0.614055768249974,0.23002520866958379,0.03552960103862786,0.09255216319580274
2016,Hunter Sharp,WR,Utah State,5-11,198.0,4.58,32.5,12.0,116.0,7.12,4.19,False,0,0,71.0,0,-0.2985198936893501,-0.7576191462736855,0.7589157308513921,-0.9328395593329678,-0.6011048000102228,-0.9503315856938197,0.7898240933595327,-0.4579783696234736
2016,Tajae Sharpe,WR,Massachusetts,6-2,194.0,4.55,33.5,11.0,114.0,6.96,4.25,True,5,140,74.0,2,-0.5676450494880637,0.5590530483189408,0.4443128856232186,-0.6074671427691488,-0.8682048621372848,-1.2984260143085549,-0.029945465688526695,-0.03554458988122652
2016,Brandon Shell,OT,South Carolina,6-5,324.0,5.22,30.5,22.0,112.0,7.81,4.75,True,5,158,77.0,2,0.9839582740197667,-0.5626325096168238,0.010207377422676696,0.7762319622841136,-0.4783122040839738,1.1828528132466103,-0.0031274266038181873,-0.08286841734657058
2016,Sterling Shepard,WR,Oklahoma,5-10,194.0,4.48,41.0,20.0,123.0,7.0,4.35,True,2,40,70.0,0,-0.5676450494880637,-1.196509877804561,-0.2897604199091739,1.8328259814594938,1.5356956970062727,0.26799891445775326,0.17499692407348816,0.6685117096891874
2016,Elijah Shumate,S,Notre Dame,6-0,216.0,4.58,33.0,18.0,119.0,6.975,4.51,False,0,0,72.0,1,1.085298435547185,-0.13287400803657493,0.21466735631649933,-0.8086011567080311,0.3030024200456135,-0.4153421331233801,0.04632965387590674,2.567290134574776
2016,Devaunte Sigler,DT,Jacksonville State,6-3,298.0,5.15,25.0,23.0,105.0,7.9,4.97,False,0,0,75.0,1,-0.604546492751147,0.04418391033435714,0.24890608471718975,-1.3333033171377842,-0.8810244123919377,0.018061042162581573,0.9231814787002999,1.8777958245128459
2016,Justin Simmons,S,Boston Col.,6-2,202.0,4.61,40.0,16.0,126.0,6.58,3.85,True,3,98,74.0,0,-0.4935055803203139,1.1545274920511621,0.5077622436463383,1.6445307819330366,-0.213048576594572,0.7693533718229342,-2.2464556882242728,-3.22420727154969
2016,Leshaun Sims,CB,Southern Utah,6-0,203.0,4.53,37.0,11.0,120.0,7.08,4.19,True,5,157,72.0,0,1.1077466784034942,0.36731036733780453,0.37704342741806895,0.4361464267030682,-0.8808306392891657,-0.4767795234242289,0.9637618832458436,0.1731775012375137
2016,Matt Skura,C,Duke,6-3,305.0,5.39,24.0,27.0,103.0,7.89,4.76,False,0,0,75.0,0,0.04793435404490678,-0.39297912554063485,1.0224498147697354,-1.2958966723330687,0.2828716722758932,0.14821823917265034,0.7455173471903564,0.5184189489030101
2016,Pearce Slater,OT,San Diego State,6-7,329.0,5.42,23.0,17.0,92.0,8.36,5.12,False,0,0,79.0,0,1.4478950126082994,1.195594082935749,1.1305292896674402,-1.6383144641756864,-1.6767559225571826,-1.8312115466683065,1.9319677845076084,1.8495673653150513
2016,Wendell Smallwood,RB,West Virginia,5-10,208.0,4.47,33.5,14.0,120.0,6.83,4.28,True,5,153,70.0,0,-0.3773038220814081,-0.10357699416728292,-0.9062853965040963,-0.3555777698124744,-1.1367782131149646,0.2039035073223605,-1.414875699095847,-0.07290972958950806
2016,Ryan Smith,CB,North Carolina Central,5-11,189.0,4.47,36.0,18.0,122.0,6.88,4.09,True,4,108,71.0,0,-0.5076176612591684,-0.25656352291434187,-0.2913517393685087,0.07034619785533391,0.9865934579851764,-0.12337715737732258,-0.19652846951317607,-0.6330758791795457
2016,Terrance Smith,ILB,Florida State,6-3,235.0,4.77,34.5,19.0,120.0,7.12,4.29,False,0,0,75.0,2,-1.0221839598870768,1.2660972361038185,0.1423037732965847,0.4179798124629619,-0.7465849977619465,0.7506927384034592,0.05402306345064703,-0.12058051157822004
2016,Noah Spence,DE,East. Kentucky,6-2,251.0,4.8,35.0,25.0,121.0,7.21,4.35,True,2,39,74.0,0,-1.1751015249279326,-1.2721115294224987,-0.12486501156783554,0.7094676485948217,0.31379071013342874,0.9038712350315553,-0.1855758431133277,-0.5553910946670502
2016,Jason Spriggs,OT,Indiana,6-6,301.0,4.94,31.5,31.0,115.0,7.7,4.44,True,2,48,78.0,0,-1.1501507234874846,0.3164807866594626,-1.558243299719987,1.098171485812087,1.678886489167802,1.6349624672338479,-0.39014646882610166,-1.7019362352522514
2016,Nelson Spruce,WR,Colorado,6-1,206.0,4.69,35.0,12.0,114.0,7.09,4.2,False,0,0,73.0,0,0.2397304179080771,0.1201623167880653,1.9124594966880222,-0.11940851792342029,-0.6011048000102228,-1.2984260143085549,0.6361173010380204,-0.38757273966643346
2016,A.J. Stamps,S,Kentucky,5-11,193.0,4.79,33.0,15.0,115.0,7.17,4.25,False,0,0,71.0,0,-1.5084510190922775,-0.7765747580804434,2.2663315676253544,-0.8086011567080311,-0.47107407491466474,-1.0923109930927024,1.178211025292454,0.28579115640453273
2016,Ronnie Stanley,OT,Notre Dame,6-6,312.0,5.2,28.5,24.0,104.0,8.03,4.9,True,1,6,78.0,2,-0.1294898985927123,0.3164807866594626,-0.10182481380179717,0.13235291522816692,0.0010652833053096855,-0.022772930719356425,0.7709106578407519,0.7005514945432778
2016,Joel Stave,QB,Wisconsin,6-5,236.0,4.8,33.5,16.0,115.0,7.29,4.33,False,0,0,77.0,1,1.3317896115622216,1.2585243481089123,-0.04049681480335591,0.7153333258537737,-0.061313606531362225,0.3640639243770481,1.0090890102106784,-0.020183962402710812
2016,Eric Striker,OLB,Oklahoma,5-11,227.0,4.8,30.0,23.0,116.0,7.3,4.46,False,0,0,71.0,0,-1.639857098133677,-2.0431647404533853,0.9661697596944459,-1.327391870611298,0.12862930870092187,-0.3947932323247379,0.8970725075048782,1.0507787596989182
2016,Charles Tapper,DE,Oklahoma,6-3,271.0,4.59,34.0,23.0,119.0,7.24,4.43,True,4,101,75.0,2,0.2131157707720275,-0.5934246812855645,-1.5763556467332993,0.38151396202021226,-0.1251853975400494,0.5765366112439678,-0.049304283041180265,-0.05244307264774429
2016,Kelvin Taylor,RB,Florida,5-10,207.0,4.6,32.0,15.0,113.0,7.07,4.28,True,6,211,70.0,2,-0.4529650134948113,-0.10357699416728292,0.328728996649348,-0.8335502615782054,-0.9107696414489216,-1.0751825890558928,0.04887238355426378,-0.07290972958950806
2016,John Theus,OT,Georgia,6-6,313.0,5.22,28.0,24.0,103.0,7.9,4.78,True,5,145,78.0,1,-0.036702550875005714,0.3164807866594626,0.010207377422676696,-0.02861684653581975,0.0010652833053096855,-0.17347614871510225,0.3135245170325998,0.07381556503140002
2016,Michael Thomas,WR,Ohio State,6-3,212.0,4.57,35.0,18.0,126.0,6.8,4.13,True,2,47,75.0,0,0.6434181516061475,0.9979437798498162,0.6540481157753374,-0.11940851792342029,1.0014955727521488,0.7901405573798559,-0.8497150247365861,-0.880412149365727
2016,Darian Thompson,S,Boise State,6-2,208.0,4.69,32.5,12.0,118.0,7.26,4.33,True,3,71,74.0,0,0.1831247121943285,1.1545274920511621,1.2893486098592364,-0.9838248666109645,-1.245150569874943,-0.5845843481157107,1.7006178121000894,0.987790841995378
2016,Ron Thompson,DE,Syracuse,6-3,253.0,4.92,32.5,18.0,115.0,7.46,4.5,False,0,0,75.0,2,-1.0362797953579368,-0.5934246812855645,0.704558208526716,-0.11041656784170187,-1.2226256667237447,-0.07813263633120728,0.9500204908212248,0.38763644661914975
2016,Shadrach Thornton,RB,North Carolina State,6-0,217.0,4.75,31.0,12.0,116.0,6.85,4.21,False,0,0,72.0,0,0.3036469006392208,0.9750523933679008,1.753745604134096,-1.1521985894220261,-1.5887953564470507,-0.5270028334652128,-1.2928966922083405,-0.598954672771177
2016,Joe Thuney,OT,North Carolina State,6-5,304.0,4.95,28.5,28.0,110.0,7.47,4.54,True,3,78,77.0,0,-0.8717886803343649,-0.5626325096168238,-1.5022272041077502,0.13235291522816692,0.9598202580838767,0.8814463772551185,-1.1993681025636092,-1.1796562939923556
2016,Cole Toner,OT,Harvard,6-5,306.0,5.32,26.0,22.0,103.0,7.88,4.59,True,5,170,77.0,0,-0.6862139848989518,-0.5626325096168238,0.5703683335450609,-0.6724958935917664,-0.4783122040839738,-0.17347614871510225,0.2431574184467281,-0.9185163233624076
2016,Laquon Treadwell,WR,Mississippi,6-2,221.0,4.52,33.0,12.0,117.0,6.96,4.25,True,1,23,74.0,2,1.248949752153253,0.5590530483189408,0.12971004039504505,-0.7701533510510583,-0.6011048000102228,-0.7762843713864521,-0.029945465688526695,-0.03554458988122652
2016,Sebastian Tretola,OG,Arkansas,6-4,314.0,5.45,23.5,22.0,90.0,7.94,5.02,True,6,193,76.0,0,-0.06554628432546043,-0.12394670466714025,0.9922440379484655,-1.1558092655319736,-0.8953513922123414,-1.709680927598208,0.35970792441325056,1.1713728453664534
2016,Landon Turner,OG,North Carolina,6-4,330.0,5.58,19.0,30.0,88.0,7.83,4.79,False,0,0,76.0,2,1.3410977856431443,-0.12394670466714025,1.7041839959408807,-2.6456278188151363,0.8822037946761832,-2.0060256217152306,-0.027045708602499857,-0.00697245741289477
2016,Soma Vainuku,FB,USC,5-11,246.0,4.68,32.0,26.0,108.0,7.215,4.35,False,0,0,71.0,2,0.3296160453974869,-0.9748282513003759,-0.843569150314313,-0.35854109638119974,0.5868157761120667,-1.1172380191562152,-0.04406398278819936,-0.07805314504707345
2016,Halapoulivaati Vaitai,OT,TCU,6-6,320.0,5.26,29.0,23.0,113.0,8.26,5.0,True,5,164,78.0,0,0.6128088831489403,0.3164807866594626,0.2342717598716294,0.2933226769921536,-0.23862346038933205,1.333556031242356,1.5801322915782594,1.2228314358031735
2016,Vincent Valentine,DT,Nebraska,6-4,329.0,5.19,29.0,17.0,110.0,8.03,4.59,True,3,96,76.0,0,1.3517696161667052,0.7477277133506463,0.4731653210020951,-0.014336594807933516,-2.103630356739185,0.8308079394787293,1.4158012207551258,-0.3809000934652964
2016,Nick Vannett,TE,Ohio State,6-6,257.0,4.76,30.5,17.0,111.0,7.05,4.2,True,3,94,78.0,0,0.6967270615059827,1.208966411885534,0.14335072065995413,-0.9462251242533736,-0.8015735581321398,-1.03844409576432,-0.5433173357054757,-1.3163065587075844
2016,Nick Vigil,ILB,Utah State,6-2,239.0,4.72,31.5,22.0,115.0,6.73,4.0,True,3,87,74.0,1,-0.30320554405176053,0.5415676038825611,-0.2745031366549665,-0.6568254195846566,0.07771144958116945,-0.27297917760125656,-2.2380983429553187,-2.311635250445751
2016,Dan Vitale,FB,Northwestern,6-1,239.0,4.6,38.5,30.0,123.0,7.12,4.12,True,6,197,73.0,0,-0.4246975969544534,0.2758947881038773,-1.4115166970605824,1.6995779244043876,1.3257689756605955,1.7751040608928685,-0.5711997768840132,-1.727716913339156
2016,Jihad Ward,DT,Illinois,6-5,297.0,5.11,25.0,20.0,111.0,7.38,4.63,True,2,44,77.0,0,-0.6676534640065617,1.4512715163669354,0.024646848432284454,-1.3333033171377842,-1.4923273845655616,0.9933573189419589,-1.0472974895190212,-0.1431426284149654
2016,Adolphus Washington,DT,Ohio State,6-3,301.0,5.17,27.0,21.0,99.0,8.06,4.79,True,3,80,75.0,0,-0.4152255789849033,0.04418391033435714,0.36103570285963993,-0.6738199559728588,-1.2885597271743536,-0.9572352346167957,1.5294826996908601,0.8078872317863588
2016,Deandre Washington,RB,Texas Tech,5-8,204.0,4.49,34.5,24.0,116.0,7.03,4.2,True,5,143,68.0,0,-0.679948587735021,-1.1822063817024666,-0.7162831821727927,-0.03692944196865367,1.1233075035454658,-0.5270028334652128,-0.1950856302207547,-0.6741039503685563
2016,Stephen Weatherly,OLB,Vanderbilt,6-4,267.0,4.61,31.0,23.0,117.0,7.105,4.32,True,7,227,76.0,2,2.408885506694416,1.415110209341262,-0.6786073904342061,-1.016535631733282,0.12862930870092187,-0.2383148213349782,-0.05202852709570183,-0.03292024903374371
2016,Carson Wentz,QB,North Dakota State,6-5,237.0,4.77,30.5,16.0,118.0,6.86,4.15,True,1,2,77.0,1,1.4265731906721988,1.2585243481089123,-0.22748645533014805,-0.3267571982295019,-0.061313606531362225,0.8254432652940238,-1.1997624297414244,-1.2335066834411479
2016,Christian Westerman,OG,Arizona State,6-3,298.0,5.12,27.0,34.0,98.0,7.69,4.71,True,5,161,75.0,1,-1.472190354294065,-0.9618264282169726,-0.8149881631092057,0.0029384981327085333,1.7709813881204455,-0.5243021511301165,-0.5192776051679978,-0.41683169316223445
2016,D.J. White,CB,Georgia Tech,5-11,193.0,4.49,33.0,17.0,132.0,7.18,4.33,True,6,178,71.0,0,-0.04608499278412191,-0.25656352291434187,-0.06855335043964621,-1.027054488687869,0.7198185869459847,1.643634672857209,1.5439070596253508,1.3019322338213881
2016,Cody Whitehair,OT,Kansas State,6-4,301.0,5.02,25.5,16.0,110.0,7.32,4.58,True,2,56,76.0,0,-1.1501507234874846,-1.44174580589311,-1.1101145348220869,-0.8334656553557531,-1.9164446662518242,0.8814463772551185,-1.727121341957633,-0.9707443174883963
2016,Brandon Wilds,RB,South Carolina,6-1,220.0,4.54,36.5,21.0,118.0,7.08,4.33,False,0,0,73.0,0,0.5306304748794304,1.5143670871354926,-0.24127764634454615,0.6003672137189878,0.44528178854733663,-0.16154966307142618,0.10986188699801705,0.30283665839739543
2016,Brandon Williams,CB,Texas A&M,5-11,197.0,4.37,30.5,18.0,118.0,6.85,4.19,True,3,92,71.0,0,0.41544767569092456,-0.25656352291434187,-1.4053436840127917,-1.9415550608072045,0.9865934579851764,-0.8301818894711352,-0.3705720224270303,0.1731775012375137
2016,Bryce Williams,TE,East Carolina,6-6,257.0,4.94,29.5,19.0,111.0,7.19,4.53,False,0,0,78.0,0,0.6967270615059827,1.208966411885534,1.3734177264324943,-1.271606886348407,-0.22760730663011358,-1.03844409576432,0.1671072642830086,1.0186431663770554
2016,Duke Williams,WR,Auburn,6-2,229.0,4.72,30.0,14.0,121.0,7.43,4.47,False,0,0,74.0,0,1.7872000637506804,0.5590530483189408,2.2270623419161866,-1.7462706007425153,-0.06690467575609896,-0.08009551415698189,2.3781276140151446,1.5133792691736878
2016,Josh Woodrum,QB,Liberty,6-3,231.0,4.8,31.0,16.0,116.0,6.74,4.31,False,0,0,75.0,1,0.8578717160123361,0.09224785797656607,-0.04049681480335591,-0.1530754442156226,-0.061313606531362225,0.51785703801604,-1.8161860874024773,-0.15499759807365157
2016,Daryl Worley,CB,West Virginia,6-1,204.0,4.64,35.5,14.0,123.0,6.98,4.15,True,3,77,73.0,0,1.223129845522256,0.991184257589951,1.6024345665267783,-0.11255391656853322,-0.08050602617159051,0.053324025646130604,0.3836167068663363,-0.1493238509293086
2016,Connor Wujciak,DT,Boston Col.,6-2,291.0,4.91,34.5,22.0,117.0,7.32,4.27,False,0,0,74.0,0,-1.046295291539049,-0.659359892681932,-1.096649332992242,1.7992426483956112,-1.0847920697831457,1.968653595721336,-1.2746604473904797,-2.2829598138679446
2016,Tavon Young,CB,Temple,5-9,183.0,4.46,34.5,9.0,118.0,6.8,3.93,True,4,104,69.0,0,-1.199916663971738,-1.5043113034186348,-0.40275093383293503,-0.47835414541626753,-1.414380381367549,-0.8301818894711352,-0.6606446106167839,-1.9230812878468313
2016,Anthony Zettel,DT,Penn State,6-4,277.0,4.81,30.5,28.0,109.0,7.63,4.39,True,6,202,76.0,0,-1.9297928891148535,0.7477277133506463,-1.6572974237045077,0.4802759260657605,0.13781387456410185,0.6682585600154998,-0.09995183172127155,-1.5696874187169516
2017,Jamal Adams,S,LSU,6-0,214.0,4.56,31.5,18.0,120.0,6.96,4.13,True,1,6,72.0,0,0.8597550047089709,-0.13287400803657493,0.01927076476327049,-1.3342722864168313,0.3030024200456135,-0.24609991813104948,-0.04073814392536414,-0.7672083719817352
2017,Montravius Adams,DT,Auburn,6-4,304.0,4.87,29.0,22.0,108.0,7.62,4.89,True,3,93,76.0,0,-0.22590466521865954,0.7477277133506463,-1.3209085692771474,-0.014336594807933516,-1.0847920697831457,0.5057091805522702,-0.13784565803318072,1.4022808944121838
2017,Rodney Adams,WR,South Florida,6-1,189.0,4.44,29.5,8.0,125.0,6.98,4.28,True,5,170,73.0,0,-0.9040514942364557,0.1201623167880653,-0.7092308802134022,-1.9089568090244249,-1.6695050485184706,0.6160933430724883,0.07252572919248301,0.17567229998990017
2017,Quincy Adeboyejo,WR,Mississippi,6-3,197.0,4.42,34.5,8.0,123.0,6.73,4.14,False,0,0,75.0,0,-0.3658011826390285,0.9979437798498162,-0.918966110365521,-0.2820947262053298,-1.6695050485184706,0.26799891445775326,-1.2083642068201088,-0.8100065194086868
2017,Brian Allen,CB,Utah,6-3,215.0,4.48,34.5,15.0,117.0,6.64,4.34,True,5,173,75.0,0,2.492344683828634,2.238932038094244,-0.17995254490407253,-0.47835414541626753,0.1862688448676012,-1.0068830724945885,-1.5888768928239996,1.3825575718630918
2017,Jonathan Allen,DT,Alabama,6-3,286.0,5.0,30.0,21.0,108.0,7.49,4.5,True,1,17,75.0,0,-1.361830147816122,0.04418391033435714,-0.5920660513512064,0.31540508577452914,-1.2885597271743536,0.5057091805522702,-0.6304654000880101,-0.91585438982854
2017,Alex Anzalone,OLB,Florida,6-3,241.0,4.63,30.5,16.0,116.0,6.88,4.25,True,3,76,75.0,0,-0.2227971864438446,0.7234552193823325,-0.5054729535785618,-1.17196375117229,-1.470049242296253,-0.3947932323247379,-1.1471451054809925,-0.5747697534000782
2017,Isaac Asiata,OG,Utah,6-3,323.0,5.34,25.5,35.0,102.0,7.83,4.93,True,5,164,75.0,0,0.7256910050318798,-0.9618264282169726,0.3898333042625734,-0.4936676862950124,1.993175786481511,0.06838723710392916,-0.027045708602499857,0.7102812051484474
2017,Erik Austell,OG,Charleston Southern,6-3,301.0,5.23,27.5,24.0,107.0,8.13,4.9,False,0,0,75.0,0,-1.2084445911749517,-0.9618264282169726,-0.21257742942331376,0.16847389294194884,-0.4509625954902103,0.8092489723964863,1.0277369268950007,0.5565839917424484
2017,Chidobe Awuzie,CB,Colorado,6-0,202.0,4.43,34.5,16.0,132.0,6.81,4.14,True,2,60,72.0,0,0.9923635112847327,0.36731036733780453,-0.7369485172262239,-0.47835414541626753,0.45304371590679293,1.643634672857209,-0.6026300929788343,-0.22994918897101954
2017,Budda Baker,S,Washington,5-10,195.0,4.45,32.5,15.0,115.0,6.76,4.08,True,2,36,70.0,0,-1.2829075882540633,-1.420275508124312,-1.0554104887794578,-0.9838248666109645,-0.47107407491466474,-1.0923109930927024,-1.2016421146090017,-1.2059581754760116
2017,Zach Banner,OG,USC,6-8,353.0,5.58,23.5,22.0,92.0,8.31,5.21,True,4,137,80.0,0,3.3631486362230136,3.227572189532189,1.7041839959408807,-1.1558092655319736,-0.8953513922123414,-1.413336233481185,1.6606065081934986,2.144788530271136
2017,Derek Barnett,DE,Tennessee,6-3,259.0,4.88,31.0,23.5,117.0,6.96,4.44,True,1,14,75.0,1,-0.6198146066479486,-0.5934246812855645,0.4280838018285321,-0.602347097703616,-0.01544137062167986,0.24920198745638025,-1.3211721770478801,0.010425430104673134
2017,Tarell Basham,DE,Ohio,6-4,269.0,4.7,31.5,15.0,119.0,7.27,4.35,True,3,80,76.0,0,0.07429404120203148,0.08526216685136973,-0.8160510283132921,-0.4383702544163113,-1.8810898282339619,0.5765366112439678,0.08696727703096312,-0.5553910946670502
2017,Vince Biegel,OLB,Wisconsin,6-3,246.0,4.67,33.5,21.0,118.0,6.92,4.3,True,4,108,75.0,0,0.28329563915966705,0.7234552193823325,-0.15920407986726545,-0.23939503453824212,-0.3281359915839852,-0.08183641034521849,-0.9524577137680522,-0.18773439313841364
2017,Adam Bisnowaty,OT,Pittsburgh,6-6,304.0,5.23,29.5,23.0,96.0,8.02,4.94,True,6,200,78.0,0,-0.8717886803343649,0.3164807866594626,0.0662234730349186,0.4542924387561402,-0.23862346038933205,-1.228398674685323,0.7357271085478175,0.909463471047237
2017,Garrett Bolles,OT,Utah,6-5,297.0,4.95,28.0,24.0,115.0,7.29,4.55,True,1,20,77.0,1,-1.521300114358311,-0.5626325096168238,-1.5022272041077502,-0.02861684653581975,0.0010652833053096855,1.6349624672338479,-1.832671989836439,-1.127428299866367
2017,Ben Boulware,ILB,Clemson,6-0,238.0,4.75,29.5,20.0,111.0,7.02,4.43,False,0,0,72.0,1,-0.4829501480105896,-0.9074916605599537,-0.02441899068403283,-1.3733622409497355,-0.4718195153142412,-1.0919167104050291,-0.5337003740893479,0.9371700520129994
2017,Kendrick Bourne,WR,East. Washington,6-1,203.0,4.68,34.0,9.0,125.0,6.73,4.21,False,0,0,73.0,0,0.037886551059041894,0.1201623167880653,1.807591881611958,-0.4447809344872393,-1.4024049863914088,0.6160933430724883,-1.2083642068201088,-0.3171671097093933
2017,Tashawn Bower,OLB,LSU,6-5,250.0,4.82,31.5,20.0,121.0,7.2,4.37,False,0,0,77.0,0,0.6881698996424763,2.1067651993001912,1.1393041965500978,-0.8611075122942741,-0.5565186417264388,0.38759882262406065,0.4103540282225297,0.3541151112279208
2017,Tyus Bowser,OLB,Houston,6-3,247.0,4.65,37.5,21.0,127.0,6.75,4.32,True,2,47,75.0,1,0.38451420428036936,0.7234552193823325,-0.3323385167229098,1.0040299209738217,-0.3281359915839852,1.3264692885626188,-1.7798791285480473,-0.03292024903374371
2017,Ben Braden,OG,Michigan,6-6,329.0,5.04,28.0,25.0,102.0,7.85,4.9,False,0,0,78.0,0,1.2531825312701066,1.5518127424325245,-1.2531050603353082,0.33400928775118915,-0.22876819712914473,0.06838723710392916,0.04327313376399852,0.5565839917424484
2017,Caleb Brantley,DT,Florida,6-3,307.0,5.14,27.0,21.0,105.0,7.66,4.62,True,6,185,75.0,0,-0.03658375145241576,0.04418391033435714,0.1928412756459597,-0.6738199559728588,-1.2885597271743536,0.018061042162581573,0.01372964721445936,-0.20258199467754684
2017,Billy Brown,TE,Shepherd,6-3,254.0,4.7,29.0,23.0,118.0,7.14,4.38,False,0,0,75.0,2,0.3503541795001518,-0.8267770300636582,-0.26667161459755523,-1.4342977673959234,0.9203251963739388,0.16729938244439435,-0.08661580714145264,-0.04269761775232858
2017,Blair Brown,ILB,Ohio,5-11,238.0,4.65,37.0,22.0,124.0,6.92,4.18,True,5,148,71.0,1,-0.4829501480105896,-1.632021292781211,-0.8580328105871352,1.3136508391693107,0.07771144958116945,1.5696302712072319,-1.1214238116293376,-0.9516702401141826
2017,Fadol Brown,DE,Mississippi,6-4,273.0,4.94,34.0,19.0,115.0,7.24,4.44,False,0,0,76.0,0,0.35193750034202353,0.08526216685136973,0.842795411875811,0.38151396202021226,-1.0031376128870055,-0.07813263633120728,-0.049304283041180265,0.010425430104673134
2017,Jayon Brown,ILB,UCLA,6-0,231.0,4.7,31.5,17.0,120.0,7.12,4.29,True,5,155,72.0,2,-1.741162375722393,-0.9074916605599537,-0.44122590063558403,-0.6568254195846566,-1.2961159626573573,0.7506927384034592,0.05402306345064703,-0.12058051157822004
2017,Daniel Brunskill,OT,San Diego State,6-5,273.0,5.22,28.0,17.0,106.0,7.9,4.84,False,0,0,77.0,1,-3.748196459583269,-0.5626325096168238,0.010207377422676696,-0.02861684653581975,-1.6767559225571826,0.27863350527213526,0.3135245170325998,0.3871835297873366
2017,K.D. Cannon,WR,Baylor,5-11,182.0,4.41,37.0,13.0,119.0,6.96,4.25,False,0,0,71.0,2,-1.3750205168842045,-0.7576191462736855,-1.0238337254415757,0.5313363152042178,-0.33400473788316093,-0.428189942771717,-0.029945465688526695,-0.03554458988122652
2017,Josh Carraway,DE,TCU,6-3,242.0,4.74,29.5,25.0,120.0,7.2,4.44,True,7,227,75.0,0,-1.7997993079929149,-0.5934246812855645,-0.5395766216151082,-1.0942776275655302,0.31379071013342874,0.7402039231377616,-0.2309996964707088,0.010425430104673134
2017,Chris Carson,RB,Oklahoma State,6-0,218.0,4.58,37.0,23.0,130.0,7.07,4.28,True,7,249,72.0,2,0.379308092052624,0.9750523933679008,0.13872678231805277,0.7596913776408981,0.8972989318794227,2.031169359291294,0.04887238355426378,-0.07290972958950806
2017,Jamal Carter,S,Miami (FL),6-1,218.0,4.64,35.0,19.0,122.0,6.975,4.21,False,0,0,73.0,2,1.3108418663853991,0.5108267420072936,0.8008571309761685,-0.10770631709629744,0.5610279183657063,0.09238451185361173,0.04632965387590674,-0.06520868639088993
2017,Taco Charlton,DE,Michigan,6-6,277.0,4.92,33.0,25.0,116.0,7.17,4.39,True,1,28,78.0,0,0.6295809594820155,1.4426358631252383,0.704558208526716,0.05356027544560284,0.31379071013342874,0.0855346755625865,-0.36727125654285625,-0.3039170836573972
2017,Jehu Chesson,WR,Michigan,6-3,204.0,4.47,35.5,10.0,132.0,6.7,4.09,True,4,139,75.0,0,0.10516784000872029,0.9979437798498162,-0.39462803498523796,0.043277690358489204,-1.1353049242643467,1.8344238432240614,-1.362070999141621,-1.1620346691938939
2017,Chuck Clark,S,Virginia Tech,6-0,208.0,4.54,34.0,16.0,122.0,6.85,4.07,True,6,186,72.0,0,0.1831247121943285,-0.13287400803657493,-0.17612582678994967,-0.45815373690216427,-0.213048576594572,0.09238451185361173,-0.6792353278013661,-1.2937081361748652
2017,Corey Clement,RB,Wisconsin,5-10,220.0,4.68,28.5,19.0,115.0,7.07,4.28,False,0,0,70.0,2,0.5306304748794304,-0.10357699416728292,1.0887378539745458,-1.948819409031578,-0.006735354784749435,-0.7097294186621063,0.04887238355426378,-0.07290972958950806
2017,Tarik Cohen,RB,North Carolina A&T,5-6,179.0,4.42,31.5,11.0,118.0,7.07,4.28,True,4,119,66.0,2,-2.571478373070101,-2.26083576923765,-1.381290932332343,-0.9928744255001158,-1.8148039281130937,-0.16154966307142618,0.04887238355426378,-0.07290972958950806
2017,Stacy Coley,WR,Miami (FL),6-1,195.0,4.45,34.0,10.0,122.0,6.96,4.25,True,7,219,73.0,2,-0.5003637605383853,0.1201623167880653,-0.6043632651373474,-0.4447809344872393,-1.1353049242643467,0.09395170015038568,-0.029945465688526695,-0.03554458988122652
2017,Gareon Conley,CB,Ohio State,6-0,195.0,4.44,37.0,11.0,129.0,6.68,4.18,True,1,24,72.0,0,0.18468134145340132,0.36731036733780453,-0.6255493227617877,0.4361464267030682,-0.8808306392891657,1.1135311237868497,-1.3568188222721957,0.09255216319580274
2017,James Conner,RB,Pittsburgh,6-1,233.0,4.65,29.0,20.0,113.0,7.07,4.28,True,3,105,73.0,2,1.514225963253672,1.5143670871354926,0.803734532477603,-1.7894952451096677,0.2192732168812936,-1.0751825890558928,0.04887238355426378,-0.07290972958950806
2017,Dalvin Cook,RB,Florida State,5-10,210.0,4.49,30.5,22.0,116.0,7.27,4.53,True,2,41,70.0,0,-0.22598143925460168,-0.10357699416728292,-0.7162831821727927,-1.3115227533439366,0.6712903602133796,-0.5270028334652128,1.2686624524293508,1.805822210345016
2017,Ethan Cooper,OG,Indiana (PA),6-2,322.0,5.36,24.5,26.0,99.0,8.02,4.88,False,0,0,74.0,0,0.637775750658842,-1.799706151766805,0.49936252856910146,-0.824738475913493,-0.006573798768079143,-0.3761298040716051,0.6409832938792472,0.4541191828051112
2017,Zach Cunningham,OLB,Vanderbilt,6-3,234.0,4.67,35.0,15.0,125.0,7.03,4.29,True,2,57,75.0,0,-0.9313271422887609,0.7234552193823325,-0.15920407986726545,0.22688932377878182,-1.6984318924387065,1.0135124665830995,-0.4170673865574654,-0.26514146519074516
2017,Darrell Daniels,TE,Washington,6-3,247.0,4.55,32.0,17.0,116.0,7.09,4.47,False,0,0,75.0,0,-0.4578492118467872,-0.8267770300636582,-1.2917274527413378,-0.45815248111082363,-0.8015735581321398,-0.17719875418666686,-0.3403388785659094,0.5941068527252993
2017,Amara Darboh,WR,Michigan,6-2,214.0,4.45,36.0,17.0,124.0,6.96,4.25,True,3,106,74.0,2,0.7779807295055043,0.5590530483189408,-0.6043632651373474,0.2059638986403987,0.7343955106250869,0.4420461287651208,-0.029945465688526695,-0.03554458988122652
2017,Julien Davenport,OT,Bucknell,6-7,318.0,5.45,27.0,18.0,106.0,7.57,4.69,False,0,0,79.0,0,0.42723418771352717,1.195594082935749,1.2985775765041558,-0.3505563700637931,-1.4370671788625409,0.27863350527213526,-0.8475326096342568,-0.39623638210250717
2017,Kevin Davis,ILB,Colorado State,6-2,235.0,4.91,30.5,11.0,110.0,7.18,4.38,False,0,0,74.0,0,-1.0221839598870768,0.5415676038825611,1.309363121160937,-1.0150938302671961,-2.9447088573435893,-1.2966510936059723,0.40665712597463977,0.5594019935875644
2017,Robert Davis,WR,Georgia State,6-3,219.0,4.44,41.0,19.0,136.0,6.82,4.28,True,6,209,75.0,0,1.1143871742538962,0.9979437798498162,-0.7092308802134022,1.8328259814594938,1.2685956348792107,2.5306127004535317,-0.7472438298555765,0.17567229998990017
2017,Dion Dawkins,OG,Temple,6-4,314.0,5.11,26.0,26.0,106.0,7.3,4.78,True,2,63,76.0,0,-0.06554628432546043,-0.12394670466714025,-0.8697527752624673,-0.3281322914857721,-0.006573798768079143,0.6610766253379748,-1.8904950313147475,-0.05820486188156109
2017,Matthew Dayes,RB,North Carolina State,5-9,205.0,4.47,28.0,18.0,109.0,7.07,4.28,True,7,252,69.0,2,-0.6042873963216178,-0.6428916879348747,-0.9062853965040963,-2.1081435729534883,-0.23274392645079248,-1.8060889298434664,0.04887238355426378,-0.07290972958950806
2017,Treston DeCoud,CB,Oregon State,6-2,206.0,4.62,31.0,11.0,116.0,6.92,4.16,True,5,169,74.0,2,1.4538961797597791,1.6150581478420973,1.3796361775979256,-1.7586549463833374,-0.8808306392891657,-1.1835842555180416,0.03552960103862786,-0.06869851288760483
2017,Joshua Dobbs,QB,Tennessee,6-3,216.0,4.64,33.0,16.0,122.0,6.75,4.31,True,4,135,75.0,1,-0.5638819706373206,0.09224785797656607,-1.0377748976129066,0.5416515718398944,-0.061313606531362225,1.4406157198499914,-1.7648174492640574,-0.15499759807365157
2017,Dylan Donahue,OLB,West Georgia,6-3,248.0,4.75,29.5,26.0,116.0,7.02,4.46,True,5,181,75.0,0,0.4857327694010717,0.7234552193823325,0.5333336675553273,-1.4828199900503058,0.8137772591282826,-0.3947932323247379,-0.4657392344857037,1.0507787596989182
2017,Rasul Douglas,CB,West Virginia,6-2,209.0,4.59,33.5,16.0,120.0,6.97,4.26,True,3,99,74.0,0,1.800045681116064,1.6150581478420973,1.0454385942046367,-0.8441543742640018,0.45304371590679293,-0.4767795234242289,0.32560218922838147,0.7375548675294473
2017,Jessamen Dunker,OG,Tennessee State,6-4,318.0,4.98,28.5,23.0,108.0,7.83,4.79,False,0,0,76.0,2,0.2861147331666908,-0.12394670466714025,-1.5816927332548825,0.4995446825604295,-0.6731569938512758,0.9574213194549976,-0.027045708602499857,-0.00697245741289477
2017,Malachi Dupre,WR,LSU,6-2,196.0,4.52,39.5,11.0,135.0,7.19,4.26,True,7,247,74.0,0,-0.43308247158870694,0.5590530483189408,0.12971004039504505,1.3447673566137652,-0.8682048621372848,2.356565486146164,1.14847327544306,0.03486104007581362
2017,Travin Dural,WR,LSU,6-1,202.0,4.57,30.5,14.0,116.0,7.29,4.55,False,0,0,73.0,1,-0.02939473789063651,0.1201623167880653,0.6540481157753374,-1.583584392460606,-0.06690467575609896,-0.9503315856938197,1.6608292498480948,2.0766243088300214
2017,Ken Ekanem,DE,Virginia Tech,6-3,257.0,4.88,30.5,23.5,115.0,7.38,4.58,False,0,0,75.0,1,-0.7586363362179447,-0.5934246812855645,0.4280838018285321,-0.7663239409909207,-0.01544137062167986,-0.07813263633120728,0.5866296639621676,0.8905844686384556
2017,Pat Elflein,C,Ohio State,6-3,303.0,5.32,23.5,22.0,99.0,7.94,4.71,True,3,70,75.0,0,-0.27162800625445965,-0.39297912554063485,0.5425643653088466,-1.4889025597018235,-1.0198268184683523,-0.5002365572076971,0.9448535362786906,0.21036015074332753
2017,Brooks Ellis,ILB,Arkansas,6-2,240.0,4.79,29.5,18.0,115.0,6.8,4.25,False,0,0,74.0,0,-0.12346094009293149,0.5415676038825611,0.30902653727720963,-1.3733622409497355,-1.021350480209652,-0.27297917760125656,-1.8266919366773282,-0.4227949583185694
2017,Evan Engram,TE,Mississippi,6-3,234.0,4.42,36.0,19.0,125.0,6.92,4.23,True,1,23,75.0,0,-1.9587983672053881,-0.8267770300636582,-2.180109179132613,0.8433745672693095,-0.22760730663011358,1.3730428606531087,-1.202997321409065,-1.1040384018817064
2017,Amba Etta-Tawo,WR,Syracuse,6-1,208.0,4.49,31.0,14.0,126.0,6.95,4.32,False,0,0,73.0,0,0.3742929958074339,0.1201623167880653,-0.18489280483311918,-1.4208981841786963,-0.06690467575609896,0.7901405573798559,-0.08118106312902927,0.45729481981806697
2017,Jerod Evans,QB,Virginia Tech,6-3,232.0,4.8,26.5,16.0,112.0,7.09,4.41,False,0,0,75.0,2,0.9526552951223133,0.09224785797656607,-0.04049681480335591,-1.7162112303405361,-0.061313606531362225,-0.09731541653992754,-0.018283752557743074,0.5190705802810403
2017,Gerald Everett,TE,South Alabama,6-3,239.0,4.62,37.5,22.0,126.0,6.99,4.33,True,2,44,75.0,0,-1.381510230529003,-0.8267770300636582,-0.8133680616075717,1.3314472104118593,0.6333420706229257,1.5452919289686393,-0.8477850214148228,-0.39647787912878785
2017,Dan Feeney,OG,Indiana,6-4,305.0,5.24,28.0,26.0,101.0,7.52,4.68,True,3,71,76.0,0,-0.8567835736828006,-0.12394670466714025,-0.15781281727005217,0.33400928775118915,-0.006573798768079143,-0.07978510995458227,-1.1169877652832496,-0.570528906568238
2017,Devonte Fields,OLB,Louisville,6-2,236.0,4.72,34.0,22.0,124.0,7.4,4.5,False,0,0,74.0,1,-0.7288900120473563,0.031800229423403006,0.27363201227185313,-0.08396691509923414,-0.09975334144153167,0.8570340555933398,1.3837909867872311,1.3604070479082513
2017,Isaiah Ford,WR,Virginia Tech,6-1,194.0,4.61,35.5,14.0,127.0,6.94,4.34,True,7,237,73.0,0,-0.5676450494880637,0.1201623167880653,1.0735185760795656,0.043277690358489204,-0.06690467575609896,0.9641877716872235,-0.13241666056953186,0.5981060797321472
2017,Kyle Fuller,C,Baylor,6-5,307.0,5.24,26.0,23.0,96.0,7.71,4.84,True,7,243,77.0,0,0.3674967143442732,1.3263045486996488,-0.00587614836074585,-0.5238731228580491,-0.7592871203195032,-0.9865776544929578,0.027907066472365072,1.0113130259585044
2017,Wayne Gallman,RB,Clemson,6-0,215.0,4.6,29.5,21.0,120.0,7.17,4.28,True,4,140,72.0,0,0.15232451781241438,0.9750523933679008,0.328728996649348,-1.6301710811877572,0.44528178854733663,0.2039035073223605,0.6587674179918073,-0.07290972958950806
2017,Antonio Garcia,OT,Troy,6-6,302.0,5.15,31.0,24.0,108.0,7.98,4.94,True,3,85,78.0,0,-1.057363375769778,0.3164807866594626,-0.3819052918629868,0.9372017240481002,0.0010652833053096855,0.5800399412636269,0.5949929113760805,0.909463471047237
2017,Myles Garrett,DE,Texas A&M,6-4,272.0,4.64,41.0,33.0,128.0,7.24,4.43,True,1,1,76.0,2,0.2825266355570255,0.08526216685136973,-1.230762638360571,2.6771897680424783,2.069695140827341,2.049542418288112,-0.049304283041180265,-0.05244307264774429
2017,Ben Gedeon,ILB,Michigan,6-2,244.0,4.75,34.5,27.0,119.0,6.98,4.13,True,4,120,74.0,0,0.5955174757423848,0.5415676038825611,-0.02441899068403283,0.4179798124629619,1.451538861819696,0.545958355202516,-0.7687897491053395,-1.3294382985396176
2017,Avery Gennesy,OG,Texas A&M,6-3,318.0,5.35,20.0,24.0,91.0,8.08,5.0,False,0,0,75.0,0,0.2861147331666908,-0.9618264282169726,0.444597916415835,-2.314557029196656,-0.4509625954902103,-1.5615085805396964,0.8519398209787485,1.0689080364291208
2017,Nate Gerry,S,Nebraska,6-2,218.0,4.58,30.5,17.0,122.0,6.975,4.21,True,5,184,74.0,2,1.3108418663853991,1.1545274920511621,0.21466735631649933,-1.6847197062226982,0.04497692172552077,0.09238451185361173,0.04632965387590674,-0.06520868639088993
2017,Shelton Gibson,WR,West Virginia,5-11,191.0,4.5,32.0,8.0,118.0,6.83,4.2,True,5,166,71.0,0,-0.7694889163370989,-0.7576191462736855,-0.08002518975706442,-1.0955257676148773,-1.6695050485184706,-0.6022371570790845,-0.6960082324150738,-0.38757273966643346
2017,Ryan Glasgow,DT,Michigan,6-3,302.0,5.13,27.5,20.0,105.0,7.55,4.5,True,4,138,75.0,0,-0.3521186077294887,0.04418391033435714,0.1367764665747346,-0.5089491156816275,-1.4923273845655616,0.018061042162581573,-0.40310244221655167,-0.91585438982854
2017,Chris Godwin,WR,Penn State,6-1,209.0,4.42,36.0,19.0,126.0,7.01,4.0,True,3,84,73.0,0,0.4415742847571123,0.1201623167880653,-0.918966110365521,0.2059638986403987,1.2685956348792107,0.7901405573798559,0.22623252151399073,-1.7956853388072676
2017,Kenny Golladay,WR,Northern Illinois,6-4,218.0,4.5,35.5,18.0,120.0,7.0,4.15,True,3,96,76.0,0,1.0471058853042179,1.4368345113806915,-0.08002518975706442,0.043277690358489204,1.0014955727521488,-0.25414272846434943,0.17499692407348816,-0.7396008894516405
2017,Shaquill Griffin,CB,Central Florida,6-0,194.0,4.38,38.5,17.0,132.0,6.87,4.14,True,3,90,72.0,0,0.06929817433463971,0.36731036733780453,-1.2939444895483654,0.9848467699746696,0.7198185869459847,1.643634672857209,-0.2545429871511258,-0.22994918897101954
2017,Nate Hairston,CB,Temple,6-0,196.0,4.52,35.5,14.0,118.0,6.92,4.16,True,5,158,72.0,2,0.30006450857216294,0.36731036733780453,0.26564423295363276,-0.11255391656853322,-0.08050602617159051,-0.8301818894711352,0.03552960103862786,-0.06869851288760483
2017,Daeshon Hall,DE,Texas A&M,6-5,266.0,4.76,36.0,18.0,123.0,7.03,4.38,True,3,77,77.0,0,-0.13393855315296255,0.7639490149883039,-0.4013394182660194,1.037421335169431,-1.2226256667237447,1.2312058588191428,-1.0032052035462042,-0.3667855864098091
2017,Chad Hansen,WR,California,6-2,202.0,4.53,35.0,11.0,119.0,6.74,4.13,True,4,141,74.0,0,-0.02939473789063651,0.5590530483189408,0.2345776554711091,-0.11940851792342029,-0.8682048621372848,-0.428189942771717,-1.1571286093796063,-0.880412149365727
2017,Sean Harlow,OG,Oregon State,6-4,303.0,5.15,30.5,26.0,105.0,8.16,4.81,True,4,136,76.0,0,-1.032614082428876,-0.12394670466714025,-0.6506943266494162,1.1616862617973907,-0.006573798768079143,0.5129042782794634,1.1332151904447483,0.09549235152443787
2017,Connor Harris,ILB,Lindenwood,5-11,242.0,4.73,33.0,18.0,114.0,7.13,4.31,False,0,0,71.0,0,0.23602826782472663,-1.632021292781211,-0.19114175466465036,-0.11942280356084735,-1.021350480209652,-0.47771356080219973,0.11279540720464495,0.030526711791951298
2017,Charles Harris,DE,Missouri,6-3,253.0,4.82,32.0,21.0,109.0,7.47,4.42,True,1,22,75.0,0,-1.0362797953579368,-0.5934246812855645,0.013372191781259445,-0.27439341112900656,-0.5641615052135275,-1.06013650769397,0.9954443441786058,-0.11531157540015613
2017,DeAngelo Henderson,RB,Coastal Carolina,5-7,208.0,4.48,34.0,20.0,120.0,7.07,4.28,False,0,0,67.0,2,-0.3773038220814081,-1.7215210754700585,-0.8112842893384403,-0.19625360589056404,0.2192732168812936,0.2039035073223605,0.04887238355426378,-0.07290972958950806
2017,Carlos Henderson,WR,Louisiana Tech,5-11,199.0,4.46,36.0,13.0,131.0,7.18,4.35,True,3,82,71.0,0,-0.23123860473967173,-0.7576191462736855,-0.4994956500612927,0.2059638986403987,-0.33400473788316093,1.6603766289166937,1.0972376780025528,0.6685117096891874
2017,Trey Hendrickson,DE,Florida Atlantic,6-4,266.0,4.65,33.5,23.5,122.0,7.03,4.2,True,3,103,76.0,1,-0.13393855315296255,0.08526216685136973,-1.1616440366860203,0.21753711873290754,-0.01544137062167986,1.067538546925349,-1.0032052035462042,-1.4984186359532445
2017,Brian Hill,RB,Wyoming,6-1,219.0,4.54,34.0,15.0,125.0,7.03,4.32,True,5,156,73.0,0,0.4549692834660272,1.5143670871354926,-0.24127764634454615,-0.19625360589056404,-0.9107696414489216,1.1175364333068272,-0.1950856302207547,0.22768738080001608
2017,Delano Hill,S,Michigan,6-1,216.0,4.47,33.5,17.0,115.0,6.96,4.27,True,3,95,73.0,0,1.085298435547185,0.5108267420072936,-0.8600138972262377,-0.6333774468050977,0.04497692172552077,-1.0923109930927024,-0.04073814392536414,0.46129107780224016
2017,Bucky Hodges,TE,Virginia Tech,6-6,257.0,4.57,39.0,18.0,134.0,7.14,4.45,True,6,201,78.0,1,0.6967270615059827,1.208966411885534,-1.1550533409888306,1.8195198535544093,-0.5145904323811267,2.923284475492884,-0.08661580714145264,0.4525947481747181
2017,Will Holden,OT,Vanderbilt,6-7,311.0,5.47,28.0,23.0,111.0,7.71,4.72,True,5,157,79.0,0,-0.22227724631041887,1.195594082935749,1.4106097677286298,-0.02861684653581975,-0.23862346038933205,1.0321495952508644,-0.3549629195331674,-0.23955239972454118
2017,Bug Howard,WR,North Carolina,6-4,221.0,4.58,37.5,14.0,119.0,6.95,4.14,False,0,0,76.0,1,1.248949752153253,1.4368345113806915,0.7589157308513921,0.6940225234861273,-0.06690467575609896,-0.428189942771717,-0.08118106312902927,-0.8100065194086868
2017,O.J. Howard,TE,Alabama,6-6,251.0,4.51,30.0,22.0,121.0,6.85,4.16,True,1,19,78.0,0,0.003981297494320801,1.208966411885534,-1.565075676246346,-1.1089160053008902,0.6333420706229257,0.6840465873909862,-1.5582096214033072,-1.5993307678087532
2017,Marlon Humphrey,CB,Alabama,6-0,197.0,4.41,35.5,10.0,125.0,6.75,4.16,True,1,16,72.0,2,0.41544767569092456,0.36731036733780453,-0.9597469061550765,-0.11255391656853322,-1.1476055103283573,0.406726391693037,-0.9507171988065376,-0.06869851288760483
2017,Kareem Hunt,RB,Toledo,5-10,216.0,4.62,36.5,18.0,119.0,7.07,4.28,True,3,86,70.0,2,0.2279857092258176,-0.10357699416728292,0.5187312109806517,0.6003672137189878,-0.23274392645079248,0.02117692212546717,0.04887238355426378,-0.07290972958950806
2017,Danny Isidora,OG,Miami (FL),6-3,306.0,5.03,29.0,26.0,94.0,8.13,4.9,True,5,180,75.0,0,-0.7688683193097628,-0.9618264282169726,-1.3078696724885697,0.6650800773696698,-0.006573798768079143,-1.1169915393641623,1.0277369268950007,0.5565839917424484
2017,Rayshawn Jenkins,S,Miami (FL),6-1,214.0,4.51,37.0,19.0,128.0,6.975,4.21,True,4,113,73.0,2,0.8597550047089709,0.5108267420072936,-0.4692207141197886,0.5931885225154362,0.5610279183657063,1.1078378018075954,0.04632965387590674,-0.06520868639088993
2017,Dorian Johnson,OG,Pittsburgh,6-5,300.0,5.27,30.0,21.0,114.0,8.39,5.09,True,4,115,77.0,0,-1.2963598455479897,0.7139330188826921,0.006481019189732594,0.9961508669881504,-1.117545790573407,1.8464554018060662,1.9418818776594984,1.5299996766471267
2017,Jadar Johnson,S,Clemson,6-0,206.0,4.6,33.0,19.0,119.0,6.9,4.2,False,0,0,72.0,0,-0.04241871864388563,-0.13287400803657493,0.4100639478697195,-0.8086011567080311,0.5610279183657063,-0.4153421331233801,-0.3890093351304528,-0.15295864708974366
2017,Jaleel Johnson,DT,Iowa,6-3,316.0,5.38,28.0,19.0,100.0,7.64,4.62,True,4,109,75.0,0,0.5313789898463155,0.04418391033435714,1.5383966933553914,-0.3440782753903962,-1.6960950419567695,-0.7946858551535662,-0.06205800540936236,-0.20258199467754684
2017,John Johnson,S,Troy,6-1,205.0,4.61,37.0,14.0,119.0,6.72,4.18,True,3,91,73.0,0,-0.1551904340629927,0.5108267420072936,0.5077622436463383,0.5931885225154362,-0.7290995732347575,-0.4153421331233801,-1.433822908745729,-0.32845856848745886
2017,Aaron Jones,RB,Texas-El Paso,5-9,208.0,4.56,37.5,16.0,127.0,6.82,4.2,True,5,182,69.0,0,-0.3773038220814081,-0.6428916879348747,-0.05127543201325092,0.9190155415628085,-0.6847610697828785,1.4829896037006138,-1.4758652025396004,-0.6741039503685563
2017,D.J. Jones,DT,Akron,6-1,319.0,5.04,28.5,25.0,108.0,7.73,4.65,True,6,198,73.0,0,0.7206999036125593,-1.362903695698221,-0.3678068150663011,-0.17920743509916484,-0.4734890976095219,0.5057091805522702,0.27898643139783036,-0.024263895889797226
2017,Josh Jones,S,North Carolina State,6-1,220.0,4.41,37.5,20.0,132.0,6.975,4.21,True,2,61,73.0,2,1.5363852972236134,0.5108267420072936,-1.4462036718859068,0.7684122324183696,0.819053416685799,1.7848066617769178,0.04632965387590674,-0.06520868639088993
2017,Nazair Jones,DT,North Carolina,6-5,304.0,5.11,24.5,27.0,101.0,7.93,4.63,True,3,102,77.0,1,-0.22590466521865954,1.4512715163669354,0.024646848432284454,-1.4981741574290155,-0.06595378282710605,-0.6321364756903366,1.0368629576360273,-0.1431426284149654
2017,Sidney Jones,CB,Washington,6-0,186.0,4.47,33.5,14.0,123.0,7.02,4.28,True,2,43,72.0,1,-0.8537671626154533,0.36731036733780453,-0.2913517393685087,-0.8441543742640018,-0.08050602617159051,0.053324025646130604,0.6156747774181351,0.898805543612862
2017,Zay Jones,WR,East Carolina,6-2,201.0,4.45,36.5,15.0,133.0,6.79,4.01,True,2,37,74.0,0,-0.09667602684031491,0.5590530483189408,-0.6043632651373474,0.3686501069223082,0.20019538637096299,2.0084710575314286,-0.9009506221770888,-1.7252797088502274
2017,Victor Bolden Jr.,WR,Oregon State,5-8,178.0,4.54,32.0,9.0,117.0,6.83,4.22,False,0,0,68.0,0,-1.6441456726829182,-2.0742913408663117,0.33944527054716384,-1.0955257676148773,-1.4024049863914088,-0.7762843713864521,-0.6960082324150738,-0.24676147975235319
2017,Bryan Cox Jr.,DE,Florida,6-3,265.0,4.89,26.5,16.0,109.0,7.36,4.46,False,0,0,75.0,0,-0.20334941793796057,-0.5934246812855645,0.4972024035030766,-2.0781386872893584,-1.6616017743972227,-1.06013650769397,0.49578195724740537,0.1361624356094968
2017,Anthony Walker Jr.,ILB,Northwestern,6-1,238.0,4.65,30.5,23.0,116.0,7.23,4.34,True,5,161,73.0,0,-0.4829501480105896,-0.18296202833869626,-0.8580328105871352,-1.0150938302671961,0.3524769320288748,-0.06824479440031342,0.7005188447446399,0.257187546847215
2017,Deatrich Wise Jr.,DE,Arkansas,6-5,274.0,4.92,33.0,22.0,124.0,7.24,4.43,True,4,131,77.0,2,0.42134836512702156,0.7639490149883039,0.704558208526716,0.05356027544560284,-0.34467345137678845,1.3948731707129367,-0.049304283041180265,-0.05244307264774429
2017,Alvin Kamara,RB,Tennessee,5-10,214.0,4.56,39.5,15.0,131.0,7.07,4.28,True,3,67,70.0,2,0.07666332639901118,-0.10357699416728292,-0.05127543201325092,1.55631219725045,-0.9107696414489216,2.213895944488187,0.04887238355426378,-0.07290972958950806
2017,Damontae Kazee,CB,San Diego State,5-10,184.0,4.54,34.0,11.0,124.0,6.92,4.16,True,5,149,70.0,2,-1.0845334968529765,-0.8804374131664883,0.48844262188249526,-0.6612542598401346,-0.8808306392891657,0.23002520866958379,0.03552960103862786,-0.06869851288760483
2017,Keith Kelsey,ILB,Louisville,6-0,233.0,4.92,29.5,23.0,112.0,7.28,4.56,False,0,0,72.0,0,-1.381673167804735,-0.9074916605599537,1.3927245031512456,-1.3733622409497355,0.3524769320288748,-0.887182327204086,0.9943805635146347,1.9193670039191333
2017,Desmond King,S,Iowa,5-10,201.0,4.56,34.0,14.0,117.0,6.67,4.18,True,5,151,70.0,1,-0.6062772957394209,-1.420275508124312,0.01927076476327049,-0.45815373690216427,-0.7290995732347575,-0.7538265631080413,-1.7240489014166371,-0.32845856848745886
2017,Kevin King,CB,Washington,6-3,200.0,4.43,39.5,11.0,122.0,6.56,3.89,True,2,33,75.0,1,0.7615971770472094,2.238932038094244,-0.7369485172262239,1.350646998822404,-0.8808306392891657,-0.12337715737732258,-2.0529930339276077,-2.2455826400136534
2017,George Kittle,TE,Iowa,6-4,247.0,4.52,35.0,18.0,132.0,7.14,4.38,True,5,146,76.0,2,-0.4578492118467872,-0.14819588274726075,-1.4967386203700954,0.5179928051742763,-0.5145904323811267,2.578786338861823,-0.08661580714145264,-0.04269761775232858
2017,DeShone Kizer,QB,Notre Dame,6-4,233.0,4.83,30.5,16.0,107.0,7.4,4.53,True,2,52,76.0,1,1.0474388742322904,0.6753861030427393,0.14649282572343622,-0.3267571982295019,-0.061313606531362225,-0.866280984734887,1.5741440297333114,1.327952394306667
2017,Trevor Knight,QB,Texas A&M,6-1,219.0,4.54,35.5,16.0,125.0,7.04,4.14,False,0,0,73.0,1,-0.2795312333073892,-1.0740286321557804,-1.661073699368873,1.4100603419092907,-0.061313606531362225,1.901995060766967,-0.2751269432498473,-1.300913501276621
2017,Tanoh Kpassagnon,DE,Villanova,6-7,289.0,4.83,30.0,23.0,128.0,7.46,4.62,True,2,59,79.0,0,1.4625113369019918,2.1213227112621724,0.08249079345580387,-0.9303007842782254,-0.1251853975400494,2.049542418288112,0.9500204908212248,1.1420584796481086
2017,Cooper Kupp,WR,East. Washington,6-2,204.0,4.62,31.0,14.0,116.0,6.75,4.08,True,3,69,74.0,1,0.10516784000872029,0.5590530483189408,1.1783861911556204,-1.4208981841786963,-0.06690467575609896,-0.9503315856938197,-1.1058930119391035,-1.232440299150934
2017,Forrest Lamp,OG,Western Kentucky,6-4,309.0,5.0,27.5,34.0,111.0,7.55,4.62,True,2,38,76.0,0,-0.5051225561906494,-0.12394670466714025,-1.4721635089483593,0.16847389294194884,1.7709813881204455,1.401938360630532,-1.011509501733499,-0.8779233333802404
2017,Ashton Lampkin,CB,Oklahoma State,6-0,189.0,4.52,34.5,19.0,120.0,6.92,4.16,False,0,0,72.0,2,-0.5076176612591684,0.36731036733780453,0.26564423295363276,-0.47835414541626753,1.2533683290243682,-0.4767795234242289,0.03552960103862786,-0.06869851288760483
2017,Jerome Lane,WR,Akron,6-2,226.0,4.6,35.0,16.0,125.0,6.87,4.12,False,0,0,74.0,0,1.5853561969016452,0.5590530483189408,0.9686509610035016,-0.11940851792342029,0.46729544849802496,0.6160933430724883,-0.491065842653059,-0.9508177793227671
2017,Harvey Langi,ILB,BYU,6-2,251.0,4.75,33.0,23.0,118.0,7.0,4.32,False,0,0,74.0,1,1.8537297034541882,0.5415676038825611,-0.02441899068403283,-0.11942280356084735,0.3524769320288748,0.3412239720015729,-0.6512450615973436,0.10608032347704367
2017,Carl Lawson,DE,Auburn,6-2,261.0,4.67,33.0,35.0,114.0,7.46,4.19,True,4,116,74.0,0,-0.48099287707795263,-1.2721115294224987,-1.0234068333369315,0.05356027544560284,2.508671248500819,-0.24179994822500103,0.9500204908212248,-1.5612871387056564
2017,Jeremiah Ledbetter,DT,Arkansas,6-3,280.0,4.84,32.5,29.0,113.0,7.55,4.56,True,6,205,75.0,0,-1.7404719753486098,0.04418391033435714,-1.4891029964908276,1.1397592872306859,0.34158153195530977,1.318456077868418,-0.40310244221655167,-0.559218192253046
2017,Cameron Lee,OG,Illinois State,6-5,312.0,5.44,25.5,18.0,100.0,8.02,4.75,False,0,0,77.0,0,-0.24137679307153603,0.7139330188826921,0.9374794257952038,-0.4936676862950124,-1.7841289856566038,-0.22795745701309367,0.6409832938792472,-0.2119020752875646
2017,Jordan Leggett,TE,Clemson,6-5,258.0,4.73,33.0,18.0,114.0,7.12,4.33,True,5,150,77.0,1,0.8121846888412597,0.5303852645691367,-0.0616604469687975,-0.13277071901579035,-0.5145904323811267,-0.5216968908177281,-0.18810503571123355,-0.39647787912878785
2017,Mitch Leidner,QB,Minnesota,6-3,226.0,4.93,34.5,16.0,123.0,6.96,4.25,False,0,0,75.0,1,0.3839538204624506,0.09224785797656607,0.7697916274794027,1.0626968338815324,-0.061313606531362225,1.5944088334889832,-0.6860760483572159,-0.5594385050864619
2017,Corey Levin,OG,Tenn-Chattanooga,6-4,307.0,5.16,26.5,26.0,106.0,7.55,4.73,True,6,217,76.0,0,-0.680953064936725,-0.12394670466714025,-0.5959297144961546,-0.1625968966765318,-0.006573798768079143,0.6610766253379748,-1.011509501733499,-0.3143668842248972
2017,Jourdan Lewis,CB,Michigan,5-10,188.0,4.54,34.5,15.0,121.0,6.92,4.16,True,3,92,70.0,2,-0.62300082837793,-0.8804374131664883,0.48844262188249526,-0.47835414541626753,0.1862688448676012,-0.30007834040077574,0.03552960103862786,-0.06869851288760483
2017,Sefo Liufau,QB,Colorado,6-3,232.0,5.08,27.0,16.0,105.0,7.32,4.45,False,0,0,75.0,1,0.9526552951223133,0.09224785797656607,1.7047398301133578,-1.5425294763266568,-0.061313606531362225,-1.1738672120128708,1.1631949246259428,0.7886978516229158
2017,T.J. Logan,RB,North Carolina,5-9,196.0,4.37,33.5,17.0,121.0,7.07,4.28,True,5,179,69.0,2,-1.2852381190422466,-0.6428916879348747,-1.8562964681605896,-0.3555777698124744,-0.4587524981168355,0.38663009251925384,0.04887238355426378,-0.07290972958950806
2017,Shalom Luani,S,Washington State,5-11,202.0,4.55,31.0,12.0,116.0,6.87,4.21,True,7,221,71.0,0,-0.4935055803203139,-0.7765747580804434,-0.0784275310133396,-1.5094959963197647,-1.245150569874943,-0.9230687781003719,-0.5631449307329998,-0.06520868639088993
2017,Keevan Lucas,WR,Tulsa,5-9,192.0,4.55,32.5,11.0,119.0,7.23,4.43,False,0,0,69.0,0,-0.7022076273874205,-1.6354006093354365,0.4443128856232186,-0.9328395593329678,-0.8682048621372848,-0.428189942771717,1.3534156652050748,1.231756749345521
2017,Marlon Mack,RB,South Florida,5-11,213.0,4.5,35.5,15.0,125.0,7.07,4.28,True,4,143,71.0,2,0.0010021349856079611,0.43573769960030895,-0.621282075007145,0.281718885875167,-0.9107696414489216,1.1175364333068272,0.04887238355426378,-0.07290972958950806
2017,Patrick Mahomes,QB,Texas Tech,6-2,225.0,4.8,30.0,16.0,114.0,6.88,4.08,True,1,10,74.0,1,0.2891702413524735,-0.4908903870896071,-0.04049681480335591,-0.5004389522433812,-0.061313606531362225,0.21027081073805623,-1.0970251534645845,-1.7053544082894314
2017,Josh Malone,WR,Tennessee,6-3,208.0,4.4,30.5,10.0,121.0,7.05,4.19,True,4,128,75.0,0,0.3742929958074339,0.9979437798498162,-1.1287013405176305,-1.583584392460606,-1.1353049242643467,-0.08009551415698189,0.4311749112760056,-0.4579783696234736
2017,Damien Mama,OG,USC,6-3,334.0,5.84,24.5,26.0,96.0,8.51,5.38,False,0,0,75.0,1,1.6927588031352956,-0.9618264282169726,3.128063911925711,-0.824738475913493,-0.006573798768079143,-0.8206468452471394,2.3637949318584948,3.015739406238482
2017,Gabe Marks,WR,Washington State,5-11,189.0,4.56,29.5,11.0,117.0,7.01,4.2,False,0,0,71.0,0,-0.9040514942364557,-0.7576191462736855,0.5491805006992733,-1.9089568090244249,-0.8682048621372848,-0.7762843713864521,0.22623252151399073,-0.38757273966643346
2017,Arthur Maulet,CB,Memphis,5-10,189.0,4.62,34.5,18.0,120.0,6.92,4.16,False,0,0,70.0,2,-0.5076176612591684,-0.8804374131664883,1.3796361775979256,-0.47835414541626753,0.9865934579851764,-0.4767795234242289,0.03552960103862786,-0.06869851288760483
2017,Christian McCaffrey,RB,Stanford,5-11,202.0,4.48,37.5,10.0,121.0,6.57,4.22,True,1,8,71.0,0,-0.8312709705618273,0.43573769960030895,-0.8112842893384403,0.9190155415628085,-2.0408124997791366,0.38663009251925384,-3.0006027886334645,-0.5238053951737976
2017,Conor McDermott,OT,UCLA,6-8,307.0,5.18,28.5,24.0,105.0,7.52,4.58,True,6,211,80.0,1,-0.5934266371812452,2.074707379212035,-0.213857005026276,0.13235291522816692,0.0010652833053096855,0.12793028727638941,-1.0234503560989345,-0.9707443174883963
2017,Malik McDowell,DT,Michigan State,6-6,295.0,4.85,28.5,23.0,112.0,7.69,4.53,True,2,35,78.0,0,-0.7938674065173909,2.1548153193832245,-1.4330381874196025,-0.17920743509916484,-0.8810244123919377,1.1559066984051884,0.12741112615019026,-0.7375362910407903
2017,Elijah McGuire,RB,Louisiana,5-10,214.0,4.53,36.0,15.0,120.0,7.26,4.56,True,6,188,70.0,0,0.07666332639901118,-0.10357699416728292,-0.33627875351019376,0.4410430497970774,-0.9107696414489216,0.2039035073223605,1.2076729489855975,2.0312700431371544
2017,Isaiah McKenzie,WR,Georgia,5-7,173.0,4.42,36.0,11.0,123.0,6.64,4.15,True,5,172,67.0,0,-1.98055211743131,-2.5131820723971874,-0.918966110365521,0.2059638986403987,-0.8682048621372848,0.26799891445775326,-1.6694845837846457,-0.7396008894516405
2017,Takkarist McKinley,OLB,UCLA,6-2,250.0,4.59,33.0,24.0,122.0,7.48,4.62,True,1,26,74.0,0,0.6881698996424763,0.031800229423403006,-0.8517418272898583,-0.3948231539772501,0.35701195884337544,0.5440772336138203,1.7731657702131116,2.28929191253625
2017,Raekwon McMillan,ILB,Ohio State,6-2,240.0,4.61,33.0,23.0,121.0,7.15,4.39,True,2,54,74.0,0,-0.12346094009293149,0.5415676038825611,-1.1914783385483776,-0.11942280356084735,0.3524769320288748,0.9554271216044024,0.23034009471264602,0.63495560527265
2017,Jeremy McNichols,RB,Boise State,5-9,214.0,4.49,35.5,19.0,121.0,6.93,4.28,True,5,162,69.0,1,0.07666332639901118,-0.6428916879348747,-0.7162831821727927,0.281718885875167,-0.006735354784749435,0.38663009251925384,-0.8049806646583035,-0.07290972958950806
2017,Obi Melifonwu,S,Connecticut,6-4,224.0,4.4,44.0,17.0,141.0,6.975,4.21,True,2,56,76.0,2,1.9874721589000415,2.441928992138899,-1.543901967662517,3.046320461156504,0.04497692172552077,3.307986596707893,0.04632965387590674,-0.06520868639088993
2017,Matt Milano,OLB,Boston Col.,6-0,223.0,4.67,35.0,24.0,126.0,7.105,4.32,True,5,163,72.0,2,-2.0447313586164864,-1.351509750494456,-0.15920407986726545,0.22688932377878182,0.35701195884337544,1.1699908775728591,-0.05202852709570183,-0.03292024903374371
2017,Fabian Moreau,CB,UCLA,6-0,206.0,4.35,38.0,14.0,136.0,6.94,4.12,True,3,81,72.0,1,1.4538961797597791,0.36731036733780453,-1.6281420729416543,0.8019466555508025,-0.08050602617159051,2.3504394049510218,0.1515586363145324,-0.3911998650544271
2017,Drew Morgan,WR,Arkansas,6-0,190.0,4.74,30.0,10.0,112.0,6.85,4.12,False,0,0,72.0,0,-0.8367702052867774,-0.3187284147428101,2.436797572068305,-1.7462706007425153,-1.1353049242643467,-1.64652044292329,-0.5935370375340687,-0.9508177793227671
2017,Jordan Morgan,OG,Kutztown Pennsylvania,6-3,309.0,5.36,27.0,21.0,102.0,8.13,4.73,True,5,147,75.0,0,-0.5051225561906494,-0.9618264282169726,0.49936252856910146,0.0029384981327085333,-1.117545790573407,0.06838723710392916,1.0277369268950007,-0.3143668842248972
2017,Avery Moss,DE,Youngstown State,6-3,264.0,4.79,32.5,14.0,114.0,7.25,4.43,True,5,167,75.0,0,-0.27276028272295855,-0.5934246812855645,-0.19398361324237998,-0.11041656784170187,-2.100577882070701,-0.24179994822500103,-0.0038804296837991353,-0.05244307264774429
2017,Taylor Moton,OT,West. Michigan,6-5,319.0,5.18,30.5,23.0,109.0,7.73,4.58,True,2,64,77.0,0,0.5200215354312338,-0.5626325096168238,-0.213857005026276,0.7762319622841136,-0.23862346038933205,0.7307431592593727,-0.28459582094729563,-0.9707443174883963
2017,Al-Quadin Muhammad,DE,Miami (FL),6-3,253.0,4.88,30.5,22.0,117.0,7.25,4.47,True,6,196,75.0,0,-1.0362797953579368,-0.5934246812855645,0.4280838018285321,-0.7663239409909207,-0.34467345137678845,0.24920198745638025,-0.0038804296837991353,0.19903093836190866
2017,Jalen Myrick,CB,Minnesota,5-10,200.0,4.28,37.5,13.0,124.0,7.06,4.22,True,7,222,70.0,0,0.7615971770472094,-0.8804374131664883,-2.4079364341926484,0.6190465411269354,-0.34728089721078226,0.23002520866958379,0.8477328479699391,0.415053515362625
2017,Hardy Nickerson,ILB,Illinois,6-0,232.0,4.78,33.0,18.0,116.0,7.12,4.38,False,0,0,72.0,1,-1.561417771763564,-0.9074916605599537,0.22566515528690084,-0.11942280356084735,-1.021350480209652,-0.06824479440031342,0.05402306345064703,0.5594019935875644
2017,David Njoku,TE,Miami (FL),6-4,246.0,4.64,37.5,21.0,133.0,6.97,4.34,True,1,29,76.0,0,-0.5733068391820642,-0.14819588274726075,-0.6766939498550707,1.3314472104118593,0.3463589448719126,2.7510354071773535,-0.9492742499846083,-0.32572182685349726
2017,Noble Nwachukwu,DE,West Virginia,6-1,268.0,4.83,30.5,27.0,110.0,7.24,4.43,False,0,0,73.0,2,0.00488317641703347,-1.950798377559433,0.08249079345580387,-0.7663239409909207,0.7527668178069068,-0.8964691958001761,-0.049304283041180265,-0.05244307264774429
2017,Ifeadi Odenigbo,DE,Northwestern,6-3,258.0,4.72,31.5,25.0,128.0,7.26,4.4,True,7,220,75.0,0,-0.6892254714329467,-0.5934246812855645,-0.6778138249642033,-0.4383702544163113,0.31379071013342874,2.049542418288112,0.04154342367358199,-0.24104858090497983
2017,Dare Ogunbowale,RB,Wisconsin,5-11,213.0,4.65,35.0,14.0,120.0,6.99,4.34,False,0,0,71.0,0,0.0010021349856079611,0.43573769960030895,0.803734532477603,0.1223947219532567,-1.1367782131149646,0.2039035073223605,-0.43904364399577317,0.3779859359947748
2017,Larry Ogunjobi,DE,Charlotte,6-3,305.0,4.97,32.0,26.0,116.0,7.55,4.75,True,3,65,75.0,0,2.5730851734619598,-0.5934246812855645,1.0501512168994442,-0.27439341112900656,0.5332787639701678,0.0855346755625865,1.358835171037663,1.9593490154294793
2017,Scott Orndoff,TE,Pittsburgh,6-5,253.0,4.84,27.0,17.0,112.0,7.37,4.45,False,0,0,77.0,0,0.2348965521648748,0.5303852645691367,0.6900471676699707,-2.08506129158599,-0.8015735581321398,-0.8661950274487893,1.0805103214110547,0.4525947481747181
2017,Zach Pascal,WR,Old Dominion,6-2,219.0,4.55,36.0,14.0,126.0,7.11,4.29,False,0,0,74.0,0,1.1143871742538962,0.5590530483189408,0.4443128856232186,0.2059638986403987,-0.06690467575609896,0.7901405573798559,0.7385884959190302,0.2460779299469403
2017,Jabrill Peppers,S,Michigan,5-11,213.0,4.46,35.5,19.0,128.0,6.975,4.21,True,1,25,71.0,2,0.7469832892898638,-0.7765747580804434,-0.9577121930028477,0.06751739280663596,0.5610279183657063,1.1078378018075954,0.04632965387590674,-0.06520868639088993
2017,Samaje Perine,RB,Oklahoma,5-11,233.0,4.65,33.0,30.0,116.0,7.26,4.37,True,4,114,71.0,0,1.514225963253672,0.43573769960030895,0.803734532477603,-0.5149019337343848,2.479358933541724,-0.5270028334652128,1.2076729489855975,0.6034337687869196
2017,Nathan Peterman,QB,Pittsburgh,6-2,226.0,4.82,31.0,16.0,110.0,7.14,4.31,True,5,171,74.0,1,0.3839538204624506,-0.4908903870896071,0.08416294554784069,-0.1530754442156226,-0.061313606531362225,-0.4049016438179113,0.23855943813436117,-0.15499759807365157
2017,Carroll Phillips,OLB,Illinois,6-3,242.0,4.64,30.0,23.0,123.0,7.06,4.37,False,0,0,75.0,0,-0.12157862132314229,0.7234552193823325,-0.41890573515073964,-1.327391870611298,0.12862930870092187,0.70055564460358,-0.27105184277276345,0.3541151112279208
2017,Hayden Plinke,TE,Texas-El Paso,6-4,264.0,4.97,28.0,18.0,109.0,7.55,4.59,False,0,0,76.0,0,1.5049304528529217,-0.14819588274726075,1.578428894061246,-1.7596795294909569,-0.5145904323811267,-1.382942232395381,1.9939133785391008,1.4431794800288054
2017,Ethan Pocic,C,LSU,6-6,310.0,5.15,27.0,26.0,107.0,7.89,4.81,True,2,58,78.0,0,0.8468402547933228,2.1859463858197903,-0.6228717262390358,-0.13786134812053938,0.02233197412704413,0.7966730355529978,0.7455173471903564,0.8264777470626926
2017,Ejuan Price,OLB,Pittsburgh,5-11,241.0,4.84,31.5,20.0,117.0,7.105,4.34,True,7,234,71.0,1,-0.2227971864438446,-2.0431647404533853,1.3124386334057423,-0.8611075122942741,-0.5565186417264388,-0.2383148213349782,-0.05202852709570183,0.12189389507091934
2017,Donnel Pumphrey,RB,San Diego State,5-8,176.0,4.48,33.5,5.0,117.0,7.07,4.28,True,4,132,68.0,2,-2.7984619473103107,-1.1822063817024666,-0.8112842893384403,-0.3555777698124744,-3.170855358109352,-0.34427624826831954,0.04887238355426378,-0.07290972958950806
2017,Elijah Qualls,DT,Washington,6-1,313.0,5.13,31.5,33.0,105.0,7.65,4.66,True,6,214,73.0,0,0.34205807608007177,-1.362903695698221,0.1367764665747346,0.8100176066482232,1.1566521615201415,0.018061042162581573,-0.02416417909744982,0.035175470372784214
2017,James Quick,WR,Louisville,6-0,186.0,4.6,31.0,11.0,115.0,7.0,4.39,False,0,0,72.0,0,-1.105895361085491,-0.3187284147428101,0.9686509610035016,-1.4208981841786963,-0.8682048621372848,-1.1243788000011872,0.17499692407348816,0.9501342295173543
2017,Michael Rector,WR,Stanford,6-0,193.0,4.42,36.5,14.0,129.0,6.77,4.19,False,0,0,72.0,1,-0.6349263384377422,-0.3187284147428101,-0.918966110365521,0.3686501069223082,-0.06690467575609896,1.3122822003019585,-1.0034218170580984,-0.4579783696234736
2017,Haason Reddick,OLB,Temple,6-1,237.0,4.52,36.5,24.0,133.0,7.01,4.37,True,1,13,73.0,0,-0.6276714469266539,-0.6598547605355265,-1.4577123562846288,0.6931736820958058,0.35701195884337544,2.265339754501177,-0.5144110824139377,0.3541151112279208
2017,Devine Redding,RB,Indiana,5-8,205.0,4.76,30.5,16.0,116.0,7.18,4.46,False,0,0,68.0,0,-0.6042873963216178,-1.1822063817024666,1.8487467112997438,-1.3115227533439366,-0.6847610697828785,-0.5270028334652128,0.7197569214355605,1.2797772671633472
2017,Josh Reynolds,WR,Texas A&M,6-3,194.0,4.52,37.0,14.0,124.0,6.83,4.13,True,4,117,75.0,1,-0.5676450494880637,0.9979437798498162,0.12971004039504505,0.5313363152042178,-0.06690467575609896,0.4420461287651208,-0.6960082324150738,-0.880412149365727
2017,Duke Riley,OLB,LSU,6-0,232.0,4.58,34.5,18.0,122.0,6.89,4.21,True,3,75,72.0,0,-1.1337642725301655,-1.351509750494456,-0.9383090457176804,0.07146120433977383,-1.013283942011346,0.5440772336138203,-1.0984732575527585,-0.8843980416094112
2017,Derek Rivers,DE,Youngstown State,6-4,248.0,4.61,35.0,30.0,123.0,6.94,4.4,True,3,83,76.0,0,-1.3833341192829267,0.08526216685136973,-1.4381184433842042,0.7094676485948217,1.411230979317124,1.2312058588191428,-1.4120198837626423,-0.24104858090497983
2017,Michael Roberts,TE,Toledo,6-4,270.0,4.86,30.0,19.0,110.0,7.05,4.51,True,4,127,76.0,1,2.1976762168645836,-0.14819588274726075,0.8267212794224779,-1.1089160053008902,-0.22760730663011358,-1.2106931640798504,-0.5433173357054757,0.877131061826468
2017,Jalen Robinette,WR,Air Force,6-3,220.0,4.62,31.5,13.0,120.0,6.77,4.46,False,0,0,75.0,0,1.1816684632035748,0.9979437798498162,1.1783861911556204,-1.258211975896787,-0.33400473788316093,-0.25414272846434943,-1.0034218170580984,1.4429736392166477
2017,Ezra Robinson,CB,Tennessee State,5-11,189.0,4.47,34.0,13.0,130.0,6.92,4.16,False,0,0,71.0,2,-0.5076176612591684,-0.25656352291434187,-0.2913517393685087,-0.6612542598401346,-0.34728089721078226,1.2902323068103028,0.03552960103862786,-0.06869851288760483
2017,Cam Robinson,OT,Alabama,6-6,322.0,5.15,26.0,24.0,106.0,7.81,4.82,True,2,34,78.0,1,0.7983835785843535,0.3164807866594626,-0.3819052918629868,-0.6724958935917664,0.0010652833053096855,0.27863350527213526,-0.0031274266038181873,0.2827275415353593
2017,Isaac Rochell,DE,Notre Dame,6-4,280.0,4.89,31.5,25.0,114.0,7.24,4.43,True,7,225,76.0,2,0.8378135538370096,0.08526216685136973,0.4972024035030766,-0.4383702544163113,0.31379071013342874,-0.24179994822500103,-0.049304283041180265,-0.05244307264774429
2017,Darreus Rogers,WR,USC,6-1,216.0,4.51,26.5,8.0,112.0,7.22,4.54,False,0,0,73.0,1,0.9125433074048611,0.1201623167880653,0.02484242531899031,-2.885074058715882,-1.6695050485184706,-1.64652044292329,1.3021800677645676,2.0062186788729814
2017,Sam Rogers,FB,Virginia Tech,5-10,231.0,4.93,32.0,19.0,114.0,7.27,4.34,True,6,206,70.0,0,-1.2867703310709566,-1.6001897710025024,0.9312669332677769,-0.35854109638119974,-0.7063523230978583,0.03969881286341831,0.26111989800411317,-0.1497776567119452
2017,Fred Ross,WR,Mississippi State,6-1,213.0,4.51,35.0,10.0,113.0,6.99,4.28,False,0,0,73.0,0,0.7106994405558259,0.1201623167880653,0.02484242531899031,-0.11940851792342029,-1.1353049242643467,-1.4724732286159223,0.12376132663298559,0.17567229998990017
2017,Chase Roullier,C,Wyoming,6-4,312.0,5.54,26.5,19.0,97.0,7.6,4.47,True,6,199,76.0,0,1.1664026150926892,0.46666271157950695,2.0507757779002227,-0.33086723548929425,-1.8014459129148994,-0.8244639553978709,-0.410632549521965,-1.2683220804231554
2017,Travis Rudolph,WR,Florida State,6-0,189.0,4.65,31.5,12.0,114.0,6.93,4.46,False,0,0,72.0,0,-0.9040514942364557,-0.3187284147428101,1.4929890363837939,-1.258211975896787,-0.6011048000102228,-1.2984260143085549,-0.18365225801003898,1.4429736392166477
2017,Cooper Rush,QB,Central Michigan,6-3,228.0,4.93,27.0,16.0,105.0,7.23,4.47,False,0,0,75.0,1,0.5735209786824048,0.09224785797656607,0.7697916274794027,-1.5425294763266568,-0.061313606531362225,-1.1738672120128708,0.7008771813801543,0.9235114872938506
2017,Curtis Samuel,WR,Ohio State,5-11,196.0,4.31,37.0,18.0,119.0,7.09,4.33,True,2,40,71.0,0,-0.43308247158870694,-0.7576191462736855,-2.072509876202151,0.5313363152042178,1.0014955727521488,-0.428189942771717,0.6361173010380204,0.5277004497751071
2017,Artavis Scott,WR,Clemson,5-10,193.0,4.61,31.0,13.0,116.0,7.19,4.49,False,0,0,70.0,0,-0.6349263384377422,-1.196509877804561,1.0735185760795656,-1.4208981841786963,-0.33400473788316093,-0.9503315856938197,1.14847327544306,1.6541905290877745
2017,Ricky Seals-Jones,WR,Texas A&M,6-5,243.0,4.69,28.0,17.0,121.0,7.46,4.33,False,0,0,77.0,0,2.729138109046178,1.875725242911567,1.9124594966880222,-2.3970154338701533,0.7343955106250869,-0.08009551415698189,2.5318344063366567,0.5277004497751071
2017,Justin Senior,OT,Mississippi State,6-5,331.0,5.55,23.0,24.0,98.0,8.19,5.06,True,6,210,77.0,1,1.6334697080437126,-0.5626325096168238,1.858738532626535,-1.6383144641756864,0.0010652833053096855,-0.9269922386938314,1.333847446527713,1.5361994005591102
2017,Adam Shaheen,TE,Ashland,6-6,278.0,4.79,32.5,24.0,121.0,7.09,4.38,True,2,45,78.0,0,3.1213372355467994,1.208966411885534,0.34836188828871184,-0.29546160006330696,1.2073083221249519,0.6840465873909862,-0.3403388785659094,-0.04269761775232858
2017,David Sharpe,OT,Florida,6-6,343.0,5.44,20.5,19.0,97.0,7.87,4.78,True,4,129,78.0,0,2.7469178806561914,0.3164807866594626,1.242561480891919,-2.4431632729956196,-1.197378435167899,-1.0776954566895773,0.20797386915379382,0.07381556503140002
2017,Sojourn Shelton,CB,Wisconsin,5-9,177.0,4.51,35.0,10.0,120.0,6.92,4.02,False,0,0,69.0,0,-1.8922156666843077,-1.5043113034186348,0.15424503848920643,-0.29545403099240036,-1.1476055103283573,-0.4767795234242289,0.03552960103862786,-1.1974532454714863
2017,Garrett Sickels,DE,Penn State,6-3,261.0,4.9,28.0,20.0,105.0,7.21,4.41,False,0,0,75.0,0,-0.48099287707795263,-0.5934246812855645,0.5663210051776272,-1.5862081574274443,-0.7836495590502666,-1.714805755269145,-0.1855758431133277,-0.17818007815256798
2017,Nico Siragusa,OG,San Diego State,6-4,319.0,5.35,32.0,28.0,110.0,7.71,4.56,True,4,122,76.0,0,0.37402998753972855,-0.12394670466714025,0.444597916415835,1.6582924462251116,0.437814997954052,1.2537660135720206,-0.4489587628014995,-1.1853177601922475
2017,Dan Skipper,OT,Arkansas,6-10,309.0,5.42,26.0,24.0,97.0,7.61,5.01,False,0,0,82.0,1,-0.407851941745832,3.832933971764608,1.1305292896674402,-0.6724958935917664,0.0010652833053096855,-1.0776954566895773,-0.7067984124625165,1.2750594299291622
2017,Tanzel Smart,DT,Tulane,6-1,296.0,5.24,27.0,22.0,105.0,7.53,4.57,True,6,189,73.0,0,-0.7307604352619762,-1.362903695698221,0.7534893663582255,-0.6738199559728588,-1.0847920697831457,0.018061042162581573,-0.47889009484037004,-0.4997788259904593
2017,De'Veon Smith,RB,Michigan,5-11,223.0,4.57,29.0,22.0,108.0,7.3,4.56,False,0,0,71.0,1,0.75761404911964,0.43573769960030895,0.04372567515240514,-1.7894952451096677,0.6712903602133796,-1.9888155150403597,1.4516309627606159,2.0312700431371544
2017,Jonnu Smith,TE,Florida International,6-3,248.0,4.62,38.0,22.0,127.0,7.14,4.18,True,3,100,75.0,1,-0.3423915845115102,-0.8267770300636582,-0.8133680616075717,1.494138091459376,0.6333420706229257,1.7175409972841698,-0.08661580714145264,-1.4578186632581718
2017,JuJu Smith-Schuster,WR,USC,6-1,215.0,4.54,32.5,15.0,120.0,6.96,4.25,True,2,62,73.0,2,0.8452620184551827,0.1201623167880653,0.33944527054716384,-0.9328395593329678,0.20019538637096299,-0.25414272846434943,-0.029945465688526695,-0.03554458988122652
2017,Dawuane Smoot,DE,Illinois,6-3,264.0,4.77,29.5,23.5,117.0,7.18,4.39,True,3,68,75.0,1,-0.27276028272295855,-0.5934246812855645,-0.33222081659147495,-1.0942776275655302,-0.01544137062167986,0.24920198745638025,-0.3218474031854751,-0.3039170836573972
2017,Freddie Stevenson,FB,Florida State,6-0,234.0,4.75,28.0,24.0,111.0,7.65,4.45,False,0,0,72.0,0,-0.963493055777268,-0.3494667315982493,-0.34661504691132583,-1.6250758784030996,0.21733917633780242,-0.5387696031463984,2.3696630743873786,0.6391919716016633
2017,Channing Stribling,CB,Michigan,6-1,188.0,4.6,31.5,5.0,114.0,6.94,4.56,False,0,0,73.0,0,-0.62300082837793,0.991184257589951,1.156837788669063,-1.5757548319594703,-2.481479865524316,-1.536986621564948,0.1515586363145324,3.156315008780611
2017,Cameron Sutton,CB,Tennessee,5-11,188.0,4.52,34.0,11.0,120.0,6.81,4.16,True,3,94,71.0,1,-0.62300082837793,-0.25656352291434187,0.26564423295363276,-0.6612542598401346,-0.8808306392891657,-0.4767795234242289,-0.6026300929788343,-0.06869851288760483
2017,Ryan Switzer,WR,North Carolina,5-8,181.0,4.51,32.0,11.0,116.0,6.77,4.0,True,4,133,68.0,0,-1.442301805833883,-2.0742913408663117,0.02484242531899031,-1.0955257676148773,-0.8682048621372848,-0.9503315856938197,-1.0034218170580984,-1.7956853388072676
2017,Teez Tabor,CB,Florida,6-0,199.0,4.62,31.0,9.0,120.0,6.92,4.16,True,2,53,72.0,2,0.6462140099284478,0.36731036733780453,1.3796361775979256,-1.7586549463833374,-1.414380381367549,-0.4767795234242289,0.03552960103862786,-0.06869851288760483
2017,Cordrea Tankersley,CB,Clemson,6-1,199.0,4.4,29.5,13.0,121.0,7.0,4.32,True,3,97,73.0,0,0.6462140099284478,0.991184257589951,-1.0711461006195029,-2.307355289654939,-0.34728089721078226,-0.30007834040077574,0.4996457421422357,1.2213068957796844
2017,Pita Taumoepenu,OLB,Utah,6-1,243.0,4.67,28.5,24.0,112.0,6.91,4.33,True,6,202,73.0,0,-0.02036005620243996,-0.6598547605355265,-0.15920407986726545,-1.793676228928322,0.35701195884337544,-1.0207068762837768,-1.0011295616962863,0.044486823018587814
2017,Taywan Taylor,WR,Western Kentucky,5-11,203.0,4.5,33.5,13.0,132.0,6.57,4.21,True,3,72,71.0,0,0.037886551059041894,-0.7576191462736855,-0.08002518975706442,-0.6074671427691488,-0.33400473788316093,1.8344238432240614,-2.0281337658681684,-0.3171671097093933
2017,Trent Taylor,WR,Louisiana Tech,5-8,181.0,4.63,33.0,13.0,117.0,6.74,4.01,True,5,177,68.0,0,-1.442301805833883,-2.0742913408663117,1.2832538062316752,-0.7701533510510583,-0.33400473788316093,-0.7762843713864521,-1.1571286093796063,-1.7252797088502274
2017,Vincent Taylor,DT,Oklahoma State,6-3,304.0,5.07,28.5,26.0,108.0,7.58,4.72,True,6,194,75.0,0,-0.22590466521865954,0.04418391033435714,-0.19961238785262087,-0.17920743509916484,-0.26972144021831396,0.5057091805522702,-0.2894209632808208,0.39181166794827815
2017,Sam Tevi,OT,Utah,6-5,311.0,5.27,26.0,15.0,107.0,7.84,4.6,True,6,190,77.0,0,-0.22227724631041887,-0.5626325096168238,0.2902878554838663,-0.6724958935917664,-2.156133409946466,0.4293367232678811,0.10242322127498782,-0.866288329236419
2017,Nate Theaker,OG,Wayne State (MI),6-5,315.0,5.41,27.0,23.0,105.0,7.97,4.89,False,0,0,77.0,0,0.022368970047577368,0.7139330188826921,0.7731855893354143,0.0029384981327085333,-0.6731569938512758,0.5129042782794634,0.46518618796299815,0.5053515872737775
2017,Jahad Thomas,RB,Temple,5-10,190.0,4.62,32.0,11.0,116.0,7.07,4.28,False,0,0,70.0,2,-1.739205267522666,-0.10357699416728292,0.5187312109806517,-0.8335502615782054,-1.8148039281130937,-0.5270028334652128,0.04887238355426378,-0.07290972958950806
2017,Noel Thomas,WR,Connecticut,6-0,205.0,4.63,32.5,9.0,118.0,6.96,4.25,False,0,0,72.0,2,0.1724491289583987,-0.3187284147428101,1.2832538062316752,-0.9328395593329678,-1.4024049863914088,-0.6022371570790845,-0.029945465688526695,-0.03554458988122652
2017,Solomon Thomas,DE,Stanford,6-3,273.0,4.69,35.0,30.0,126.0,6.95,4.28,True,1,3,75.0,0,0.35193750034202353,-0.5934246812855645,-0.8851696299878365,0.7094676485948217,1.411230979317124,1.722207794500524,-1.3665960304052613,-0.9954706139339387
2017,Tedric Thompson,S,Colorado,6-0,204.0,4.6,32.5,17.0,117.0,7.11,4.36,True,4,111,72.0,0,-0.2679621494820998,-0.13287400803657493,0.4100639478697195,-0.9838248666109645,0.04497692172552077,-0.7538265631080413,0.8299398340873653,1.251040724091947
2017,Jack Tocho,CB,North Carolina State,6-0,202.0,4.54,35.0,21.0,125.0,6.92,4.16,True,7,245,72.0,2,0.9923635112847327,0.36731036733780453,0.48844262188249526,-0.29545403099240036,1.7869180711027517,0.406726391693037,0.03552960103862786,-0.06869851288760483
2017,Dalvin Tomlinson,DT,Alabama,6-3,310.0,5.19,27.0,27.0,110.0,7.68,4.59,True,2,55,75.0,1,0.152737162313828,0.04418391033435714,0.4731653210020951,-0.6738199559728588,-0.06595378282710605,0.8308079394787293,0.08951729983827772,-0.3809000934652964
2017,Jon Toth,C,Kentucky,6-5,307.0,5.51,25.5,21.0,100.0,8.09,4.84,False,0,0,77.0,0,0.3674967143442732,1.3263045486996488,1.8451105852741239,-0.716879010226804,-1.2803665166172014,-0.3381228581126103,1.5428621035436823,1.0113130259585044
2017,Damarius Travis,S,Minnesota,6-1,206.0,4.56,32.5,13.0,115.0,7.08,4.28,False,0,0,73.0,1,-0.04241871864388563,0.5108267420072936,0.01927076476327049,-0.9838248666109645,-0.9871250715548503,-1.0923109930927024,0.6558042384848184,0.5490410385011016
2017,Mitchell Trubisky,QB,North Carolina,6-2,222.0,4.67,27.5,16.0,116.0,6.87,4.25,True,1,2,74.0,1,0.004819504022542122,-0.4908903870896071,-0.8507852570861145,-1.3688477223127775,-0.061313606531362225,0.51785703801604,-1.1483937916030045,-0.5594385050864619
2017,Stevie Tu'Ikolovatu,DT,USC,6-1,331.0,5.45,24.5,28.0,91.0,7.83,5.0,True,7,223,73.0,0,1.4779835586775343,-1.362903695698221,1.930850356853977,-1.4981741574290155,0.13781387456410185,-2.257630270322632,0.6579246945169288,2.0561139233005954
2017,Michael Tyson,S,Cincinnati,6-1,204.0,4.56,33.0,17.0,118.0,6.975,4.21,True,6,187,73.0,2,-0.2679621494820998,0.5108267420072936,0.01927076476327049,-0.8086011567080311,0.04497692172552077,-0.5845843481157107,0.04632965387590674,-0.06520868639088993
2017,Jerry Ugokwe,OT,William & Mary,6-7,321.0,5.61,26.0,18.0,103.0,8.35,5.17,False,0,0,79.0,0,0.7055962308666469,1.195594082935749,2.194835106299967,-0.6724958935917664,-1.4370671788625409,-0.17347614871510225,1.8967842352146742,2.1107073359449995
2017,Tanner Vallejo,ILB,Boise State,6-1,228.0,4.67,33.5,22.0,121.0,7.12,4.39,True,6,195,73.0,2,-2.28039618759888,-0.18296202833869626,-0.6913100466065177,0.0597114017804224,0.07771144958116945,0.9554271216044024,0.05402306345064703,0.63495560527265
2017,Eddie Vanderdoes,DT,UCLA,6-3,305.0,4.99,28.5,28.0,111.0,7.69,4.39,True,3,88,75.0,0,-0.16279769396324495,0.04418391033435714,-0.6481308604224315,-0.17920743509916484,0.13781387456410185,0.9933573189419589,0.12741112615019026,-1.5696874187169516
2017,Charles Walker,DT,Oklahoma,6-2,310.0,4.96,28.0,25.0,107.0,7.89,4.96,False,0,0,74.0,0,0.152737162313828,-0.659359892681932,-0.8163252876361117,-0.3440782753903962,-0.4734890976095219,0.34315980108904065,0.8852876523883872,1.8183564582502645
2017,Deshaun Watson,QB,Clemson,6-2,221.0,4.66,32.5,16.0,119.0,6.95,4.31,True,1,12,74.0,1,-0.089964075087435,-0.4908903870896071,-0.91311513726171,0.3679698178260152,-0.061313606531362225,0.9792363789330156,-0.7374446864956359,-0.15499759807365157
2017,T.J. Watt,OLB,Wisconsin,6-4,252.0,4.69,37.0,21.0,128.0,6.79,4.13,True,1,30,76.0,0,0.890607029883881,1.415110209341262,0.013930356988386591,0.8486018015348137,-0.3281359915839852,1.4829476995523785,-1.5851917368351072,-1.503654618028077
2017,Davis Webb,QB,California,6-5,229.0,4.79,33.0,16.0,118.0,6.92,4.21,True,3,87,77.0,1,0.668304557792382,1.2585243481089123,-0.10282669497895144,0.5416515718398944,-0.061313606531362225,0.8254432652940238,-0.8915506009109002,-0.8290657764283375
2017,Chad Wheeler,OT,USC,6-7,306.0,5.48,20.5,15.0,105.0,7.81,5.01,False,0,0,79.0,1,-0.6862139848989518,1.195594082935749,1.4666258633408717,-2.4431632729956196,-2.156133409946466,0.12793028727638941,-0.0031274266038181873,1.2750594299291622
2017,TreDavious White,CB,LSU,5-11,192.0,4.47,32.0,16.0,119.0,6.9,4.32,True,1,27,71.0,0,-0.16146815990288352,-0.25656352291434187,-0.2913517393685087,-1.3928547175356032,0.45304371590679293,-0.6534807064476821,-0.08049943423727153,1.2213068957796844
2017,Kermit Whitfield,WR,Florida State,5-8,185.0,4.44,32.5,8.0,120.0,7.17,4.37,False,0,0,68.0,0,-1.1731766500351692,-2.0742913408663117,-0.7092308802134022,-0.9328395593329678,-1.6695050485184706,-0.25414272846434943,1.0460020805620502,0.809322969603274
2017,Jamaal Williams,RB,BYU,6-0,212.0,4.59,30.0,19.0,123.0,7.25,4.53,True,4,134,72.0,1,-0.07465905642779525,0.9750523933679008,0.23372788948370038,-1.470846917265847,-0.006735354784749435,0.7520832629130405,1.1466834455418442,1.805822210345016
2017,Joe Williams,RB,Utah,5-11,210.0,4.41,35.0,14.0,125.0,7.19,4.19,True,4,121,71.0,0,-0.22598143925460168,0.43573769960030895,-1.4762920394979906,0.1223947219532567,-1.1367782131149646,1.1175364333068272,0.7807464248793192,-0.7492532279659357
2017,Marcus Williams,S,Utah,6-1,202.0,4.56,43.5,14.0,129.0,6.85,4.2,True,2,42,73.0,0,-0.4935055803203139,0.5108267420072936,0.01927076476327049,2.8710967512535706,-0.7290995732347575,1.2770800167999259,-0.6792353278013661,-0.15295864708974366
2017,Stanley Williams,RB,Kentucky,5-7,190.0,4.51,36.0,18.0,121.0,6.86,4.18,False,0,0,67.0,0,-1.739205267522666,-1.7215210754700585,-0.5262809678414975,0.4410430497970774,-0.23274392645079248,0.38663009251925384,-1.2319071887645818,-0.8244025055633217
2017,Tim Williams,OLB,Alabama,6-3,244.0,4.68,33.5,22.0,124.0,7.36,4.57,True,3,78,75.0,1,0.08085850891826236,0.7234552193823325,-0.07263686143944327,-0.23939503453824212,-0.09975334144153167,0.8570340555933398,1.1891035950742908,1.9022565522745858
2017,Jordan Willis,DE,Kansas State,6-4,255.0,4.53,39.0,24.0,125.0,6.85,4.28,True,3,73,76.0,0,-0.8974580657879406,0.08526216685136973,-1.9910672567805718,2.0212823948932592,0.09430265629668967,1.5585404826067304,-1.8208345639790846,-0.9954706139339387
2017,Howard Wilson,CB,Houston,6-1,184.0,4.57,33.5,14.0,119.0,6.68,3.94,True,4,126,73.0,1,-1.0845334968529765,0.991184257589951,0.8226402052757842,-0.8441543742640018,-0.08050602617159051,-0.6534807064476821,-1.3568188222721957,-1.8424559498051274
2017,Jesus Wilson,WR,Florida State,5-9,189.0,4.57,35.5,10.0,119.0,6.96,4.57,False,0,0,69.0,2,-0.9040514942364557,-1.6354006093354365,0.6540481157753374,0.043277690358489204,-1.1353049242643467,-0.428189942771717,-0.029945465688526695,2.217435568744108
2017,Quincy Wilson,CB,Florida,6-1,211.0,4.54,32.0,14.0,118.0,6.86,4.02,True,2,46,73.0,0,2.0308120153535874,0.991184257589951,0.48844262188249526,-1.3928547175356032,-0.08050602617159051,-0.8301818894711352,-0.31255750478907546,-1.1974532454714863
2017,Ahkello Witherspoon,CB,Colorado,6-3,198.0,4.45,40.5,14.0,127.0,6.93,4.13,True,3,66,75.0,1,0.5308308428096862,2.238932038094244,-0.5141501282973614,1.7164472276701381,-0.08050602617159051,0.7601287577399434,0.09354411867657755,-0.3105745270127233
2017,Xavier Woods,S,Louisiana Tech,5-11,197.0,4.54,33.5,19.0,122.0,6.72,4.13,True,6,191,71.0,0,-1.0573641574158492,-0.7765747580804434,-0.17612582678994967,-0.6333774468050977,0.5610279183657063,0.09238451185361173,-1.433822908745729,-0.7672083719817352
2018,Ola Adeniyi,EDGE,Toledo,6-2,248.0,4.83,31.5,26.0,119.0,7.21,4.28,False,0,0,74.0,1,-0.4905162854754233,-1.1639625143047059,1.0713625283478514,-0.6821955419405191,0.9709643629384592,-0.0031553406147828383,0.4882395119777242,-0.8700230805032021
2018,Jaire Alexander,CB,Louisville,5-11,192.0,4.38,35.0,14.0,127.0,6.71,3.98,True,1,18,71.0,0,-0.16146815990288352,-0.25656352291434187,-1.2939444895483654,-0.29545403099240036,-0.08050602617159051,0.7601287577399434,-1.1827752693583415,-1.519954597638305
2018,Austin Allen,QB,Arkansas,6-0,210.0,4.81,29.5,16.0,112.0,7.18,4.48,False,0,0,72.0,1,-1.1325834452971832,-1.6571668772219534,0.021833065372239627,-0.6741207062572604,-0.061313606531362225,-0.09731541653992754,0.44403399068804544,0.990918305129324
2018,Brian Allen,C,Michigan State,6-1,298.0,5.34,26.5,27.0,99.0,7.81,4.71,True,4,111,73.0,0,-1.0705339070028757,-2.1122627997809182,0.6796744937262416,-0.33086723548929425,0.2828716722758932,-0.5002365572076971,0.4265794446490262,0.21036015074332753
2018,Josh Allen,QB,Wyoming,6-5,237.0,4.75,33.5,16.0,119.0,6.9,4.4,True,1,7,77.0,1,1.4265731906721988,1.2585243481089123,-0.35214621568133914,0.7153333258537737,-0.061313606531362225,0.9792363789330156,-0.9942878771877401,0.4516637624455729
2018,Marcus Allen,S,Penn State,6-2,202.0,4.56,37.0,15.0,127.0,6.975,4.32,True,5,148,74.0,2,-0.4935055803203139,1.1545274920511621,0.01927076476327049,0.5931885225154362,-0.47107407491466474,0.9385955868152648,0.04632965387590674,0.9000408812965243
2018,Mark Andrews,TE,Oklahoma,6-5,256.0,4.67,31.0,17.0,113.0,7.34,4.38,True,3,86,77.0,0,0.5812694341707058,0.5303852645691367,-0.47168278222631294,-0.783534243205857,-0.8015735581321398,-0.6939459591332586,0.9282764785563788,-0.04269761775232858
2018,Troy Apke,S,Penn State,6-2,198.0,4.34,41.0,16.0,131.0,6.56,4.03,True,4,109,74.0,0,-0.9445924419967422,1.1545274920511621,-2.130091742322195,1.9949782017389035,-0.213048576594572,1.615564446784587,-2.362546085292639,-1.644707978970288
2018,Dorance Armstrong,EDGE,Kansas,6-4,257.0,4.87,30.0,20.0,118.0,7.12,4.23,True,4,116,76.0,0,0.5744203869383222,0.2586583365121535,1.3567133228230661,-1.1502299054340144,-0.7799549800653193,-0.17669907442786115,-0.1579598421104428,-1.3553300726703028
2018,Ade Aruna,DE,Tulane,6-6,262.0,4.6,38.5,18.0,128.0,7.53,4.48,True,6,218,78.0,0,-0.4115820122929546,1.4426358631252383,-1.5072370450587547,1.8573055516059547,-1.2226256667237447,2.049542418288112,1.2679874643229008,0.2618994411143261
2018,Marcell Ateman,WR,Oklahoma State,6-4,216.0,4.62,34.0,13.0,121.0,7.07,4.25,True,7,228,76.0,0,0.9125433074048611,1.4368345113806915,1.1783861911556204,-0.4447809344872393,-0.33400473788316093,-0.08009551415698189,0.5336461061570154,-0.03554458988122652
2018,John Atkins,DT,Georgia,6-4,321.0,5.38,24.0,27.0,89.0,7.95,4.75,False,0,0,76.0,1,0.8469138461233885,0.7477277133506463,1.5383966933553914,-1.6630449977202468,-0.06595378282710605,-2.582729029249091,1.112650610259849,0.5701297667360278
2018,Anthony Averett,CB,Alabama,6-0,185.0,4.36,31.5,13.0,119.0,6.93,4.4,True,4,118,72.0,0,-0.9691503297342149,0.36731036733780453,-1.5167428784772181,-1.5757548319594703,-0.34728089721078226,-0.6534807064476821,0.09354411867657755,1.866309600113329
2018,Genard Avery,ILB,Memphis,6-1,248.0,4.59,36.0,26.0,124.0,6.9,4.36,True,5,150,73.0,0,1.314495891577701,-0.18296202833869626,-1.3582011025290026,0.9553824284867711,1.1767733793719908,1.5696302712072319,-1.2389684991373333,0.4082947702173931
2018,Jerome Baker,OLB,Ohio State,6-1,229.0,4.53,36.5,22.0,126.0,7.105,4.32,True,3,73,73.0,2,-1.4374199678922726,-0.6598547605355265,-1.371145137856799,0.6931736820958058,-0.09975334144153167,1.1699908775728591,-0.05202852709570183,-0.03292024903374371
2018,Kalen Ballage,RB,Arizona State,6-1,228.0,4.46,33.5,15.0,122.0,6.91,4.35,True,4,131,73.0,0,1.1359200061866561,1.5143670871354926,-1.001286503669744,-0.3555777698124744,-0.9107696414489216,0.5693566777161472,-0.9269596715458102,0.4531352135921542
2018,Saquon Barkley,RB,Penn State,6-0,233.0,4.4,41.0,29.0,119.0,7.07,4.24,True,1,2,72.0,2,1.514225963253672,0.9750523933679008,-1.5712931466636382,2.034284689016181,2.2533503618756807,0.02117692212546717,0.04887238355426378,-0.3735068399790322
2018,J.T. Barrett,QB,Ohio State,6-1,224.0,4.7,30.0,16.0,108.0,7.38,4.44,False,0,0,73.0,1,0.19438666224249634,-1.0740286321557804,-0.6637956165593223,-0.5004389522433812,-0.061313606531362225,-0.7124878710958951,1.471406753456467,0.7212910337874484
2018,Jessie Bates,S,Wake Forest,6-2,195.0,4.5,35.5,17.0,117.0,6.78,4.26,True,2,54,74.0,1,-1.2829075882540633,1.1545274920511621,-0.5669190098963988,0.06751739280663596,0.04497692172552077,-0.7538265631080413,-1.0855517175406353,0.37354111710338644
2018,Marcus Baugh,TE,Ohio State,6-3,247.0,4.81,33.0,19.0,117.0,7.28,4.51,False,0,0,75.0,1,-0.4578492118467872,-0.8267770300636582,0.48503600004121294,-0.13277071901579035,-0.22760730663011358,-0.004949685871136246,0.6238087928470316,0.877131061826468
2018,Kurt Benkert,QB,Virginia,6-3,218.0,4.95,31.0,16.0,112.0,7.15,4.33,False,0,0,75.0,0,-0.3743148124173663,0.09224785797656607,0.8944513878305993,-0.1530754442156226,-0.061313606531362225,-0.09731541653992754,0.28992807627278566,-0.020183962402710812
2018,Keishawn Bierria,ILB,Washington,6-2,230.0,4.79,30.5,21.0,117.0,7.26,4.29,True,6,217,74.0,1,-1.9209069796812221,0.5415676038825611,0.30902653727720963,-1.0150938302671961,-0.1970540328665359,0.13648958880062972,0.8768358760066336,-0.12058051157822004
2018,Andrew Brown,DE,Virginia,6-4,296.0,5.03,28.0,31.0,101.0,7.51,4.48,True,5,158,76.0,0,1.9483873903969777,0.08526216685136973,1.4648628269467232,-1.5862081574274443,1.630719033153863,-2.36947500284432,1.1771397576081344,0.2618994411143261
2018,Orlando Brown,OT,Oklahoma,6-8,345.0,5.85,19.5,14.0,82.0,7.87,5.38,True,3,83,80.0,0,2.9324925760916045,2.074707379212035,3.5392214009936778,-2.765102796523593,-2.3958221536411077,-3.3382437266257647,0.20797386915379382,3.2074952125907843
2018,Tony Brown,CB,Alabama,6-0,198.0,4.35,31.5,14.0,126.0,6.78,4.11,False,0,0,72.0,0,0.5308308428096862,0.36731036733780453,-1.6281420729416543,-1.5757548319594703,-0.08050602617159051,0.5834275747164901,-0.7766736458926833,-0.4718252030961309
2018,Taven Bryan,DT,Florida,6-4,291.0,4.98,35.0,30.0,119.0,7.12,4.48,True,1,29,76.0,0,-1.046295291539049,0.7477277133506463,-0.7041956694936565,1.9641134886868425,0.5453491893465177,2.293752354647795,-2.03253697362868,-1.0347331223537028
2018,Oren Burks,OLB,Vanderbilt,6-3,233.0,4.59,39.5,18.0,131.0,6.82,4.15,True,3,88,75.0,0,-1.0325457074094633,0.7234552193823325,-0.8517418272898583,1.6257423987298536,-1.013283942011346,1.9523829325216577,-1.4391761930504008,-1.3488404739234072
2018,Deon Cain,WR,Clemson,6-2,202.0,4.43,33.5,11.0,115.0,6.71,4.37,True,6,185,74.0,0,-0.02939473789063651,0.5590530483189408,-0.8140984952894662,-0.6074671427691488,-0.8682048621372848,-1.1243788000011872,-1.3108354017011183,0.809322969603274
2018,Dylan Cantrell,WR,Texas Tech,6-3,226.0,4.59,38.5,18.0,130.0,6.56,4.03,True,6,191,75.0,0,1.5853561969016452,0.9979437798498162,0.8637833459274469,1.0193949400499462,1.0014955727521488,1.4863294146093262,-2.0793693633086754,-1.584468448936141
2018,Alex Cappa,OT,Humboldt State,6-6,305.0,5.39,26.5,24.0,97.0,8.04,4.84,True,3,94,78.0,0,-0.7790013326166583,0.3164807866594626,0.9624810028307244,-0.5115261318277797,0.0010652833053096855,-1.0776954566895773,0.8060942071336862,0.3871835297873366
2018,Tanner Carew,LS,Oregon,6-1,243.0,5.0,30.0,18.0,111.0,7.26,4.28,False,0,0,73.0,0,0.8180381806998938,-0.2659603506849879,-0.42856814297597406,0.19910804339600058,1.7801819061679112,0.23510111640910422,-0.8977590651578102,-1.3742063913809395
2018,Andre Chachere,CB,San Jose State,6-0,200.0,4.49,38.0,13.0,123.0,6.78,4.07,False,0,0,72.0,0,0.7615971770472094,0.36731036733780453,-0.06855335043964621,0.8019466555508025,-0.34728089721078226,0.053324025646130604,-0.7766736458926833,-0.7943265552629531
2018,Sean Chandler,S,Temple,6-0,190.0,4.65,34.5,16.0,119.0,6.975,4.62,False,0,0,72.0,1,-1.8467661653495986,-0.13287400803657493,0.8985554267527873,-0.28293002699923087,-0.213048576594572,-0.4153421331233801,0.04632965387590674,3.5325397022621905
2018,D.J. Chark,WR,LSU,6-3,199.0,4.34,40.0,16.0,129.0,6.96,4.25,True,2,61,75.0,2,-0.23123860473967173,0.9979437798498162,-1.7579070309739775,1.5074535648956748,0.46729544849802496,1.3122822003019585,-0.029945465688526695,-0.03554458988122652
2018,Bradley Chubb,DE,North Carolina State,6-4,269.0,4.65,36.0,24.0,121.0,7.37,4.41,True,1,5,76.0,0,0.07429404120203148,0.08526216685136973,-1.1616440366860203,1.037421335169431,0.09430265629668967,0.9038712350315553,0.5412058106047866,-0.17818007815256798
2018,Nick Chubb,RB,Georgia,5-11,227.0,4.52,38.5,29.0,128.0,7.09,4.25,True,2,35,71.0,0,1.060258814773253,0.43573769960030895,-0.43127986067584984,1.2376638694066293,2.2533503618756807,1.6657161888975074,0.1708513904417703,-0.29835756238165284
2018,Will Clapp,C,LSU,6-4,311.0,5.39,29.0,25.0,97.0,8.04,4.92,True,7,245,76.0,0,1.006621434943006,0.46666271157950695,1.0224498147697354,0.6341622013544801,-0.23820772402180496,-0.8244639553978709,1.3435259144553482,1.5042071030139987
2018,Simmie Cobbs,WR,Indiana,6-3,220.0,4.64,30.0,11.0,113.0,6.7,4.32,False,0,0,75.0,0,1.1816684632035748,0.9979437798498162,1.3881214213077298,-1.7462706007425153,-0.8682048621372848,-1.4724732286159223,-1.362070999141621,0.45729481981806697
2018,Mason Cole,C,Michigan,6-4,307.0,5.23,23.5,23.0,104.0,7.77,4.78,True,3,97,76.0,0,0.3674967143442732,0.46666271157950695,-0.07443121256944338,-1.4889025597018235,-0.7592871203195032,0.3103319382677372,0.267110493378361,0.6416424681668864
2018,Lavon Coleman,RB,Washington,5-11,215.0,4.65,33.0,23.0,120.0,7.07,4.28,False,0,0,71.0,2,0.15232451781241438,0.43573769960030895,0.803734532477603,-0.5149019337343848,0.8972989318794227,0.2039035073223605,0.04887238355426378,-0.07290972958950806
2018,Tyler Conklin,TE,Central Michigan,6-3,254.0,4.8,38.0,18.0,120.0,7.13,4.23,True,5,157,75.0,0,0.3503541795001518,-0.8267770300636582,0.4166989441649624,1.494138091459376,-0.5145904323811267,0.5117975190754556,-0.13736042142634308,-1.1040384018817064
2018,Austin Corbett,OG,Nevada,6-4,306.0,5.15,28.0,19.0,106.0,7.87,4.5,True,2,33,76.0,0,-0.7688683193097628,-0.12394670466714025,-0.6506943266494162,0.33400928775118915,-1.5619345872955381,0.6610766253379748,0.11359197613050002,-1.49271218700425
2018,Keke Coutee,WR,Texas Tech,5-10,181.0,4.43,34.5,14.0,113.0,6.93,4.15,True,4,103,70.0,0,-1.442301805833883,-1.196509877804561,-0.8140984952894662,-0.2820947262053298,-0.06690467575609896,-1.4724732286159223,-0.18365225801003898,-0.7396008894516405
2018,Justin Crawford,RB,West Virginia,5-11,199.0,4.64,33.5,11.0,122.0,7.07,4.28,False,0,0,71.0,2,-1.058254544802037,0.43573769960030895,0.7087334253119469,-0.3555777698124744,-1.8148039281130937,0.5693566777161472,0.04887238355426378,-0.07290972958950806
2018,Tyrell Crosby,OT,Oregon,6-5,309.0,5.23,30.0,17.0,105.0,7.89,4.77,True,5,153,77.0,0,-0.407851941745832,-0.5626325096168238,0.0662234730349186,0.6152622005201269,-1.6767559225571826,0.12793028727638941,0.2783409677396624,0.021587570905406726
2018,Dane Cruikshank,S,Arizona,6-1,206.0,4.41,38.5,25.0,121.0,6.89,4.24,True,5,152,73.0,0,-0.04241871864388563,0.5108267420072936,-1.4462036718859068,1.1188596522242364,2.109180908286263,-0.07685770313871888,-0.44705453366463854,0.19804119570567902
2018,Trevor Daniel,P,Tennessee,6-1,230.0,4.98,32.5,23.0,119.0,7.155,4.41,False,0,0,73.0,2,1.189818209665283,-0.31572301267669906,1.5826601536052325,0.6092717958449431,0.32519680361730263,1.082663923921533,0.0,-0.026775897118032296
2018,James Daniels,C,Iowa,6-3,306.0,5.22,30.5,21.0,108.0,7.29,4.4,True,2,39,75.0,1,0.20771553419459,-0.39297912554063485,-0.142986276778147,1.2131798634607447,-1.2803665166172014,0.9587867346480847,-1.6465169218696172,-1.6996043978467088
2018,Sam Darnold,QB,USC,6-3,221.0,4.85,26.5,16.0,105.0,6.96,4.4,True,1,3,75.0,1,-0.089964075087435,0.09224785797656607,0.2711525860746273,-1.7162112303405361,-0.061313606531362225,-1.1738672120128708,-0.6860760483572159,0.4516637624455729
2018,Marcus Davenport,DE,Texas-San Antonio,6-6,264.0,4.58,33.5,22.0,124.0,7.2,4.41,True,1,14,78.0,0,-0.27276028272295855,1.4426358631252383,-1.6454742484078437,0.21753711873290754,-0.34467345137678845,1.3948731707129367,-0.2309996964707088,-0.17818007815256798
2018,Carlton Davis,CB,Auburn,6-1,203.0,4.53,34.0,16.0,124.0,6.92,4.16,True,2,63,73.0,2,1.1077466784034942,0.991184257589951,0.37704342741806895,-0.6612542598401346,0.45304371590679293,0.23002520866958379,0.03552960103862786,-0.06869851288760483
2018,Dee Delaney,CB,Miami (FL),6-1,194.0,4.46,32.5,13.0,120.0,6.95,4.25,False,0,0,73.0,0,0.06929817433463971,0.991184257589951,-0.40275093383293503,-1.209954603111736,-0.34728089721078226,-0.4767795234242289,0.2095731539524821,0.6569295294877435
2018,Nick Deluca,OLB,North Dakota State,6-3,251.0,4.85,29.5,18.0,112.0,7.09,4.23,False,0,0,75.0,0,0.7893884647631787,0.7234552193823325,1.3990058518335644,-1.4828199900503058,-1.013283942011346,-1.0207068762837768,-0.12503629898805713,-0.7295838975047412
2018,Jamil Demby,OG,Maine,6-4,319.0,5.58,23.5,17.0,98.0,7.86,4.95,True,6,192,76.0,0,0.37402998753972855,-0.12394670466714025,1.7041839959408807,-1.1558092655319736,-2.0063233840176693,-0.5243021511301165,0.07843255494725083,0.8127460140857846
2018,Will Dissly,TE,Washington,6-4,262.0,4.87,28.0,15.0,111.0,7.07,4.4,True,4,120,76.0,0,1.2740151981823677,-0.14819588274726075,0.8950583352987284,-1.7596795294909569,-1.375539809634166,-1.03844409576432,-0.44182810713569026,0.0988144867982589
2018,Garret Dooley,EDGE,Wisconsin,6-3,248.0,4.8,33.0,21.0,121.0,7.14,4.28,False,0,0,75.0,1,-0.4905162854754233,-0.4526520888962762,0.8573494324914386,-0.2141611784470239,-0.48813508956468954,0.34393212701137377,-0.01435998564640853,-0.8700230805032021
2018,Chase Edmonds,RB,Fordham,5-9,205.0,4.55,34.0,19.0,122.0,6.79,4.07,True,4,134,69.0,0,-0.6042873963216178,-0.6428916879348747,-0.14627653917889855,-0.19625360589056404,-0.006735354784749435,0.5693566777161472,-1.6588337128708655,-1.6510445591345082
2018,Deshon Elliott,S,Texas,6-2,205.0,4.58,36.0,15.0,121.0,6.975,4.21,True,6,190,74.0,2,-0.1551904340629927,1.1545274920511621,0.21466735631649933,0.24274110270956936,-0.47107407491466474,-0.07685770313871888,0.04632965387590674,-0.06520868639088993
2018,Donnie Ernsberger,RB,Western Michigan,6-3,241.0,4.78,31.0,15.0,114.0,7.09,4.34,False,0,0,75.0,0,2.119515494560898,2.5929964746706764,2.0387489256310474,-1.1521985894220261,-0.9107696414489216,-0.8924560038589996,0.1708513904417703,0.3779859359947748
2018,Leighton Vander esch,ILB,Boise State,6-4,256.0,4.65,39.5,20.0,124.0,6.88,4.15,True,1,19,76.0,0,2.7524527232483336,1.9906268683250758,-0.8580328105871352,2.2093218658756593,-0.4718195153142412,1.5696302712072319,-1.3565131866453344,-1.1783310751694396
2018,Danny Etling,QB,LSU,6-2,222.0,4.76,30.5,16.0,114.0,7.09,4.37,True,7,219,74.0,1,0.004819504022542122,-0.4908903870896071,-0.2898163355057436,-0.3267571982295019,-0.061313606531362225,0.21027081073805623,-0.018283752557743074,0.24944330893916475
2018,Rashaan Evans,LB,Alabama,6-3,232.0,4.65,30.0,21.0,116.0,6.95,4.36,True,1,22,75.0,2,-0.30061187924074134,0.9383255252814279,-0.117032975121355,-1.3079446782447963,0.0564107207590723,-0.6338890409965239,-0.8265399430520705,0.2136037027299939
2018,Foley Fatukasi,DT,Connecticut,6-4,318.0,5.29,30.0,33.0,112.0,7.44,4.53,False,0,0,76.0,0,0.6575929323571447,0.7477277133506463,1.0338134117143558,0.31540508577452914,1.1566521615201415,1.1559066984051884,-0.8199345316475594,-0.7375362910407903
2018,Riley Ferguson,QB,Memphis,6-3,212.0,4.98,29.0,16.0,110.0,6.96,4.4,False,0,0,75.0,1,-0.9430162870772291,0.09224785797656607,1.0814410283573914,-0.8478024602711397,-0.061313606531362225,-0.4049016438179113,-0.6860760483572159,0.4516637624455729
2018,Kylie Fitts,EDGE,Utah,6-4,263.0,4.69,32.5,31.0,117.0,6.88,4.19,True,6,181,76.0,0,1.2843781685474858,0.2586583365121535,0.07263474768460246,-0.37017263294485564,2.430063815441608,-0.35024280824093945,-1.8811581196788925,-1.7435756664039852
2018,Minkah Fitzpatrick,DB,Alabama,6-1,201.0,4.46,33.0,14.0,121.0,7.02,4.31,True,1,11,73.0,2,0.4720784764670908,0.7851371918257344,-0.6379035450087303,-0.7758145359973494,-0.14509111041391612,-0.4443675824598334,-0.1096041443127341,0.07970083135963063
2018,Quinton Flowers,QB,South Florida,5-10,214.0,4.63,31.0,16.0,112.0,6.81,4.57,False,0,0,70.0,2,-0.7534491288572748,-2.8234433673542996,-1.1001047777885022,-0.1530754442156226,-0.061313606531362225,-0.09731541653992754,-1.4566056204335331,1.5975796656485426
2018,Dimitri Flowers,RB,Oklahoma,6-2,248.0,4.83,30.5,17.0,109.0,7.45,4.53,False,0,0,74.0,0,2.6491438344547205,2.0536817809030845,2.513754461459294,-1.3115227533439366,-0.4587524981168355,-1.8060889298434664,2.3664735144169367,1.805822210345016
2018,Tre Flowers,S,Oklahoma State,6-3,200.0,4.45,34.5,18.0,122.0,6.975,4.21,True,5,146,75.0,2,-0.719049011158528,1.7982282420950304,-1.0554104887794578,-0.28293002699923087,0.3030024200456135,0.09238451185361173,0.04632965387590674,-0.06520868639088993
2018,Robert Foster,WR,Alabama,6-2,196.0,4.41,31.0,14.0,116.0,6.9,4.2,False,0,0,74.0,1,-0.43308247158870694,0.5590530483189408,-1.0238337254415757,-1.4208981841786963,-0.06690467575609896,-0.9503315856938197,-0.33735905033154673,-0.38757273966643346
2018,Jarvion Franklin,RB,West. Michigan,5-11,239.0,4.63,30.0,18.0,109.0,6.93,4.31,False,0,0,71.0,0,1.9681931117340914,0.43573769960030895,0.6137323181462994,-1.470846917265847,-0.23274392645079248,-1.8060889298434664,-0.8049806646583035,0.15253810320263003
2018,John Franklin-Myers,DE,Stephen F. Austin,6-4,283.0,4.75,33.0,26.0,113.0,7.36,4.48,True,4,135,76.0,0,1.0460461481920036,0.08526216685136973,-0.4704580199405638,0.05356027544560284,0.5332787639701678,-0.4054672601187948,0.49578195724740537,0.2618994411143261
2018,Royce Freeman,RB,Oregon,5-11,229.0,4.54,34.0,17.0,118.0,6.9,4.16,True,3,71,71.0,0,1.2115811976000592,0.43573769960030895,-0.24127764634454615,-0.19625360589056404,-0.4587524981168355,-0.16154966307142618,-0.9879491749895634,-0.9747010607580805
2018,Michael Gallup,WR,Colorado State,6-1,205.0,4.51,36.0,10.0,122.0,6.95,4.37,True,3,81,73.0,0,0.1724491289583987,0.1201623167880653,0.02484242531899031,0.2059638986403987,-1.1353049242643467,0.09395170015038568,-0.08118106312902927,0.809322969603274
2018,Nick Gates,OT,Nebraska,6-5,307.0,5.46,24.0,20.0,94.0,7.61,4.68,False,0,0,77.0,0,-0.5934266371812452,-0.5626325096168238,1.354593672116393,-1.316374940647713,-0.9576896914732573,-1.5298051106768147,-0.7067984124625165,-0.44846437622850044
2018,Rashaan Gaulden,CB,Tennessee,6-1,193.0,4.61,30.0,8.0,119.0,7.16,4.33,True,3,85,73.0,0,-0.04608499278412191,0.991184257589951,1.2682369831334994,-2.1244551752310716,-1.6811552524067408,-0.6534807064476821,1.4278780243494515,1.3019322338213881
2018,Mike Gesicki,TE,Penn State,6-5,247.0,4.54,41.5,22.0,129.0,6.76,4.1,True,2,42,77.0,0,-0.4578492118467872,0.5303852645691367,-1.3600645086175882,2.6329742587919926,0.6333420706229257,2.062039133915231,-2.0149111499673302,-2.023867081460509
2018,Colby Gossett,OG,Appalachian State,6-5,311.0,5.2,25.0,32.0,103.0,7.6,4.83,True,6,213,77.0,0,-0.3292920474445738,0.7139330188826921,-0.3768712658831034,-0.6592030811042527,1.3265925913983143,0.21655958416244056,-0.8357123958172499,0.19795716046177506
2018,Davon Grayson,WR,East Carolina,6-1,199.0,4.51,34.5,19.0,124.0,6.96,4.25,False,0,0,73.0,2,-0.23123860473967173,0.1201623167880653,0.02484242531899031,-0.2820947262053298,1.2685956348792107,0.4420461287651208,-0.029945465688526695,-0.03554458988122652
2018,Rasheem Green,DE,USC,6-5,275.0,4.73,32.5,23.5,118.0,7.24,4.39,True,3,79,77.0,1,0.49075922991201953,0.7639490149883039,-0.6086952232896526,-0.11041656784170187,-0.01544137062167986,0.412869299350174,-0.049304283041180265,-0.3039170836573972
2018,Grant Haley,CB,Penn State,5-9,190.0,4.44,34.0,15.0,119.0,6.51,3.94,False,0,0,69.0,0,-0.3922344941404068,-1.5043113034186348,-0.6255493227617877,-0.6612542598401346,0.1862688448676012,-0.6534807064476821,-2.3430656221173614,-1.8424559498051274
2018,Daesean Hamilton,WR,Penn State,6-1,203.0,4.51,34.5,14.0,118.0,6.84,4.15,True,4,113,73.0,2,0.037886551059041894,0.1201623167880653,0.02484242531899031,-0.2820947262053298,-0.06690467575609896,-0.6022371570790845,-0.6447726349745713,-0.7396008894516405
2018,Dashawn Hand,DE,Alabama,6-4,297.0,4.83,31.5,28.0,111.0,7.98,4.62,False,0,0,76.0,0,2.017798255181976,0.08526216685136973,0.08249079345580387,-0.4383702544163113,0.9722548716436459,-0.7328018839063823,3.312060865405096,1.1420584796481086
2018,Davontae Harris,CB,Illinois State,6-0,200.0,4.43,32.5,22.0,123.0,6.96,4.4,True,5,151,72.0,0,0.7615971770472094,0.36731036733780453,-0.7369485172262239,-1.209954603111736,2.0536929421419434,0.053324025646130604,0.2675876715904318,1.866309600113329
2018,Marquis Haynes,EDGE,Mississippi,6-3,235.0,4.67,32.0,23.0,123.0,7.14,4.45,True,4,136,75.0,0,-2.0287581456286112,-0.4526520888962762,-0.07004064955300815,-0.5261840874426874,0.09550469143656996,0.6910195946375304,-0.01435998564640853,0.7800206928649455
2018,Taylor Hearn,OG,Clemson,6-4,320.0,5.45,24.0,18.0,96.0,7.84,4.8,False,0,0,76.0,0,0.46194524191276637,-0.12394670466714025,0.9922440379484655,-0.9902738707227333,-1.7841289856566038,-0.8206468452471394,0.008113712580749333,0.04425994705577155
2018,Quadree Henderson,WR,Pittsburgh,5-8,192.0,4.5,32.5,12.0,120.0,6.89,4.28,False,0,0,68.0,0,-0.7022076273874205,-2.0742913408663117,-0.08002518975706442,-0.9328395593329678,-0.6011048000102228,-0.25414272846434943,-0.3885946477720538,0.17567229998990017
2018,Zaycoven Henderson,DT,Texas A&M,6-0,298.0,5.16,29.5,20.0,105.0,7.33,4.58,False,0,0,72.0,0,-0.604546492751147,-2.0664474987145103,0.30497089378841485,0.15053424548329783,-1.4923273845655616,0.018061042162581573,-1.2367666210785704,-0.44033945972787786
2018,Will Hernandez,OG,Texas-El Paso,6-2,327.0,5.15,24.0,37.0,104.0,7.59,4.7,True,2,34,74.0,0,1.077352022524031,-1.799706151766805,-0.6506943266494162,-0.9902738707227333,2.4375645832036423,0.364731931220952,-0.8708718170004991,-0.46806409763090073
2018,Kyle Hicks,RB,TCU,5-10,204.0,4.63,36.5,13.0,122.0,7.07,4.28,False,0,0,70.0,2,-0.679948587735021,-0.10357699416728292,0.6137323181462994,0.6003672137189878,-1.3627867847810076,0.5693566777161472,0.04887238355426378,-0.07290972958950806
2018,B.J. Hill,DT,North Carolina State,6-4,311.0,4.99,26.5,35.0,101.0,7.28,4.53,True,3,69,76.0,0,0.2158441335692426,0.7477277133506463,-0.6481308604224315,-0.8386907962640902,1.5641874763025574,-0.6321364756903366,-1.4262357526381197,-0.7375362910407903
2018,Holton Hill,CB,Texas,6-3,200.0,4.49,31.0,14.0,120.0,6.83,4.15,False,0,0,75.0,0,0.7615971770472094,2.238932038094244,-0.06855335043964621,-1.7586549463833374,-0.08050602617159051,-0.4767795234242289,-0.4866010577029297,-0.1493238509293086
2018,Nyheim Hines,RB,North Carolina State,5-8,198.0,4.38,35.5,19.0,119.0,7.18,4.35,True,4,104,68.0,1,-1.1339157362154402,-1.1822063817024666,-1.7612953609949418,0.281718885875167,-0.006735354784749435,0.02117692212546717,0.7197569214355605,0.4531352135921542
2018,Sam Hubbard,DE,Ohio State,6-5,270.0,4.825,35.0,23.5,116.0,6.84,4.32,True,3,77,77.0,2,0.14370490598702948,0.7639490149883039,0.047931492618531656,0.7094676485948217,-0.01544137062167986,0.0855346755625865,-1.8662584173364658,-0.7439966029242857
2018,Mike Hughes,CB,Central Florida,5-11,191.0,4.53,35.5,20.0,127.0,6.7,4.13,True,1,30,71.0,0,-0.27685132702164517,-0.25656352291434187,0.37704342741806895,-0.11255391656853322,1.52014320006356,0.7601287577399434,-1.2407897869962912,-0.3105745270127233
2018,Hayden Hurst,TE,South Carolina,6-4,250.0,4.67,31.5,19.0,120.0,7.19,4.37,True,1,25,76.0,1,-0.11147632984095619,-0.14819588274726075,-0.47168278222631294,-0.6208433621583402,-0.22760730663011358,0.5117975190754556,0.1671072642830086,-0.11345367002761918
2018,Godwin Igwebuike,S,Northwestern,6-0,205.0,4.44,35.5,19.0,128.0,6.56,4.12,False,0,0,72.0,0,-0.1551904340629927,-0.13287400803657493,-1.153108784556068,0.06751739280663596,0.5610279183657063,1.1078378018075954,-2.362546085292639,-0.854958332680589
2018,Joel Iyiegbuniwe,LB,Western Kentucky,6-1,229.0,4.6,35.0,19.0,117.0,7.06,4.28,True,4,115,73.0,0,-0.5433222619522632,-0.3046511445718878,-0.4449825207910951,0.2634376207065483,-0.4439278459735668,-0.47143506566575666,-0.28262333536619416,-0.3327932296451638
2018,Ryan Izzo,TE,Florida State,6-5,256.0,4.94,33.0,18.0,110.0,7.15,4.43,True,7,250,77.0,0,0.5812694341707058,0.5303852645691367,1.3734177264324943,-0.13277071901579035,-0.5145904323811267,-1.2106931640798504,-0.03587119285655769,0.3110826436241307
2018,Darius Jackson,EDGE,Jacksonville State,6-3,242.0,4.87,26.5,21.0,113.0,7.52,4.37,False,0,0,75.0,1,-1.200474067084587,-0.4526520888962762,1.3567133228230661,-2.2423100869188364,-0.48813508956468954,-1.0444177434932527,2.7140372871703002,0.0035295053975808893
2018,J.C. Jackson,CB,Maryland,5-11,193.0,4.46,35.5,14.0,120.0,6.92,4.16,False,0,0,71.0,2,-0.04608499278412191,-0.25656352291434187,-0.40275093383293503,-0.11255391656853322,-0.08050602617159051,-0.4767795234242289,0.03552960103862786,-0.06869851288760483
2018,Josh Jackson,CB,Iowa,6-1,192.0,4.56,38.0,18.0,123.0,6.86,4.03,True,2,45,73.0,0,-0.16146815990288352,0.991184257589951,0.7112410108113479,0.8019466555508025,0.9865934579851764,0.053324025646130604,-0.31255750478907546,-1.1168279074297756
2018,Justin Jackson,RB,Northwestern,6-0,199.0,4.52,38.5,13.0,122.0,6.81,4.07,True,7,251,72.0,0,-1.058254544802037,0.9750523933679008,-0.43127986067584984,1.2376638694066293,-1.3627867847810076,0.5693566777161472,-1.536854705983359,-1.6510445591345082
2018,Leon Jacobs,EDGE,Wisconsin,6-3,246.0,4.48,34.5,26.0,122.0,7.14,4.44,True,7,230,75.0,0,-0.7271688793451445,-0.4526520888962762,-1.425456923310274,0.25387318504647133,0.9709643629384592,0.5174758608244521,-0.01435998564640853,0.682959294431527
2018,Natrell Jamerson,S,Wisconsin,6-0,198.0,4.4,35.5,25.0,120.0,6.975,4.21,True,5,164,72.0,2,-0.9445924419967422,-0.13287400803657493,-1.543901967662517,0.06751739280663596,2.109180908286263,-0.24609991813104948,0.04632965387590674,-0.06520868639088993
2018,Derwin James,S,Florida State,6-3,215.0,4.47,40.0,21.0,132.0,6.975,4.21,True,1,17,75.0,2,0.972526720128078,1.7982282420950304,-0.8600138972262377,1.6445307819330366,1.0770789150058917,1.7848066617769178,0.04632965387590674,-0.06520868639088993
2018,Richie James,WR,Middle Tennessee State,5-10,183.0,4.48,35.5,6.0,122.0,6.87,4.16,True,7,240,70.0,0,-1.3077392279345261,-1.196509877804561,-0.2897604199091739,0.043277690358489204,-2.2037051727725947,0.09395170015038568,-0.491065842653059,-0.6691952594946003
2018,Malik Jefferson,OLB,Texas,6-3,236.0,4.52,36.0,27.0,125.0,7.105,4.32,True,3,78,75.0,2,-0.7288900120473563,0.7234552193823325,-1.4577123562846288,0.5377455626567977,1.042159909270736,1.0135124665830995,-0.05202852709570183,-0.03292024903374371
2018,Josey Jewell,ILB,Iowa,6-1,234.0,4.82,33.0,18.0,117.0,6.8,4.27,True,4,106,73.0,0,-1.2019285638459059,-0.18296202833869626,0.5591106832481433,-0.11942280356084735,-1.021350480209652,0.13648958880062972,-1.8266919366773282,-0.2716877349483981
2018,Danny Johnson,CB,Southern,5-10,185.0,4.44,35.0,15.0,123.0,6.92,4.16,False,0,0,70.0,2,-0.9691503297342149,-0.8804374131664883,-0.6255493227617877,-0.29545403099240036,0.1862688448676012,0.053324025646130604,0.03552960103862786,-0.06869851288760483
2018,Kerryon Johnson,RB,Auburn,5-11,213.0,4.57,40.0,11.0,126.0,7.07,4.29,True,2,43,71.0,1,0.0010021349856079611,0.43573769960030895,0.04372567515240514,1.7156363611723602,-1.8148039281130937,1.3002630185037205,0.04887238355426378,0.0022395480078713087
2018,Taron Johnson,CB,Weber State,6-0,180.0,4.5,33.0,17.0,118.0,7.03,4.28,True,4,121,72.0,0,-1.546066165328023,0.36731036733780453,0.042845844024780116,-1.027054488687869,0.7198185869459847,-0.8301818894711352,0.67368929505609,0.898805543612862
2018,Jamarco Jones,OT,Ohio State,6-4,299.0,5.5,24.0,24.0,102.0,8.32,4.99,True,5,168,76.0,1,-1.3357254189228978,-1.44174580589311,1.5786580545653455,-1.316374940647713,0.0010652833053096855,-0.32417936671084807,1.7912335873358713,1.1706034416771849
2018,Justin Jones,DT,North Carolina State,6-2,309.0,5.09,29.0,24.0,104.0,7.82,4.74,True,3,84,74.0,0,0.08963019105841341,-0.659359892681932,-0.08748276971017069,-0.014336594807933516,-0.6772567550007298,-0.14448833730064797,0.6200308682050196,0.5106904004734463
2018,Sam Jones,OG,Arizona State,6-5,305.0,5.32,27.0,28.0,101.0,7.92,4.86,True,6,183,77.0,0,-0.8567835736828006,0.7139330188826921,0.2803040799560502,0.0029384981327085333,0.437814997954052,-0.07978510995458227,0.28938908204674907,0.3516543738677786
2018,Jaryd Jones-Smith,OT,Pittsburgh,6-6,317.0,5.22,27.0,16.0,109.0,8.1,4.94,False,0,0,78.0,0,0.3344468399958206,0.3164807866594626,0.010207377422676696,-0.3505563700637931,-1.9164446662518242,0.7307431592593727,1.0171955028912982,0.909463471047237
2018,Michael Joseph,CB,Dubuque,6-1,181.0,4.5,34.0,17.0,122.0,6.89,4.2,False,0,0,73.0,2,-1.4306829982092613,0.991184257589951,0.042845844024780116,-0.6612542598401346,0.7198185869459847,-0.12337715737732258,-0.1385139518752264,0.2538028392792175
2018,Peter Kalambayi,EDGE,Stanford,6-3,252.0,4.57,34.0,19.0,121.0,7.13,4.36,True,6,214,75.0,0,-0.017211097735980885,-0.4526520888962762,-0.7834176357410422,0.09786173054863959,-1.0717748705659491,0.34393212701137377,-0.08615991387842567,-0.09353189303583753
2018,Joshua Kalu,S,Nebraska,6-1,195.0,4.58,41.5,17.0,134.0,6.975,4.21,False,0,0,73.0,2,-1.2829075882540633,0.5108267420072936,0.21466735631649933,2.1702019116418367,0.04497692172552077,2.123291091761579,0.04632965387590674,-0.06520868639088993
2018,John Kelly,RB,Tennessee,5-10,216.0,4.57,35.0,15.0,120.0,7.13,4.51,True,6,176,70.0,1,0.2279857092258176,-0.10357699416728292,0.04372567515240514,0.1223947219532567,-0.9107696414489216,0.2039035073223605,0.4148094042167888,1.6555236551502508
2018,Kameron Kelly,S,San Diego State,6-2,200.0,4.66,33.0,9.0,120.0,6.94,4.28,False,0,0,74.0,0,-0.719049011158528,1.1545274920511621,0.9962537225293974,-0.8086011567080311,-2.019227064835221,-0.24609991813104948,-0.1568285409937253,0.5490410385011016
2018,Arden Key,EDGE,LSU,6-6,238.0,4.67,31.0,23.0,117.0,7.16,4.25,True,3,87,78.0,2,-1.6737792548240293,1.681279187329013,-0.07004064955300815,-0.8382069964383508,0.09550469143656996,-0.35024280824093945,0.12923987081763214,-1.161207275803466
2018,Christian Kirk,WR,Texas A&M,5-10,201.0,4.47,35.5,20.0,115.0,7.09,4.45,True,2,47,70.0,0,-0.09667602684031491,-1.196509877804561,-0.39462803498523796,0.043277690358489204,1.5356956970062727,-1.1243788000011872,0.6361173010380204,1.3725680092596075
2018,Micah Kiser,ILB,Virginia,6-2,238.0,4.66,35.5,22.0,121.0,7.05,4.24,True,5,147,74.0,1,-0.4829501480105896,0.5415676038825611,-0.7746714285968265,0.7762482231455013,0.07771144958116945,0.9554271216044024,-0.35738334282734885,-0.49834857000365507
2018,Chris Lacy,WR,Oklahoma State,6-3,205.0,4.51,33.5,11.0,120.0,6.96,4.25,False,0,0,75.0,2,0.1724491289583987,0.9979437798498162,0.02484242531899031,-0.6074671427691488,-0.8682048621372848,-0.25414272846434943,-0.029945465688526695,-0.03554458988122652
2018,Harold Landry,EDGE,Boston Col.,6-3,252.0,4.64,36.0,24.0,119.0,6.88,4.19,True,2,41,75.0,0,-0.017211097735980885,-0.4526520888962762,-0.28405374540942085,0.7219075485399665,0.3873245819371997,-0.0031553406147828383,-1.8811581196788925,-1.7435756664039852
2018,Jordan Lasley,WR,UCLA,6-1,203.0,4.5,34.5,8.0,112.0,6.96,4.19,True,5,162,73.0,1,0.037886551059041894,0.1201623167880653,-0.08002518975706442,-0.2820947262053298,-1.6695050485184706,-1.64652044292329,-0.029945465688526695,-0.4579783696234736
2018,Kyle Lauletta,QB,Richmond,6-3,222.0,4.81,31.0,16.0,113.0,6.95,4.07,True,4,108,75.0,1,0.004819504022542122,0.09224785797656607,0.021833065372239627,-0.1530754442156226,-0.061313606531362225,0.05647769709906435,-0.7374446864956359,-1.7727612261248988
2018,Allen Lazard,WR,Iowa State,6-5,227.0,4.55,38.0,17.0,122.0,6.96,4.25,False,0,0,77.0,2,1.6526374858513235,1.875725242911567,0.4443128856232186,0.8567087317680367,0.7343955106250869,0.09395170015038568,-0.029945465688526695,-0.03554458988122652
2018,Tanner Lee,QB,Nebraska,6-4,218.0,4.98,32.0,16.0,115.0,7.0,4.41,True,6,203,76.0,1,-0.3743148124173663,0.6753861030427393,1.0814410283573914,0.19428806381213592,-0.061313606531362225,0.3640639243770481,-0.4806014958035316,0.5190705802810403
2018,Chase Litton,QB,Marshall,6-5,230.0,4.9,29.5,16.0,106.0,7.49,4.53,False,0,0,77.0,1,0.763088136902359,1.2585243481089123,0.5828019869526161,-0.6741207062572604,-0.061313606531362225,-1.0200740983738787,2.0364617729791,1.327952394306667
2018,James Looney,DE,California,6-3,287.0,4.89,35.5,28.0,113.0,7.32,4.37,True,7,232,75.0,0,1.3236896073319957,-0.5934246812855645,0.4972024035030766,0.8734444918821264,0.9722548716436459,-0.4054672601187948,0.3140865438178768,-0.4296540891622209
2018,Avonte Maddox,CB,Pittsburgh,5-9,180.0,4.39,37.0,13.0,125.0,6.51,4.0,True,4,125,69.0,0,-1.546066165328023,-1.5043113034186348,-1.182545295083939,0.4361464267030682,-0.34728089721078226,0.406726391693037,-2.3430656221173614,-1.358703921554894
2018,Cole Madison,OL,Washington State,6-5,308.0,5.33,28.5,26.0,97.0,7.86,4.88,True,5,138,77.0,0,-0.049315005279804924,0.4752145278941075,0.701982329314277,-0.07493317795802461,0.09799278566799677,-1.3030758927942128,0.24070330182001612,0.6453692299435149
2018,K.J. Malone,OG,LSU,6-4,303.0,5.34,29.5,15.0,103.0,7.83,4.79,False,0,0,76.0,2,-1.032614082428876,-0.12394670466714025,0.3898333042625734,0.8306154721789101,-2.4507121807398002,0.21655958416244056,-0.027045708602499857,-0.00697245741289477
2018,Hercules Mata'afa,EDGE,Washington State,6-1,254.0,4.76,31.5,26.0,108.0,7.24,4.37,False,0,0,73.0,0,0.21944149613374034,-1.8752729397131356,0.5719986380162237,-0.6821955419405191,0.9709643629384592,-1.9121364125586442,0.703639296673782,0.0035295053975808893
2018,Baker Mayfield,QB,Oklahoma,6-1,215.0,4.84,29.0,16.0,111.0,7.0,4.28,True,1,1,73.0,1,-0.6586655497472976,-1.0740286321557804,0.20882270589903176,-0.8478024602711397,-0.061313606531362225,-0.25110853017891943,-0.4806014958035316,-0.35721805158005376
2018,Ray-ray McCloud,WR,Clemson,5-9,190.0,4.53,34.5,13.0,113.0,6.96,4.25,True,6,187,69.0,2,-0.8367702052867774,-1.6354006093354365,0.2345776554711091,-0.2820947262053298,-0.33400473788316093,-1.4724732286159223,-0.029945465688526695,-0.03554458988122652
2018,Mike McCray,ILB,Michigan,6-4,243.0,4.76,31.5,16.0,119.0,7.09,4.25,False,0,0,76.0,0,0.41577287178355565,1.9906268683250758,0.05894239130627593,-0.6568254195846566,-1.5708814451050626,0.545958355202516,-0.12229396781135195,-0.4227949583185694
2018,Kc McDermott,OG,Miami (FL),6-6,311.0,5.35,23.5,26.0,97.0,7.72,4.82,False,0,0,78.0,0,-0.3292920474445738,1.5518127424325245,0.444597916415835,-1.1558092655319736,-0.006573798768079143,-0.6724744981886279,-0.41379934161825027,0.14672475599310875
2018,Kahlil McKenzie,DT,Tennessee,6-5,314.0,5.15,29.5,26.0,105.0,7.94,4.68,True,6,198,77.0,0,0.40516504733548636,1.4512715163669354,0.24890608471718975,0.15053424548329783,-0.26972144021831396,0.018061042162581573,1.07475678394794,0.1540542028979471
2018,Quenton Meeks,DB,Stanford,6-2,205.0,4.515,39.0,11.0,128.0,6.72,4.23,False,0,0,74.0,1,0.8650224106362309,1.40634464030324,-0.17439931780972767,0.8393752449706271,-0.9094735457652788,0.728204467591248,-1.8006395137091695,-0.5954120930984317
2018,Kolton Miller,OT,UCLA,6-9,309.0,4.95,31.5,24.0,121.0,7.34,4.49,True,1,15,81.0,0,-0.407851941745832,2.9538206754883216,-1.5022272041077502,1.098171485812087,0.0010652833053096855,2.5391817752083226,-1.6567542433717644,-1.4407962646223034
2018,Steven Mitchell,WR,USC,5-10,189.0,4.56,32.5,13.0,121.0,6.75,4.4,False,0,0,70.0,0,-0.9040514942364557,-1.196509877804561,0.5491805006992733,-0.9328395593329678,-0.33400473788316093,-0.08009551415698189,-1.1058930119391035,1.0205398594744006
2018,Jmon Moore,WR,Missouri,6-3,207.0,4.6,38.0,21.0,120.0,6.56,4.04,False,0,0,75.0,0,0.3070117068577555,0.9979437798498162,0.9686509610035016,0.8567087317680367,1.8027957591333346,-0.25414272846434943,-2.0793693633086754,-1.5140628189791008
2018,D.J. Moore,WR,Maryland,6-0,210.0,4.42,39.5,15.0,132.0,6.95,4.07,True,1,24,72.0,0,0.5088555737067907,-0.3187284147428101,-0.918966110365521,1.3447673566137652,0.20019538637096299,1.8344238432240614,-0.08118106312902927,-1.3028459291079741
2018,Ryan Nall,RB,Oregon State,6-2,232.0,4.58,33.0,15.0,122.0,6.95,4.16,False,0,0,74.0,0,1.438564771840269,2.0536817809030845,0.13872678231805277,-0.5149019337343848,-0.9107696414489216,0.5693566777161472,-0.6830016577707917,-0.9747010607580805
2018,Siran Neal,S,Jacksonville State,6-0,199.0,4.56,40.5,17.0,122.0,7.0,4.28,True,5,154,72.0,0,-0.8318207265776351,-0.13287400803657493,0.01927076476327049,1.81975449183597,0.04497692172552077,0.09238451185361173,0.19144265021136336,0.5490410385011016
2018,Quenton Nelson,OG,Notre Dame,6-5,325.0,5.26,26.5,35.0,105.0,7.65,4.62,True,1,6,77.0,1,0.9015215137779553,0.7139330188826921,-0.04828359296352899,-0.1625968966765318,1.993175786481511,0.5129042782794634,-0.6599152899009977,-0.8779233333802404
2018,Derrick Nnadi,DT,Florida State,6-1,317.0,5.38,27.0,25.0,96.0,8.15,5.02,True,3,75,73.0,0,0.5944859611017301,-1.362903695698221,1.5383966933553914,-0.6738199559728588,-0.4734890976095219,-1.4448833730064843,1.8705271364980496,2.174992655825758
2018,Joseph Noteboom,OT,TCU,6-5,309.0,4.96,24.0,27.0,102.0,7.65,4.44,True,3,89,77.0,0,-0.407851941745832,-0.5626325096168238,-1.4462111084955134,-1.316374940647713,0.720131514389235,-0.32417936671084807,-0.5660642152907762,-1.7019362352522514
2018,Uchenna Nwosu,EDGE,USC,6-3,251.0,4.65,32.0,20.0,119.0,7.14,4.37,True,2,48,75.0,2,-0.1355373946708415,-0.4526520888962762,-0.2127160467906124,-0.5261840874426874,-0.7799549800653193,-0.0031553406147828383,-0.01435998564640853,0.0035295053975808893
2018,Dorian O'daniel,OLB,Clemson,6-1,223.0,4.61,32.0,21.0,119.0,6.64,4.07,True,3,100,73.0,0,-2.0447313586164864,-0.6598547605355265,-0.6786073904342061,-0.705679392855266,-0.3281359915839852,0.07464200064454121,-2.315269455758634,-1.9680970503420732
2018,Brian O'neill,OT,Pittsburgh,6-7,297.0,4.82,29.5,22.0,107.0,7.14,4.5,True,2,62,79.0,0,-1.521300114358311,1.195594082935749,-2.2304364470668454,0.4542924387561402,-0.4783122040839738,0.4293367232678811,-2.360425229230466,-1.3885682704963147
2018,Chukwuma Okorafor,OT,West. Michigan,6-6,320.0,5.31,23.5,19.0,102.0,7.87,4.8,True,3,92,78.0,0,0.6128088831489403,0.3164807866594626,0.514352237932819,-1.4773447024116997,-1.197378435167899,-0.32417936671084807,0.20797386915379382,0.17827155328337732
2018,Ogbonnia Okoronkwo,EDGE,Oklahoma,6-1,253.0,4.77,38.0,27.0,121.0,7.14,4.37,True,5,160,73.0,2,0.10111519919887972,-1.8752729397131356,0.6433363366350259,1.3459533665312935,1.262784253439089,0.34393212701137377,-0.01435998564640853,0.0035295053975808893
2018,Brandon Parker,OT,North Carolina A&T,6-8,305.0,5.4,28.5,24.0,113.0,7.82,4.68,True,3,65,80.0,1,-0.7790013326166583,2.074707379212035,1.0184970984429662,0.13235291522816692,0.0010652833053096855,1.333556031242356,0.03205612268911923,-0.44846437622850044
2018,Daron Payne,DT,Alabama,6-2,311.0,4.95,28.5,27.0,107.0,7.58,4.71,True,1,13,74.0,0,0.2158441335692426,-0.659359892681932,-0.8723900967073368,-0.17920743509916484,-0.06595378282710605,0.34315980108904065,-0.2894209632808208,0.3323723016856967
2018,Rashaad Penny,RB,San Diego State,5-11,220.0,4.46,32.5,13.0,120.0,7.07,4.28,True,1,27,71.0,2,0.5306304748794304,0.43573769960030895,-1.001286503669744,-0.6742260976562952,-1.3627867847810076,0.2039035073223605,0.04887238355426378,-0.07290972958950806
2018,Kamryn Pettway,RB,Auburn,6-0,233.0,4.74,33.5,22.0,116.0,7.07,4.28,False,0,0,72.0,2,1.514225963253672,0.9750523933679008,1.6587444969684484,-0.3555777698124744,0.6712903602133796,-0.5270028334652128,0.04887238355426378,-0.07290972958950806
2018,Skyler Phillips,OG,Idaho State,6-3,318.0,5.1,29.0,26.0,104.0,7.95,4.69,False,0,0,75.0,1,0.2861147331666908,-0.9618264282169726,-0.9245173874157339,0.6650800773696698,-0.006573798768079143,0.364731931220952,0.3948673455964998,-0.5192965020995671
2018,Harrison Phillips,DT,Stanford,6-4,307.0,5.21,32.0,42.0,103.0,7.28,4.5,True,3,96,76.0,0,-0.03658375145241576,0.7477277133506463,0.5852949391445452,0.9748884469394545,2.990561078041013,-0.30703771676387753,-1.4262357526381197,-0.91585438982854
2018,Byron Pringle,WR,Kansas State,6-1,203.0,4.46,33.5,15.0,120.0,6.87,4.4,False,0,0,73.0,0,0.037886551059041894,0.1201623167880653,-0.4994956500612927,-0.6074671427691488,0.20019538637096299,-0.25414272846434943,-0.491065842653059,1.0205398594744006
2018,Scott Quessenberry,C,UCLA,6-4,310.0,5.09,33.5,25.0,111.0,7.5,4.69,True,5,155,76.0,0,0.8468402547933228,0.46666271157950695,-1.034202111491233,2.371215187673274,-0.23820772402180496,1.4451278319333454,-0.809304927698626,0.08713663147945667
2018,Trey Quinn,WR,SMU,5-11,203.0,4.55,33.5,17.0,116.0,6.91,4.19,True,7,256,71.0,0,0.037886551059041894,-0.7576191462736855,0.4443128856232186,-0.6074671427691488,0.7343955106250869,-0.9503315856938197,-0.2861234528910441,-0.4579783696234736
2018,Justin Reid,S,Stanford,6-1,204.0,4.4,36.5,16.0,128.0,6.65,4.15,True,3,68,73.0,0,-0.2679621494820998,0.5108267420072936,-1.543901967662517,0.4179648126125028,-0.213048576594572,1.1078378018075954,-1.8401392984849985,-0.59170845058402
2018,Demario Richard,RB,Arizona State,5-9,218.0,4.7,29.5,12.0,115.0,7.07,4.28,False,0,0,69.0,2,0.379308092052624,-0.6428916879348747,1.2787400683058496,-1.6301710811877572,-1.5887953564470507,-0.7097294186621063,0.04887238355426378,-0.07290972958950806
2018,Will Richardson,OT,North Carolina State,6-6,306.0,5.26,31.5,24.0,108.0,7.8,4.83,True,4,129,78.0,1,-0.6862139848989518,0.3164807866594626,0.2342717598716294,1.098171485812087,0.0010652833053096855,0.5800399412636269,-0.03831097589675248,0.33495553566134795
2018,Calvin Ridley,WR,Alabama,6-0,189.0,4.43,31.0,15.0,110.0,6.88,4.41,True,1,26,72.0,0,-0.9040514942364557,-0.3187284147428101,-0.8140984952894662,-1.4208981841786963,0.20019538637096299,-1.994614871538025,-0.4398302452125564,1.0909454894314408
2018,Korey Robertson,WR,Southern Miss,6-1,212.0,4.56,34.0,13.0,123.0,6.96,4.25,False,0,0,73.0,2,0.6434181516061475,0.1201623167880653,0.5491805006992733,-0.4447809344872393,-0.33400473788316093,0.26799891445775326,-0.029945465688526695,-0.03554458988122652
2018,Josh Rosen,QB,UCLA,6-4,226.0,4.92,31.0,16.0,111.0,7.09,4.28,True,1,10,76.0,1,0.3839538204624506,0.6753861030427393,0.7074617473038072,-0.1530754442156226,-0.061313606531362225,-0.25110853017891943,-0.018283752557743074,-0.35721805158005376
2018,Olubunmi Rotimi,DE,Old Dominion,6-4,273.0,4.825,32.0,21.0,113.0,7.46,4.7,False,0,0,76.0,1,0.35193750034202353,0.08526216685136973,0.047931492618531656,-0.27439341112900656,-0.5641615052135275,-0.4054672601187948,0.9500204908212248,1.6450065016674145
2018,Christian Sam,ILB,Arizona State,6-2,244.0,4.75,32.0,28.0,114.0,7.03,4.25,True,6,178,74.0,0,0.5955174757423848,0.5415676038825611,-0.02441899068403283,-0.47769121424338684,1.7263043442674015,-0.47771356080219973,-0.4749280303353447,-0.4227949583185694
2018,Jaylen Samuels,TE,North Carolina State,5-11,225.0,4.54,34.5,18.0,121.0,6.93,4.28,True,5,165,71.0,0,-2.997917013222881,-3.5411016193292477,-1.3600645086175882,0.3553019241267596,-0.5145904323811267,0.6840465873909862,-1.1522527071241746,-0.7502581405052471
2018,Bo Scarbrough,RB,Alabama,6-1,228.0,4.52,40.0,14.0,129.0,7.07,4.34,True,7,236,73.0,1,1.1359200061866561,1.5143670871354926,-0.43127986067584984,1.7156363611723602,-1.1367782131149646,1.8484427740944007,0.04887238355426378,0.3779859359947748
2018,Dalton Schultz,TE,Stanford,6-5,244.0,4.75,32.0,15.0,120.0,7.0,4.4,True,4,137,77.0,0,-0.8042220938526181,0.5303852645691367,0.0750136647837036,-0.45815248111082363,-1.375539809634166,0.5117975190754556,-0.7970404071299324,0.0988144867982589
2018,Jaleel Scott,WR,New Mexico State,6-5,218.0,4.56,34.5,16.0,124.0,7.2,4.4,True,4,132,77.0,0,1.0471058853042179,1.875725242911567,0.5491805006992733,-0.2820947262053298,0.46729544849802496,0.4420461287651208,1.1997088728835625,1.0205398594744006
2018,Jk Scott,P,Alabama,6-6,208.0,4.83,30.5,23.0,114.0,7.28,4.41,True,5,172,78.0,1,-0.6578994806384518,1.578615063383506,0.25145067861017656,-0.435194139889244,0.32519680361730263,0.06766649524509491,1.5811388300841895,-0.026775897118032296
2018,Deadrin Senat,DT,South Florida,6-0,314.0,5.16,26.0,35.0,100.0,7.77,4.79,True,3,90,72.0,0,0.40516504733548636,-2.0664474987145103,0.30497089378841485,-1.0035616365553215,1.5641874763025574,-0.7946858551535662,0.43056173664546704,0.8078872317863588
2018,Greg Senat,OT,Wagner,6-6,302.0,5.38,26.0,19.0,106.0,7.41,4.71,True,6,212,78.0,0,-1.057363375769778,0.3164807866594626,0.9064649072184875,-0.6724958935917664,-1.197378435167899,0.27863350527213526,-1.410469398321218,-0.29178039385052984
2018,Tim Settle,DT,Virginia Tech,6-3,329.0,5.37,23.5,27.0,96.0,7.95,4.83,True,5,163,75.0,1,1.3517696161667052,0.04418391033435714,1.4823318842841664,-1.8279158380114782,-0.06595378282710605,-1.4448833730064843,1.112650610259849,1.04564469683669
2018,Coleman Shelton,C,Washington,6-3,292.0,5.24,26.5,25.5,110.0,7.62,4.59,False,0,0,75.0,1,-2.029220987900975,-0.39297912554063485,-0.00587614836074585,-0.33086723548929425,-0.10793787494738041,1.2830141328382585,-0.3308980738866306,-0.528980964839914
2018,Nathan Shepherd,DT,Fort Hays State,6-5,315.0,5.09,31.0,27.0,112.0,7.5,4.53,True,3,72,77.0,1,0.46827201859090095,1.4512715163669354,-0.08748276971017069,0.6451467663569919,-0.06595378282710605,1.1559066984051884,-0.5925715737761009,-0.7375362910407903
2018,Nic Shimonek,QB,Texas Tech,6-3,220.0,4.88,28.5,16.0,101.0,7.28,4.32,False,0,0,75.0,1,-0.1847476541974121,0.09224785797656607,0.45814222660141946,-1.021484214285019,-0.061313606531362225,-1.7890396665688382,0.9577203720722585,-0.0875907802381782
2018,Trequan Smith,WR,Central Florida,6-2,203.0,4.49,37.5,12.0,130.0,6.97,4.5,False,0,0,74.0,0,0.037886551059041894,0.5590530483189408,-0.18489280483311918,0.6940225234861273,-0.6011048000102228,1.4863294146093262,0.02129013175197588,1.7245961590448147
2018,Braden Smith,OG,Auburn,6-6,315.0,5.22,33.5,35.0,113.0,7.83,4.77,True,2,37,78.0,1,0.022368970047577368,1.5518127424325245,-0.2673420415765802,2.154898630652833,1.993175786481511,1.6982830547475547,-0.027045708602499857,-0.10943726635023196
2018,Durham Smythe,TE,Notre Dame,6-5,253.0,4.81,31.0,18.0,110.0,7.17,4.23,True,4,123,77.0,0,0.2348965521648748,0.5303852645691367,0.48503600004121294,-0.783534243205857,-0.5145904323811267,-1.2106931640798504,0.06561803571322321,-1.1040384018817064
2018,Breeland Speaks,DT,Mississippi,6-3,283.0,4.87,32.5,27.0,110.0,7.63,4.65,True,2,46,75.0,1,-1.5511510615823658,0.04418391033435714,-1.3209085692771474,1.1397592872306859,-0.06595378282710605,0.8308079394787293,-0.09995183172127155,-0.024263895889797226
2018,Taylor Stallworth,DT,South Carolina,6-2,312.0,5.28,23.5,18.0,101.0,7.95,4.75,False,0,0,74.0,0,0.2789511048246572,-0.659359892681932,0.9777486026431308,-1.8279158380114782,-1.8998626993479772,-0.6321364756903366,1.112650610259849,0.5701297667360278
2018,M.J. Stewart,CB,North Carolina,5-11,200.0,4.54,35.0,18.0,118.0,6.9,4.28,True,2,53,71.0,0,0.7615971770472094,-0.25656352291434187,0.48844262188249526,-0.29545403099240036,0.9865934579851764,-0.8301818894711352,-0.08049943423727153,0.898805543612862
2018,Greg Stroman,CB,Virginia Tech,6-0,180.0,4.48,33.5,16.0,113.0,6.92,4.45,True,7,241,72.0,1,-1.546066165328023,0.36731036733780453,-0.17995254490407253,-0.8441543742640018,0.45304371590679293,-1.7136878045884012,0.03552960103862786,2.2694362903218552
2018,Chandon Sullivan,CB,Georgia State,5-11,195.0,4.6,40.5,15.0,134.0,6.92,4.36,False,0,0,71.0,1,0.18468134145340132,-0.25656352291434187,1.156837788669063,1.7164472276701381,0.1862688448676012,1.9970370389041157,0.03552960103862786,1.5438082479465067
2018,Courtland Sutton,WR,SMU,6-3,218.0,4.54,35.5,18.0,124.0,6.57,4.11,True,2,40,75.0,0,1.0471058853042179,0.9979437798498162,0.33944527054716384,0.043277690358489204,1.0014955727521488,0.4420461287651208,-2.0281337658681684,-1.0212234092798074
2018,Josh Sweat,EDGE,Florida State,6-4,251.0,4.53,39.5,23.0,124.0,7.14,4.28,True,4,130,76.0,2,-0.1355373946708415,0.2586583365121535,-1.068768430216257,1.8139877300247889,0.09550469143656996,0.8645633284506087,-0.01435998564640853,-0.8700230805032021
2018,Wyatt Teller,OG,Virginia Tech,6-4,314.0,5.24,29.0,30.0,114.0,7.45,4.84,True,5,166,76.0,0,-0.06554628432546043,-0.12394670466714025,-0.15781281727005217,0.6650800773696698,0.8822037946761832,1.8464554018060662,-1.3631037135659971,0.2491895649304414
2018,Jordan Thomas,CB,Oklahoma,6-0,186.0,4.64,38.0,4.0,124.0,6.28,3.94,False,0,0,72.0,0,-0.8537671626154533,0.36731036733780453,1.6024345665267783,0.8019466555508025,-2.7482547365635077,0.23002520866958379,-3.67739952779023,-1.8424559498051274
2018,Ian Thomas,TE,Indiana,6-4,259.0,4.74,36.0,19.0,123.0,7.15,4.2,True,4,101,76.0,1,0.9276423161765367,-0.14819588274726075,0.0066766089074530455,0.8433745672693095,-0.22760730663011358,1.0285447240220473,-0.03587119285655769,-1.3163065587075844
2018,Jordan Thomas,TE,Mississippi State,6-5,265.0,4.74,27.0,16.0,111.0,7.5,4.75,True,6,211,77.0,0,1.6203880801881987,0.5303852645691367,0.0066766089074530455,-2.08506129158599,-1.0885566838831529,-1.03844409576432,1.740190307114644,2.57527631643348
2018,Matthew Thomas,OLB,Florida State,6-3,232.0,4.58,41.5,22.0,131.0,6.85,4.28,False,0,0,75.0,1,-1.1337642725301655,0.7234552193823325,-0.9383090457176804,2.2474548764858855,-0.09975334144153167,1.9523829325216577,-1.2931606492656988,-0.3425485372430767
2018,Roc Thomas,RB,Jacksonville State,5-10,198.0,4.56,35.5,16.0,125.0,7.07,4.28,False,0,0,70.0,2,-1.1339157362154402,-0.10357699416728292,-0.05127543201325092,0.281718885875167,-0.6847610697828785,1.1175364333068272,0.04887238355426378,-0.07290972958950806
2018,Trenton Thompson,DT,Georgia,6-4,288.0,5.06,32.5,27.0,111.0,7.68,4.56,False,0,0,76.0,1,-1.235616205305293,0.7477277133506463,-0.25567719692385094,1.1397592872306859,-0.06595378282710605,0.9933573189419589,0.08951729983827772,-0.559218192253046
2018,Henre Toliver,CB,Arkansas,6-1,185.0,4.63,32.5,6.0,117.0,7.01,4.15,False,0,0,73.0,0,-0.9691503297342149,0.991184257589951,1.491035372062352,-1.209954603111736,-2.2147049944851243,-1.0068830724945885,0.5576602597801854,-0.1493238509293086
2018,Salesi Uhatafe,OG,Utah,6-5,310.0,5.4,28.0,26.0,109.0,7.7,4.9,False,0,0,77.0,1,-0.4172073018176116,0.7139330188826921,0.7184209771821527,0.33400928775118915,-0.006573798768079143,1.105593666513509,-0.48411818398474865,0.5565839917424484
2018,Marquez Valdes-Scantling,WR,South Florida,6-4,206.0,4.37,30.5,15.0,124.0,6.96,4.25,True,5,174,76.0,2,0.2397304179080771,1.4368345113806915,-1.443304185745804,-1.583584392460606,0.20019538637096299,0.4420461287651208,-0.029945465688526695,-0.03554458988122652
2018,Azeem Victor,ILB,Washington,6-1,240.0,4.72,32.5,19.0,115.0,7.2,4.4,True,6,216,73.0,0,-0.12346094009293149,-0.18296202833869626,-0.2745031366549665,-0.2985570089021171,-0.7465849977619465,-0.27297917760125656,0.5242018134826408,0.7105092169577424
2018,Dmontre Wade,CB,Murray State,6-0,200.0,4.57,35.5,15.0,120.0,6.92,4.4,False,0,0,72.0,1,0.7615971770472094,0.36731036733780453,0.8226402052757842,-0.11255391656853322,0.1862688448676012,-0.4767795234242289,0.03552960103862786,1.866309600113329
2018,Trey Walker,S,Louisiana-Lafayette,6-2,200.0,4.51,33.0,14.0,119.0,7.0,4.28,False,0,0,74.0,0,-0.719049011158528,1.1545274920511621,-0.4692207141197886,-0.8086011567080311,-0.7290995732347575,-0.4153421331233801,0.19144265021136336,0.5490410385011016
2018,Mark Walton,RB,Miami (FL),5-10,202.0,4.6,31.5,18.0,118.0,7.07,4.28,True,4,112,70.0,2,-0.8312709705618273,-0.10357699416728292,0.328728996649348,-0.9928744255001158,-0.23274392645079248,-0.16154966307142618,0.04887238355426378,-0.07290972958950806
2018,Denzel Ward,CB,Ohio State,5-10,183.0,4.32,39.0,16.0,136.0,6.92,4.16,True,1,4,70.0,2,-1.199916663971738,-0.8804374131664883,-1.9623396563349331,1.1677468843985368,0.45304371590679293,2.3504394049510218,0.03552960103862786,-0.06869851288760483
2018,Fred Warner,OLB,BYU,6-3,236.0,4.64,38.5,21.0,119.0,6.9,4.28,True,3,70,75.0,0,-0.7288900120473563,0.7234552193823325,-0.41890573515073964,1.3148861598518375,-0.3281359915839852,0.07464200064454121,-1.0498014096245203,-0.3425485372430767
2018,Chris Warren,RB,Texas,6-2,247.0,4.69,33.0,25.0,121.0,6.98,4.18,False,0,0,74.0,0,2.573482643041317,2.0536817809030845,1.1837389611402018,-0.5149019337343848,1.3493160752115088,0.38663009251925384,-0.5000331474395264,-0.8244025055633217
2018,James Washington,WR,Oklahoma State,5-11,213.0,4.54,34.5,14.0,120.0,7.11,4.32,True,2,60,71.0,0,0.7106994405558259,-0.7576191462736855,0.33944527054716384,-0.2820947262053298,-0.06690467575609896,-0.25414272846434943,0.7385884959190302,0.45729481981806697
2018,Armani Watts,S,Texas A&M,5-11,205.0,4.56,35.0,13.0,120.0,7.25,4.37,True,4,124,71.0,1,-0.1551904340629927,-0.7765747580804434,0.01927076476327049,-0.10770631709629744,-0.9871250715548503,-0.24609991813104948,1.642572613565909,1.3387906847908007
2018,Jester Weah,WR,Pittsburgh,6-2,211.0,4.43,38.0,15.0,129.0,7.24,4.41,False,0,0,74.0,0,0.5761368626564691,0.5590530483189408,-0.8140984952894662,0.8567087317680367,0.20019538637096299,1.3122822003019585,1.4046512626455774,1.0909454894314408
2018,Toby Weathersby,OT,LSU,6-4,317.0,5.34,24.5,28.0,106.0,8.55,5.38,False,0,0,76.0,0,0.3344468399958206,-1.44174580589311,0.6824005247695348,-1.1554051788837265,0.9598202580838767,0.27863350527213526,2.600455221073379,3.2074952125907843
2018,David Wells,TE,San Diego State,6-6,256.0,4.75,33.0,20.0,116.0,7.5,4.59,False,0,0,78.0,0,0.5812694341707058,1.208966411885534,0.0750136647837036,-0.13277071901579035,0.05937581912089951,-0.17719875418666686,1.740190307114644,1.4431794800288054
2018,Sean Welsh,C,Iowa,6-3,306.0,5.43,25.0,20.0,103.0,7.9,4.81,False,0,0,75.0,0,0.20771553419459,-0.39297912554063485,1.2966700716045314,-0.9098848975955589,-1.5409062147660504,0.14821823917265034,0.7853845850080254,0.8264777470626926
2018,Karaun White,WR,West Virginia,6-1,206.0,4.52,33.5,24.0,118.0,7.16,4.57,False,0,0,73.0,0,0.2397304179080771,0.1201623167880653,0.12971004039504505,-0.6074671427691488,2.6040959455145205,-0.6022371570790845,0.9947664831215476,2.217435568744108
2018,Mike White,QB,Western Kentucky,6-5,224.0,5.09,27.0,16.0,96.0,7.4,4.4,True,5,171,77.0,1,0.19438666224249634,1.2585243481089123,1.7670697102889534,-1.5425294763266568,-0.061313606531362225,-2.558005234763798,1.5741440297333114,0.4516637624455729
2018,Jojo Wicker,DE,Arizona State,6-3,296.0,5.16,30.0,25.0,105.0,7.24,4.43,False,0,0,75.0,2,1.9483873903969777,-0.5934246812855645,2.363404648715819,-0.9303007842782254,0.31379071013342874,-1.714805755269145,-0.049304283041180265,-0.05244307264774429
2018,Jake Wieneke,WR,South Dakota State,6-4,221.0,4.67,34.0,9.0,114.0,7.24,4.37,False,0,0,76.0,0,1.248949752153253,1.4368345113806915,1.7027242665359035,-0.4447809344872393,-1.4024049863914088,-1.2984260143085549,1.4046512626455774,0.809322969603274
2018,Jordan Wilkins,RB,Mississippi,6-1,216.0,4.57,36.0,16.0,117.0,7.07,4.27,True,5,169,73.0,2,0.2279857092258176,1.5143670871354926,0.04372567515240514,0.4410430497970774,-0.6847610697828785,-0.34427624826831954,0.04887238355426378,-0.1480590071868941
2018,Connor Williams,OT,Texas,6-5,296.0,5.05,34.0,26.0,112.0,7.83,4.63,True,2,50,77.0,0,-1.6140874620760175,-0.5626325096168238,-0.942066247985371,1.9030202946320203,0.4804427706945932,1.1828528132466103,0.06723967198205352,-0.7096043468584483
2018,Darrel Williams,RB,LSU,6-0,225.0,4.72,32.0,22.0,109.0,7.07,4.21,False,0,0,72.0,1,0.9089364319464465,0.9750523933679008,1.4687422826371448,-0.8335502615782054,0.6712903602133796,-1.8060889298434664,0.04887238355426378,-0.598954672771177
2018,Cedrick Wilson,WR,Boise State,6-2,197.0,4.55,37.0,9.0,121.0,6.89,4.23,True,6,208,74.0,0,-0.3658011826390285,0.5590530483189408,0.4443128856232186,0.5313363152042178,-1.4024049863914088,-0.08009551415698189,-0.3885946477720538,-0.1763558497953068
2018,Javon Wims,WR,Georgia,6-3,215.0,4.53,33.5,14.0,113.0,7.0,4.25,True,7,224,75.0,2,0.8452620184551827,0.9979437798498162,0.2345776554711091,-0.6074671427691488,-0.06690467575609896,-1.4724732286159223,0.17499692407348816,-0.03554458988122652
2018,Logan Woodside,QB,Toledo,6-1,213.0,4.79,31.5,16.0,103.0,6.94,4.15,True,7,249,73.0,1,-0.8482327079672519,-1.0740286321557804,-0.10282669497895144,0.020606309798256655,-0.061313606531362225,-1.4814534392908545,-0.7888133246340558,-1.2335066834411479
2018,Isaac Yiadom,CB,Boston Col.,6-1,190.0,4.52,35.5,8.0,120.0,6.92,4.18,True,3,99,73.0,2,-0.3922344941404068,0.991184257589951,0.26564423295363276,-0.11255391656853322,-1.6811552524067408,-0.4767795234242289,0.03552960103862786,0.09255216319580274
2018,Kenny Young,ILB,UCLA,6-1,236.0,4.6,36.0,23.0,117.0,7.38,4.48,True,4,122,73.0,0,-0.8424393559282477,-0.18296202833869626,-1.2748397205386939,0.9553824284867711,0.3524769320288748,0.13648958880062972,1.5821040010546243,1.3149381104384412
2018,Trevon Young,EDGE,Louisville,6-4,258.0,4.78,33.0,25.0,114.0,6.99,4.4,True,6,205,76.0,0,0.6927466838731827,0.2586583365121535,0.7146740352538343,-0.2141611784470239,0.6791444724378295,-0.8708740096801744,-1.0913589091266847,0.29471370069784475
2019,Paul Adams,OT,Missouri,6-6,317.0,5.18,27.0,16.0,103.0,7.68,4.74,False,0,0,78.0,0,0.3344468399958206,0.3164807866594626,-0.213857005026276,-0.3505563700637931,-1.9164446662518242,-0.17347614871510225,-0.46051356741197336,-0.13509641147255924
2019,Otaro Alaka,LB,Texas A&M,6-3,239.0,4.82,36.0,20.0,131.0,7.09,4.32,False,0,0,75.0,2,0.26571234708614294,0.9383255252814279,0.9979954801557451,0.5777140804968173,-0.19375856260724725,1.802920588964985,-0.13428244236095316,-0.059594763457584944
2019,Dakota Allen,LB,Texas Tech,6-1,232.0,4.77,31.5,23.0,116.0,6.88,4.04,True,7,251,73.0,0,-0.30061187924074134,-0.3046511445718878,0.670045934486005,-0.836529988559393,0.5567492874917114,-0.6338890409965239,-1.1726686933976314,-1.971984026770637
2019,Josh Allen,EDGE,Kentucky,6-5,262.0,4.63,33.75,28.0,118.0,7.15,4.23,True,1,7,77.0,1,1.1660518716126251,0.9699687619205832,-0.35539144402822304,0.01985600329972372,1.5546041439397187,-0.17669907442786115,0.05743994258561499,-1.3553300726703028
2019,Zach Allen,DL,Boston Col.,6-4,281.0,5.0,32.0,24.0,112.0,7.34,4.36,True,3,65,76.0,0,-0.2874706480629153,0.5787827407635076,0.14578409737724557,0.32342430431919145,-0.3750308961177247,0.04966244385306953,-0.655434560392727,-1.0561036972039297
2019,Jeff Allison,LB,Fresno State,5-11,228.0,4.82,31.0,12.0,115.0,7.2,4.45,False,0,0,71.0,0,-0.6242257228561038,-1.5476278144252036,0.9979954801557451,-0.9936682184545275,-2.1951128295378037,-0.7963430163272912,0.4096341653249275,0.8283002516520448
2019,Ugo Amadi,S,Oregon,5-9,199.0,4.51,32.5,18.0,115.0,7.21,4.19,True,4,132,69.0,0,-0.8318207265776351,-2.0639762581681804,-0.4692207141197886,-0.9838248666109645,0.3030024200456135,-1.0923109930927024,1.4103918194291816,-0.24070860778859737
2019,Ryquell Armstead,RB,Temple,5-11,220.0,4.45,30.0,22.0,114.0,7.02,4.29,True,5,140,71.0,0,0.5306304748794304,0.43573769960030895,-1.0962876108353916,-1.470846917265847,0.6712903602133796,-0.8924560038589996,-0.2560751336645134,0.0022395480078713087
2019,Derrick Baity,CB,Kentucky,6-2,197.0,4.5,38.5,10.0,127.0,7.06,4.31,False,0,0,74.0,1,0.41544767569092456,1.6150581478420973,0.042845844024780116,0.9848467699746696,-1.1476055103283573,0.7601287577399434,0.8477328479699391,1.1406815577379734
2019,Corey Ballentine,CB,Washburn,5-11,196.0,4.47,39.5,15.0,135.0,6.82,4.14,True,6,180,71.0,0,0.30006450857216294,-0.25656352291434187,-0.2913517393685087,1.350646998822404,0.1862688448676012,2.173738221927569,-0.5446155753408795,-0.22994918897101954
2019,Ben Banogu,EDGE,TCU,6-3,250.0,4.62,40.0,23.0,134.0,7.02,4.27,True,2,49,75.0,0,-0.2538636916057021,-0.4526520888962762,-0.42672914264702516,1.9699991845226206,0.09550469143656996,2.6000006665813915,-0.8759591244306333,-0.9670844789366292
2019,Alex Barnes,RB,Kansas State,6-0,226.0,4.59,38.5,34.0,126.0,6.95,4.1,False,0,0,72.0,0,0.9845976233598497,0.9750523933679008,0.23372788948370038,1.2376638694066293,3.383393220205896,1.3002630185037205,-0.6830016577707917,-1.4255967263423701
2019,Cody Barton,LB,Utah,6-2,237.0,4.64,32.5,30.0,116.0,6.9,4.03,True,3,88,74.0,0,0.10390542527846174,0.31683719035477004,-0.18262288425530654,-0.522253528769124,2.3079342710559483,-0.6338890409965239,-1.0737747647274691,-2.04028364331753
2019,Jackson Barton,OT,Utah,6-7,310.0,5.18,27.0,25.0,109.0,7.85,4.66,True,7,240,79.0,0,-0.3150645940281254,1.195594082935749,-0.213857005026276,-0.3505563700637931,0.24075402699995144,0.7307431592593727,0.13760677056792212,-0.5529203644804778
2019,Ryan Bates,OL,Penn State,6-4,306.0,5.09,27.0,28.0,102.0,7.45,4.53,False,0,0,76.0,0,-0.16363615388298758,-0.1542904311344542,-0.6250082051732533,-0.5526321874404332,0.4899639283399838,-0.552998347280614,-1.066596968584269,-1.2874899570517366
2019,John Battle,S,LSU,6-0,201.0,4.67,29.5,17.0,120.0,7.09,4.33,False,0,0,72.0,1,-0.6062772957394209,-0.13287400803657493,1.0939520183060074,-2.035167126028565,0.04497692172552077,-0.24609991813104948,0.713849437018999,0.987790841995378
2019,Terry Beckner,DL,Missouri,6-4,296.0,5.19,24.5,28.0,98.0,7.97,4.82,True,7,215,76.0,0,0.3770591034523864,0.5787827407635076,1.0425136172157046,-1.7716947495719308,0.46354750513929993,-1.7381855348574482,1.1971646207771438,0.8802423198130214
2019,Mike Bell,S,Fresno State,6-3,210.0,4.83,30.0,10.0,118.0,7.1,4.46,False,0,0,75.0,0,0.4086681430325426,1.7982282420950304,2.6571247507318034,-1.8599434161256316,-1.7612015665151286,-0.5845843481157107,0.7718946355531795,2.1285403310804996
2019,Kendall Blanton,TE,Missouri,6-6,262.0,4.95,31.0,22.0,113.0,7.37,4.42,False,0,0,78.0,0,1.2740151981823677,1.208966411885534,1.4417547823087449,-0.783534243205857,0.6333420706229257,-0.6939459591332586,1.0805103214110547,0.24032659134884007
2019,Nick Bosa,DL,Ohio State,6-4,266.0,4.79,33.5,29.0,116.0,7.1,4.14,True,1,2,76.0,0,-0.952000399578217,0.5787827407635076,-0.8453380034968385,0.7424481150974159,0.6731921054535561,0.5604761520560746,-1.3611866294098214,-1.9821822270816047
2019,Kris Boyd,CB,Texas,5-11,201.0,4.45,36.5,19.0,127.0,6.94,4.08,True,7,217,71.0,0,0.876980344165971,-0.25656352291434187,-0.5141501282973614,0.2532463122792011,1.2533683290243682,0.7601287577399434,0.1515586363145324,-0.7137012172212495
2019,Miles Boykin,WR,Notre Dame,6-4,220.0,4.42,43.5,12.0,140.0,6.77,4.07,True,3,93,76.0,0,1.1816684632035748,1.4368345113806915,-0.918966110365521,2.646257022869041,-0.6011048000102228,3.2268015576830016,-1.0034218170580984,-1.3028459291079741
2019,Garrett Bradbury,OL,North Carolina State,6-3,306.0,4.92,31.0,34.0,104.0,7.41,4.53,True,1,18,75.0,0,-0.16363615388298758,-0.7837953901630159,-1.564959833768586,0.7212318378459897,1.665877356355945,-0.2529673290751746,-1.194138458379809,-1.2874899570517366
2019,Tyre Brady,WR,Marshall,6-3,211.0,4.51,32.0,12.0,117.0,6.96,4.25,False,0,0,75.0,2,0.5761368626564691,0.9979437798498162,0.02484242531899031,-1.0955257676148773,-0.6011048000102228,-0.7762843713864521,-0.029945465688526695,-0.03554458988122652
2019,Jordan Brailford,EDGE,Oklahoma State,6-3,252.0,4.65,37.5,22.0,126.0,7.14,4.37,True,7,253,75.0,2,-0.017211097735980885,-0.4526520888962762,-0.2127160467906124,1.1899419120334618,-0.19631519906405978,1.2116507960767653,-0.01435998564640853,0.0035295053975808893
2019,Nick Brossette,RB,LSU,5-11,209.0,4.72,35.5,15.0,118.0,7.38,4.44,False,0,0,71.0,0,-0.3016426306680049,0.43573769960030895,1.4687422826371448,0.281718885875167,-0.9107696414489216,-0.16154966307142618,1.9395469903106528,1.1294787119685885
2019,Jordan Brown,CB,South Dakota State,6-0,201.0,4.51,39.5,13.0,128.0,6.92,4.16,False,0,0,72.0,2,0.876980344165971,0.36731036733780453,0.15424503848920643,1.350646998822404,-0.34728089721078226,0.9368299407633965,0.03552960103862786,-0.06869851288760483
2019,A.J. Brown,WR,Mississippi,6-0,226.0,4.49,36.5,19.0,120.0,6.96,4.25,True,2,51,72.0,2,1.5853561969016452,-0.3187284147428101,-0.18489280483311918,0.3686501069223082,1.2685956348792107,-0.25414272846434943,-0.029945465688526695,-0.03554458988122652
2019,Blace Brown,CB,Troy,6-0,194.0,4.75,35.5,14.0,126.0,7.33,4.22,False,0,0,72.0,1,0.06929817433463971,0.36731036733780453,2.8278257056354974,-0.11255391656853322,-0.08050602617159051,0.5834275747164901,2.4141248241946167,0.415053515362625
2019,Keenen Brown,TE,Texas State,6-2,250.0,4.75,33.0,17.0,117.0,7.27,4.51,False,0,0,74.0,0,-0.11147632984095619,-1.5053581773800555,0.0750136647837036,-0.13277071901579035,-0.8015735581321398,-0.004949685871136246,0.5730641785621367,0.877131061826468
2019,Jake Browning,QB,Washington,6-2,211.0,4.74,29.0,16.0,112.0,7.19,4.44,False,0,0,74.0,1,-1.037799866187206,-0.4908903870896071,-0.4144760958569347,-0.8478024602711397,-0.061313606531362225,-0.09731541653992754,0.49540262882646996,0.7212910337874484
2019,Isaiah Buggs,DL,Alabama,6-3,306.0,5.15,24.5,20.0,96.0,8.01,4.83,True,6,192,75.0,0,0.8200789377959209,-0.11575654815270545,0.8537284551444503,-1.7716947495719308,-1.2136092973747494,-1.9935923889589506,1.3147899656133262,0.9223367984438238
2019,Sean Bunting,CB,Central Michigan,6-0,195.0,4.42,41.5,14.0,126.0,6.92,4.16,True,2,39,72.0,2,0.18468134145340132,0.36731036733780453,-0.8483477116906503,2.0822474565178726,-0.08050602617159051,0.5834275747164901,0.03552960103862786,-0.06869851288760483
2019,Brian Burns,EDGE,Florida State,6-5,249.0,4.53,36.0,23.0,129.0,7.01,4.37,True,1,16,77.0,2,-0.37218998854056273,0.9699687619205832,-1.068768430216257,0.7219075485399665,0.09550469143656996,1.7322819975160002,-0.9477590526626505,0.0035295053975808893
2019,Ben Burr-Kirven,LB,Washington,6-0,230.0,4.56,34.5,21.0,121.0,6.85,4.09,True,5,142,72.0,0,-0.46241880104842253,-0.9261394794985457,-0.7073421573268838,0.10629939081141385,0.0564107207590723,0.17838083565731244,-1.3210095864028721,-1.6304859440361648
2019,Devin Bush,LB,Michigan,5-11,234.0,4.43,40.5,21.0,124.0,6.93,4.23,True,1,10,71.0,0,-0.1388049574330601,-1.5476278144252036,-1.5600109760681953,1.9919581495530274,0.0564107207590723,0.6657427616496142,-0.9254338717222326,-0.6742913123796358
2019,Emmanuel Butler,WR,Northern Arizona,6-3,217.0,4.51,36.0,11.0,115.0,6.96,4.22,False,0,0,75.0,2,0.9798245963545396,0.9979437798498162,0.02484242531899031,0.2059638986403987,-0.8682048621372848,-1.1243788000011872,-0.029945465688526695,-0.24676147975235319
2019,Hakeem Butler,WR,Iowa State,6-5,227.0,4.48,36.0,18.0,128.0,6.96,4.25,True,4,103,77.0,2,1.6526374858513235,1.875725242911567,-0.2897604199091739,0.2059638986403987,1.0014955727521488,1.138234985994591,-0.029945465688526695,-0.03554458988122652
2019,Deion Calhoun,OL,Mississippi State,6-2,310.0,5.07,28.5,26.0,105.0,7.46,4.62,False,0,0,74.0,0,0.06500614332337774,-1.4133003491915777,-0.7355907497138783,-0.07493317795802461,0.09799278566799677,-0.10295181997245488,-1.0347115961353845,-0.790469023252958
2019,Parris Campbell,WR,Ohio State,6-0,205.0,4.31,40.0,11.0,135.0,6.96,4.03,True,2,59,72.0,1,0.1724491289583987,-0.3187284147428101,-2.072509876202151,1.5074535648956748,-0.8682048621372848,2.356565486146164,-0.029945465688526695,-1.584468448936141
2019,Malik Carney,EDGE,North Carolina,6-2,251.0,4.73,33.0,25.0,113.0,7.4,4.37,False,0,0,74.0,1,-0.1355373946708415,-1.1639625143047059,0.3579855421598173,-0.2141611784470239,0.6791444724378295,-1.0444177434932527,1.8524381483860817,0.0035295053975808893
2019,Blake Cashman,LB,Minnesota,6-1,237.0,4.5,37.5,18.0,124.0,6.95,4.12,True,5,157,73.0,0,0.10390542527846174,-0.3046511445718878,-1.1008816121305638,1.0491287701822207,-0.6940971293398863,0.6657427616496142,-0.8265399430520705,-1.4255870943954791
2019,Hamp Cheevers,CB,Boston Col.,5-9,169.0,4.52,39.0,8.0,122.0,6.96,4.25,False,0,0,69.0,0,-2.815281003634401,-1.5043113034186348,0.26564423295363276,1.1677468843985368,-1.6811552524067408,-0.12337715737732258,0.2675876715904318,0.6569295294877435
2019,Demarcus Christmas,DL,Florida State,6-3,294.0,5.08,25.5,22.0,101.0,8.13,5.07,True,6,209,75.0,0,0.2884551365836795,-0.11575654815270545,0.5233544215197542,-1.4923455423864478,-0.794320096746237,-1.3550752537051944,1.667666000121876,1.9326042855831034
2019,L.J. Collier,DL,TCU,6-2,283.0,4.91,30.0,25.0,118.0,7.71,4.78,True,1,29,74.0,0,-0.19886668119420842,-0.8102958370689184,-0.2789825172830756,-0.23527411005177448,-0.16538629580346853,0.8158830061575771,0.43259987934195954,0.711864405289808
2019,John Cominsky,DL,Charleston,6-5,286.0,4.69,33.5,22.0,116.0,7.03,4.38,True,4,135,77.0,0,-0.06596073089114807,1.2733220296797205,-1.3173009086749723,0.7424481150974159,-0.794320096746237,0.5604761520560746,-1.5670309828731386,-0.9719147399423249
2019,Ryan Connelly,LB,Wisconsin,6-2,242.0,4.66,34.5,21.0,118.0,7.09,4.31,True,5,143,74.0,1,0.5084227297976648,0.31683719035477004,-0.0514430659874093,0.10629939081141385,0.0564107207590723,-0.3089810903349894,-0.13428244236095316,-0.12789438000448422
2019,Byron Cowart,DL,Maryland,6-3,298.0,5.16,30.0,26.0,111.0,7.555,4.62,True,5,159,75.0,2,0.4656630703210933,-0.11575654815270545,0.9009247456622629,-0.23527411005177448,0.044258304510787626,-0.07804098319768173,-0.023198331898247555,0.03835274719695487
2019,Maxx Crosby,DL,East. Michigan,6-5,255.0,4.66,36.0,25.0,122.0,6.89,4.13,True,4,106,77.0,1,-1.4393222173561049,1.2733220296797205,-1.458889780228414,1.4408211330611234,-0.16538629580346853,1.3266967143605821,-1.9787196897997783,-2.024276705712407
2019,Dennis Daley,OT,South Carolina,6-5,317.0,5.23,26.5,20.0,103.0,7.95,4.92,True,6,212,77.0,0,0.3344468399958206,-0.5626325096168238,0.0662234730349186,-0.5115261318277797,-0.9576896914732573,-0.17347614871510225,0.48944226349727443,0.8050074827952551
2019,Davante Davis,CB,Texas,6-2,202.0,4.57,37.0,14.0,125.0,6.76,4.15,False,0,0,74.0,0,0.9923635112847327,1.6150581478420973,0.8226402052757842,0.4361464267030682,-0.08050602617159051,0.406726391693037,-0.8927026811685879,-0.1493238509293086
2019,Deshaun Davis,LB,Auburn,5-11,234.0,4.65,31.0,25.0,111.0,7.09,4.38,True,6,210,71.0,2,-0.1388049574330601,-1.5476278144252036,-0.117032975121355,-0.9936682184545275,1.0570878542243505,-1.4461589176503602,-0.13428244236095316,0.3502029358237803
2019,Jamal Davis,EDGE,Akron,6-3,243.0,4.6,39.0,19.0,122.0,7.0,4.44,False,0,0,75.0,0,-1.0821477701497264,-0.4526520888962762,-0.5694045398846357,1.657976275526957,-1.0717748705659491,0.5174758608244521,-1.0195589808946677,0.682959294431527
2019,Nate Davis,OL,Charlotte,6-3,316.0,5.23,26.0,23.0,107.0,7.94,4.83,True,3,82,75.0,0,0.40796958913292575,-0.7837953901630159,0.14906960661114182,-0.8710981937620389,-0.4899639283399838,0.1970791982329846,0.49578628141109626,0.36924648894419393
2019,Ryan Davis,WR,Auburn,5-10,189.0,4.51,35.0,12.0,124.0,7.09,4.23,False,0,0,70.0,1,-0.9040514942364557,-1.196509877804561,0.02484242531899031,-0.11940851792342029,-0.6011048000102228,0.4420461287651208,0.6361173010380204,-0.1763558497953068
2019,Jamel Dean,CB,Auburn,6-1,206.0,4.3,41.0,16.0,130.0,7.02,4.19,True,3,94,73.0,0,1.4538961797597791,0.991184257589951,-2.1851380452637956,1.8993473420940052,0.45304371590679293,1.2902323068103028,0.6156747774181351,0.1731775012375137
2019,Michael Deiter,OL,Wisconsin,6-5,309.0,5.23,28.0,21.0,105.0,7.88,4.81,True,3,78,77.0,0,0.007845569021786408,0.4752145278941075,0.14906960661114182,-0.23416618111882748,-0.8819350710119709,-0.10295181997245488,0.3044740467177847,0.2587973925444626
2019,Lukas Denis,S,Boston Col.,5-11,190.0,4.64,33.5,16.0,116.0,6.89,4.09,False,0,0,71.0,0,-1.8467661653495986,-0.7765747580804434,0.8008571309761685,-0.6333774468050977,-0.213048576594572,-0.9230687781003719,-0.44705453366463854,-1.118208214777158
2019,Andre Dillard,OT,Washington State,6-5,315.0,4.96,29.0,24.0,118.0,7.44,4.4,True,1,22,77.0,0,0.14887214456040743,-0.5626325096168238,-1.4462111084955134,0.2933226769921536,0.0010652833053096855,2.087072121221085,-1.304918750442412,-1.9108482117562107
2019,D'Cota Dixon,S,Wisconsin,5-10,204.0,4.81,33.5,20.0,119.0,6.975,4.21,False,0,0,70.0,2,-0.2679621494820998,-1.420275508124312,2.4617281591785747,-0.6333774468050977,0.819053416685799,-0.4153421331233801,0.04632965387590674,-0.06520868639088993
2019,Johnnie Dixon,WR,Ohio State,5-10,201.0,4.41,37.5,16.0,120.0,6.96,4.43,False,0,0,70.0,1,-0.09667602684031491,-1.196509877804561,-1.0238337254415757,0.6940225234861273,0.46729544849802496,-0.25414272846434943,-0.029945465688526695,1.231756749345521
2019,Ashton Dulin,WR,Malone University (Ohio),6-1,215.0,4.43,38.0,13.0,121.0,7.0,4.22,False,0,0,73.0,0,0.8452620184551827,0.1201623167880653,-0.8140984952894662,0.8567087317680367,-0.33400473788316093,-0.08009551415698189,0.17499692407348816,-0.24676147975235319
2019,Jovon Durante,WR,Florida Atlantic,5-11,160.0,4.55,31.5,14.0,120.0,7.0,4.31,False,0,0,71.0,1,-2.8552088737771295,-0.7576191462736855,0.4443128856232186,-1.258211975896787,-0.06690467575609896,-0.25414272846434943,0.17499692407348816,0.3868891898610206
2019,David Edwards,OT,Wisconsin,6-6,308.0,5.28,25.5,24.0,99.0,7.69,4.77,True,5,169,78.0,1,-0.5006392894635386,0.3164807866594626,0.34630395109610823,-0.8334656553557531,0.0010652833053096855,-0.7762890206980856,-0.4253300181190359,0.021587570905406726
2019,Emeke Egbule,LB,Houston,6-2,245.0,4.65,33.0,20.0,119.0,7.38,4.38,True,6,200,74.0,0,0.7511331125091866,0.31683719035477004,-0.117032975121355,-0.3651152988739896,-0.19375856260724725,-0.14652711500422208,1.2996795233563645,0.3502029358237803
2019,Noah Fant,TE,Iowa,6-4,249.0,4.5,39.5,20.0,127.0,6.81,4.22,True,1,20,76.0,0,-0.2269339571762332,-0.14819588274726075,-1.6334127321225966,1.982210734601926,0.05937581912089951,1.7175409972841698,-1.7611880785428735,-1.1747944541570032
2019,Rashad Fenton,CB,South Carolina,5-11,193.0,4.52,34.0,12.0,117.0,6.92,4.25,True,6,201,71.0,1,-0.04608499278412191,-0.25656352291434187,0.26564423295363276,-0.6612542598401346,-0.614055768249974,-1.0068830724945885,0.03552960103862786,0.6569295294877435
2019,Jazz Ferguson,WR,Northwestern St. (LA),6-5,227.0,4.45,37.0,8.0,123.0,7.25,4.59,False,0,0,77.0,0,1.6526374858513235,1.875725242911567,-0.6043632651373474,0.5313363152042178,-1.6695050485184706,0.26799891445775326,1.45588686008608,2.358246828658188
2019,Ryan Finley,QB,North Carolina State,6-4,213.0,4.73,30.5,16.0,116.0,7.2,4.2,True,4,104,76.0,1,-0.8482327079672519,0.6753861030427393,-0.47680597603253017,-0.3267571982295019,-0.061313606531362225,0.51785703801604,0.5467712669648899,-0.8964725942638049
2019,Cody Ford,OT,Oklahoma,6-4,329.0,5.21,28.5,19.0,104.0,8.27,4.87,True,2,38,76.0,0,1.4478950126082994,-1.44174580589311,-0.045808718189560234,0.13235291522816692,-1.197378435167899,-0.022772930719356425,1.6153158408711936,0.5438675121653072
2019,Hjalte Froholdt,OL,Arkansas,6-5,306.0,5.2,27.5,31.0,105.0,7.51,4.54,True,4,118,77.0,0,-0.16363615388298758,0.4752145278941075,-0.016804210199800676,-0.39339918427963033,1.0779206423479644,-0.10295181997245488,-0.8752847338909602,-1.2322654088518736
2019,Travis Fulgham,WR,Old Dominion,6-2,215.0,4.58,36.5,15.0,126.0,6.96,4.25,True,6,184,74.0,2,0.8452620184551827,0.5590530483189408,0.7589157308513921,0.3686501069223082,0.20019538637096299,0.7901405573798559,-0.029945465688526695,-0.03554458988122652
2019,Greg Gaines,DL,Washington,6-1,312.0,5.16,31.0,30.0,109.0,7.555,4.62,True,4,134,73.0,2,1.0858908384020416,-1.5048351259851314,0.9009247456622629,0.04407509713370848,0.8828367057678123,-0.33344783729918426,-0.023198331898247555,0.03835274719695487
2019,Malik Gant,S,Marshall,6-0,209.0,4.63,34.5,17.0,114.0,7.45,4.3,False,0,0,72.0,0,0.29589642761343554,-0.13287400803657493,0.7031588351995585,-0.28293002699923087,0.04497692172552077,-1.2615532080850331,2.8034765842495464,0.7245409598988091
2019,Chauncey Gardner-Johnson,S,Florida,5-11,210.0,4.48,36.0,17.0,117.0,7.03,4.2,True,4,105,71.0,0,0.4086681430325426,-0.7765747580804434,-0.7623156014496189,0.24274110270956936,0.04497692172552077,-0.7538265631080413,0.3655782458139103,-0.15295864708974366
2019,Rashan Gary,DL,Michigan,6-4,277.0,4.58,38.0,26.0,120.0,7.26,4.29,True,1,12,76.0,0,-0.46467858180032906,0.5787827407635076,-1.8364601043709228,1.9995195474320893,0.044258304510787626,1.0712898602590797,-0.8906852500650918,-1.3507650476195538
2019,Myles Gaskin,RB,Washington,5-9,205.0,4.58,35.5,24.0,118.0,7.19,4.27,True,7,234,69.0,0,-0.6042873963216178,-0.6428916879348747,0.13872678231805277,0.281718885875167,1.1233075035454658,-0.16154966307142618,0.7807464248793192,-0.1480590071868941
2019,Zach Gentry,TE,Michigan,6-8,265.0,4.9,29.5,12.0,110.0,7.4,4.53,True,5,141,80.0,0,1.6203880801881987,2.5661287065183287,1.100069502927486,-1.271606886348407,-2.2364891868872054,-1.2106931640798504,1.2327441642657304,1.0186431663770554
2019,Joe Giles-Harris,LB,Duke,6-2,234.0,4.75,29.5,17.0,111.0,7.09,4.32,False,0,0,74.0,2,-0.1388049574330601,0.31683719035477004,0.5388661162181136,-1.4650829081399308,-0.9442664127062059,-1.4461589176503602,-0.13428244236095316,-0.059594763457584944
2019,Andrew Van ginkel,LB,Wisconsin,6-3,241.0,4.65,38.0,17.0,123.0,6.89,4.14,True,5,151,75.0,1,0.4275192688938242,0.9383255252814279,-0.117032975121355,1.2062670000773552,-0.9442664127062059,0.503288786318847,-1.1232217290625524,-1.2889878613016927
2019,Kevin Givens,DL,Penn State,6-1,285.0,5.08,31.0,32.0,115.0,7.63,4.62,False,0,0,73.0,0,-0.11026271432550151,-1.5048351259851314,0.5233544215197542,0.04407509713370848,1.3021259063963246,0.4327727250053233,0.19734918966959478,0.03835274719695487
2019,Dan Godsil,LS,Indiana,6-4,241.0,5.0,34.5,16.0,118.0,7.56,4.55,False,0,0,76.0,0,0.6292601389999181,1.101835738552104,-0.42856814297597406,1.735084378165151,0.8091735937126867,1.2744955257967259,0.39501398866943205,0.04829479330731557
2019,Terry Godwin,WR,Georgia,5-11,184.0,4.55,36.5,14.0,117.0,6.96,4.25,True,7,237,71.0,2,-1.2404579389848478,-0.7576191462736855,0.4443128856232186,0.3686501069223082,-0.06690467575609896,-0.7762843713864521,-0.029945465688526695,-0.03554458988122652
2019,Carl Granderson,EDGE,Wyoming,6-5,254.0,4.79,35.0,23.0,119.0,7.44,4.41,False,0,0,77.0,1,0.21944149613374034,0.9699687619205832,0.7860117338726365,0.4098846395443031,0.09550469143656996,-0.0031553406147828383,2.1396378613141565,0.3917750991312632
2019,Gerri Green,EDGE,Mississippi State,6-4,252.0,4.63,35.0,24.0,114.0,7.27,4.42,True,6,199,76.0,0,-0.017211097735980885,0.2586583365121535,-0.35539144402822304,0.4098846395443031,0.3873245819371997,-0.8708740096801744,0.9190390813698334,0.4888364975646816
2019,Will Grier,QB,West Virginia,6-2,217.0,4.84,34.0,16.0,112.0,7.09,4.28,True,3,100,74.0,1,-0.46909839152734345,-0.4908903870896071,0.20882270589903176,0.889015079867653,-0.061313606531362225,-0.09731541653992754,-0.018283752557743074,-0.35721805158005376
2019,Porter Gustin,EDGE,USC,6-4,255.0,4.69,35.5,31.0,119.0,7.14,4.37,False,0,0,76.0,2,0.33776779306860094,0.2586583365121535,0.07263474768460246,0.5658960940421348,2.430063815441608,-0.0031553406147828383,-0.01435998564640853,0.0035295053975808893
2019,Emanuel Hall,WR,Missouri,6-2,201.0,4.39,43.5,15.0,141.0,6.96,4.25,False,0,0,74.0,2,-0.09667602684031491,0.5590530483189408,-1.2335689555936944,2.646257022869041,0.20019538637096299,3.4008487719903693,-0.029945465688526695,-0.03554458988122652
2019,Terrill Hanks,LB,New Mexico State,6-2,242.0,4.98,35.5,21.0,118.0,7.09,4.32,False,0,0,74.0,2,0.5084227297976648,0.31683719035477004,2.0474340262988995,0.4205758506016828,0.0564107207590723,-0.3089810903349894,-0.13428244236095316,-0.059594763457584944
2019,Mecole Hardman,WR,Georgia,5-10,187.0,4.33,36.5,17.0,119.0,6.96,4.25,True,2,56,70.0,2,-1.0386140721358126,-1.196509877804561,-1.8627746460500323,0.3686501069223082,0.7343955106250869,-0.428189942771717,-0.029945465688526695,-0.03554458988122652
2019,Kelvin Harmon,WR,North Carolina State,6-2,221.0,4.6,32.5,18.0,117.0,7.15,4.32,True,6,206,74.0,0,1.248949752153253,0.5590530483189408,0.9686509610035016,-0.9328395593329678,1.0014955727521488,-0.7762843713864521,0.943530885681045,0.45729481981806697
2019,Damien Harris,RB,Alabama,5-10,216.0,4.57,37.0,16.0,121.0,7.07,4.28,True,3,87,70.0,2,0.2279857092258176,-0.10357699416728292,0.04372567515240514,0.7596913776408981,-0.6847610697828785,0.38663009251925384,0.04887238355426378,-0.07290972958950806
2019,Will Harris,S,Boston Col.,6-1,207.0,4.41,36.5,20.0,123.0,6.91,4.12,True,3,81,73.0,0,0.07035299677522143,0.5108267420072936,-1.4462036718859068,0.4179648126125028,0.819053416685799,0.26162672684594235,-0.3309641365962722,-0.854958332680589
2019,N'Keal Harry,WR,Arizona State,6-2,228.0,4.53,38.5,27.0,122.0,6.96,4.25,True,1,32,74.0,2,1.7199187748010019,0.5590530483189408,0.2345776554711091,1.0193949400499462,3.4053961318957064,0.09395170015038568,-0.029945465688526695,-0.03554458988122652
2019,Montre Hartage,CB,Northwestern,5-11,190.0,4.68,34.5,9.0,123.0,6.95,4.08,False,0,0,71.0,0,-0.3922344941404068,-0.25656352291434187,2.0480313443844933,-0.47835414541626753,-1.414380381367549,0.053324025646130604,0.2095731539524821,-0.7137012172212495
2019,Phil Haynes,OL,Wake Forest,6-4,322.0,5.2,31.0,33.0,108.0,7.76,4.95,True,4,124,76.0,0,0.7509330349424738,-0.1542904311344542,-0.016804210199800676,0.7212318378459897,1.4698917850199515,0.3470947073357043,-0.07815042266883548,1.031941067342567
2019,Darrell Henderson,RB,Memphis,5-8,208.0,4.49,33.5,22.0,121.0,7.07,4.28,True,3,70,68.0,2,-0.3773038220814081,-1.1822063817024666,-0.7162831821727927,-0.3555777698124744,0.6712903602133796,0.38663009251925384,0.04887238355426378,-0.07290972958950806
2019,Nate Herbig,OL,Stanford,6-3,335.0,5.41,24.0,29.0,90.0,8.15,5.04,False,0,0,75.0,0,1.494020500863161,-0.7837953901630159,1.144312507476787,-1.5080302064052504,0.6859494996759774,-2.353184456513251,1.165379102837681,1.5289620011413458
2019,Karan Higdon,RB,Michigan,5-9,206.0,4.49,34.0,21.0,123.0,7.07,4.28,False,0,0,69.0,2,-0.5286262049082145,-0.6428916879348747,-0.7162831821727927,-0.19625360589056404,0.44528178854733663,0.7520832629130405,0.04887238355426378,-0.07290972958950806
2019,Justice Hill,RB,Oklahoma State,5-10,198.0,4.4,40.0,21.0,130.0,7.07,4.28,True,4,113,70.0,2,-1.1339157362154402,-0.10357699416728292,-1.5712931466636382,1.7156363611723602,0.44528178854733663,2.031169359291294,0.04887238355426378,-0.07290972958950806
2019,Trysten Hill,DL,Central Florida,6-3,308.0,5.04,35.0,28.0,115.0,7.7,4.38,True,2,58,75.0,0,0.9086829046646278,-0.11575654815270545,0.3345692594484999,1.1614719258756403,0.46354750513929993,0.4327727250053233,0.4031935431329146,-0.9719147399423249
2019,T.J. Hockenson,TE,Iowa,6-5,251.0,4.7,37.5,17.0,123.0,7.02,4.18,True,1,8,77.0,0,0.003981297494320801,0.5303852645691367,-0.26667161459755523,1.3314472104118593,-0.8015735581321398,1.0285447240220473,-0.6955511785601515,-1.4578186632581718
2019,Alijah Holder,CB,Stanford,6-1,191.0,4.6,36.0,9.0,121.0,6.7,4.15,False,0,0,73.0,0,-0.27685132702164517,0.991184257589951,1.156837788669063,0.07034619785533391,-1.414380381367549,-0.30007834040077574,-1.2407897869962912,-0.1493238509293086
2019,Justin Hollins,EDGE,Oregon,6-5,248.0,4.5,36.5,25.0,119.0,7.06,4.4,True,5,156,77.0,0,-0.4905162854754233,0.9699687619205832,-1.2827815260726698,0.8779190030377984,0.6791444724378295,-0.0031553406147828383,-0.5887594115025584,0.29471370069784475
2019,Elijah Holyfield,RB,Georgia,5-10,217.0,4.78,29.5,26.0,118.0,7.07,4.28,False,0,0,70.0,2,0.3036469006392208,-0.10357699416728292,2.0387489256310474,-1.6301710811877572,1.5753246468775517,-0.16154966307142618,0.04887238355426378,-0.07290972958950806
2019,Travis Homer,RB,Miami (FL),5-10,201.0,4.48,39.5,17.0,130.0,7.07,4.31,True,6,204,70.0,0,-0.9069321619752305,-0.10357699416728292,-0.8112842893384403,1.55631219725045,-0.4587524981168355,2.031169359291294,0.04887238355426378,0.15253810320263003
2019,Amani Hooker,S,Iowa,5-11,210.0,4.48,37.0,14.0,123.0,6.81,4.1,True,4,116,71.0,0,0.4086681430325426,-0.7765747580804434,-0.7623156014496189,0.5931885225154362,-0.7290995732347575,0.26162672684594235,-0.9114161219380935,-1.0304582540783043
2019,Tytus Howard,OT,Alabama State,6-5,322.0,5.05,29.5,21.0,103.0,8.34,4.87,True,1,23,77.0,0,0.7983835785843535,-0.5626325096168238,-0.942066247985371,0.4542924387561402,-0.7180009477786156,-0.17347614871510225,1.86160068592174,0.5438675121653072
2019,Albert Huggins,DL,Clemson,6-3,305.0,5.12,25.5,35.0,101.0,7.84,4.84,False,0,0,75.0,0,0.7757769543615674,-0.11575654815270545,0.7121395835910085,-1.4923455423864478,1.9310597073390932,-1.3550752537051944,0.8148822500595517,0.9644312770746261
2019,Lil'Jordan Humphrey,WR,Texas,6-4,210.0,4.75,33.5,13.0,119.0,7.09,4.29,False,0,0,76.0,0,0.5088555737067907,1.4368345113806915,2.54166518714436,-0.6074671427691488,-0.33400473788316093,-0.428189942771717,0.6361173010380204,0.2460779299469403
2019,Mitch Hyatt,OT,Clemson,6-5,303.0,5.22,25.5,28.0,102.0,7.72,4.52,False,0,0,77.0,1,-0.9645760280520714,-0.5626325096168238,0.010207377422676696,-0.8334656553557531,0.9598202580838767,-0.32417936671084807,-0.31977937024023306,-1.2841122822443374
2019,Alec Ingold,FB,Wisconsin,6-1,242.0,4.89,34.0,16.0,116.0,7.35,4.32,False,0,0,73.0,0,-0.10142032166076473,0.2758947881038773,0.6472931598946423,0.27472629462975023,-1.2605672227592548,0.42534442353662943,0.705023724611116,-0.2932266800416887
2019,Andy Isabella,WR,Massachusetts,5-9,188.0,4.31,36.5,15.0,121.0,6.95,4.15,True,2,62,69.0,0,-0.9713327831861341,-1.6354006093354365,-2.072509876202151,0.3686501069223082,0.20019538637096299,-0.08009551415698189,-0.08118106312902927,-0.7396008894516405
2019,Mike Jackson,CB,Miami (FL),6-1,210.0,4.45,40.5,13.0,130.0,7.12,4.12,True,5,158,73.0,0,1.9154288482348256,0.991184257589951,-0.5141501282973614,1.7164472276701381,-0.34728089721078226,1.2902323068103028,1.1958199537976475,-0.3911998650544271
2019,Tyree Jackson,QB,Buffalo,6-7,249.0,4.59,34.5,16.0,120.0,7.09,4.28,False,0,0,79.0,1,2.563976139991924,2.424800838241259,-1.3494242984908897,1.0626968338815324,-0.061313606531362225,1.1330294925720075,-0.018283752557743074,-0.35721805158005376
2019,Andre James,OT,UCLA,6-4,299.0,5.32,29.0,21.0,105.0,8.0,4.84,False,0,0,76.0,0,-1.3357254189228978,-1.44174580589311,0.5703683335450609,0.2933226769921536,-0.7180009477786156,0.12793028727638941,0.665360009961949,0.3871835297873366
2019,Cece Jefferson,EDGE,Florida,6-1,266.0,5.02,30.5,17.0,108.0,7.5,4.53,False,0,0,73.0,0,1.6393570593520677,-1.8752729397131356,2.426778802105117,-0.9942184509361826,-1.6554146515672086,-1.9121364125586442,2.570437430706266,1.5565118803323101
2019,Jalen Jelks,EDGE,Oregon,6-5,256.0,4.92,32.5,19.0,113.0,7.22,4.59,True,7,241,77.0,0,0.45609409000346157,0.9699687619205832,1.7134018159170832,-0.37017263294485564,-1.0717748705659491,-1.0444177434932527,0.5600394402097413,2.1388802709328294
2019,Elgton Jenkins,OL,Mississippi State,6-4,310.0,5.2,28.0,29.0,109.0,7.77,4.62,True,2,44,76.0,1,0.06500614332337774,-0.1542904311344542,-0.016804210199800676,-0.23416618111882748,0.6859494996759774,0.49711021643842407,-0.04626505021995117,-0.790469023252958
2019,Gary Jennings,WR,West Virginia,6-1,214.0,4.42,37.0,20.0,127.0,7.32,4.15,True,4,120,73.0,0,0.7779807295055043,0.1201623167880653,-0.918966110365521,0.5313363152042178,1.5356956970062727,0.9641877716872235,1.814536042169607,-0.7396008894516405
2019,Devon Johnson,OT,Ferris State,6-7,338.0,5.16,27.5,26.0,89.0,8.34,5.28,False,0,0,79.0,0,2.282981142067659,1.195594082935749,-0.32588919625074986,-0.18958660829980642,0.4804427706945932,-2.283321200655544,1.86160068592174,2.6852152713308883
2019,Anthony Johnson,WR,Buffalo,6-2,209.0,4.51,32.5,18.0,122.0,7.12,4.25,False,0,0,74.0,2,0.4415742847571123,0.5590530483189408,0.02484242531899031,-0.9328395593329678,1.0014955727521488,0.09395170015038568,0.7898240933595327,-0.03554458988122652
2019,Diontae Johnson,WR,Toledo,5-10,183.0,4.53,33.5,15.0,123.0,7.09,4.45,True,3,66,70.0,0,-1.3077392279345261,-1.196509877804561,0.2345776554711091,-0.6074671427691488,0.20019538637096299,0.26799891445775326,0.6361173010380204,1.3725680092596075
2019,Gary Johnson,LB,Texas,6-0,226.0,4.43,33.5,16.0,121.0,7.15,4.57,False,0,0,72.0,0,-0.786032644663785,-0.9261394794985457,-1.5600109760681953,-0.2079770689788551,-1.1944356960725255,0.17838083565731244,0.1623993436495288,1.6478956502147815
2019,Isaiah Johnson,CB,Houston,6-2,208.0,4.4,36.5,14.0,133.0,6.81,4.06,True,4,129,74.0,1,1.6846625139973024,1.6150581478420973,-1.0711461006195029,0.2532463122792011,-0.08050602617159051,1.8203358558806624,-0.6026300929788343,-0.8749518933046642
2019,Jaquan Johnson,S,Miami (FL),5-10,191.0,4.69,33.0,18.0,121.0,6.975,4.21,True,6,181,70.0,2,-1.7339944499304916,-1.420275508124312,1.2893486098592364,-0.8086011567080311,0.3030024200456135,-0.07685770313871888,0.04632965387590674,-0.06520868639088993
2019,Keesean Johnson,WR,Fresno State,6-1,201.0,4.6,30.0,14.0,117.0,7.28,4.23,True,6,174,73.0,0,-0.09667602684031491,0.1201623167880653,0.9686509610035016,-1.7462706007425153,-0.06690467575609896,-0.7762843713864521,1.6095936524075922,-0.1763558497953068
2019,Lonnie Johnson,CB,Kentucky,6-2,213.0,4.52,38.0,15.0,129.0,7.01,4.1,True,2,54,74.0,0,2.2615783495911104,1.6150581478420973,0.26564423295363276,0.8019466555508025,0.1862688448676012,1.1135311237868497,0.5576602597801854,-0.5524505411378419
2019,Bisi Johnson,WR,Colorado State,6-0,204.0,4.51,38.0,14.0,124.0,6.88,4.16,True,7,247,72.0,0,0.10516784000872029,-0.3187284147428101,0.02484242531899031,0.8567087317680367,-0.06690467575609896,0.4420461287651208,-0.4398302452125564,-0.6691952594946003
2019,Daniel Jones,QB,Duke,6-5,221.0,4.81,33.5,16.0,120.0,7.0,4.41,True,1,6,77.0,1,-0.089964075087435,1.2585243481089123,0.021833065372239627,0.7153333258537737,-0.061313606531362225,1.1330294925720075,-0.4806014958035316,0.5190705802810403
2019,Dre'Mont Jones,DL,Ohio State,6-3,281.0,5.12,31.5,25.0,110.0,7.71,4.53,True,3,71,75.0,1,-0.2874706480629153,-0.11575654815270545,0.7121395835910085,0.18374970072644997,-0.16538629580346853,-0.20574441024843299,0.43259987934195954,-0.34049756048027413
2019,Jordan Jones,LB,Kentucky,6-2,234.0,4.62,32.5,23.0,123.0,7.09,4.37,False,0,0,74.0,1,-0.1388049574330601,0.31683719035477004,-0.3138027025231979,-0.522253528769124,0.5567492874917114,0.503288786318847,-0.13428244236095316,0.2819033192768871
2019,Tyler Jones,OT,North Carolina State,6-3,306.0,5.22,31.5,23.0,111.0,7.75,4.82,False,0,0,75.0,1,-0.6862139848989518,-2.3208591021693965,0.010207377422676696,1.098171485812087,-0.23862346038933205,1.0321495952508644,-0.21422872236142707,0.2827275415353593
2019,Michael Jordan,OT,Ohio State,6-6,312.0,5.27,32.5,19.0,116.0,7.71,4.71,True,4,136,78.0,0,-0.1294898985927123,0.3164807866594626,0.2902878554838663,1.4201110093400602,-1.197378435167899,1.7856656852295936,-0.3549629195331674,-0.29178039385052984
2019,Kingsley Keke,DL,Texas A&M,6-3,288.0,4.95,31.5,25.0,111.0,7.55,4.46,True,5,150,75.0,1,0.02264323597755882,-0.11575654815270545,-0.09019735521182128,0.18374970072644997,-0.16538629580346853,-0.07804098319768173,-0.03790150000277003,-0.6351589108958983
2019,Dawson Knox,TE,Mississippi,6-4,254.0,4.73,34.5,16.0,117.0,7.12,4.27,True,3,96,76.0,2,0.3503541795001518,-0.14819588274726075,-0.0616604469687975,0.3553019241267596,-1.0885566838831529,-0.004949685871136246,-0.18810503571123355,-0.821014192780544
2019,Justin Layne,CB,Michigan State,6-2,192.0,4.5,37.5,14.0,134.0,6.9,4.09,True,3,83,74.0,1,-0.16146815990288352,1.6150581478420973,0.042845844024780116,0.6190465411269354,-0.08050602617159051,1.9970370389041157,-0.08049943423727153,-0.6330758791795457
2019,Jonathan Ledbetter,DL,Georgia,6-4,280.0,5.14,26.5,22.0,108.0,7.555,4.62,False,0,0,76.0,2,-0.33177263149726877,0.5787827407635076,0.8065321646266336,-1.212996335200965,-0.794320096746237,-0.46115126434993553,-0.023198331898247555,0.03835274719695487
2019,Chris Lindstrom,OL,Boston Col.,6-4,308.0,4.91,30.5,25.0,117.0,7.61,4.54,True,1,14,76.0,0,-0.049315005279804924,-0.1542904311344542,-1.6202511060388984,0.5619988346851869,-0.09799278566799677,1.697234289260182,-0.5564310094021087,-1.2322654088518736
2019,Greg Little,OT,Mississippi,6-5,310.0,5.33,25.0,24.0,113.0,7.81,4.74,True,2,37,77.0,2,-0.3150645940281254,-0.5626325096168238,0.6263844291572979,-0.9944354171197397,0.0010652833053096855,1.333556031242356,-0.0031274266038181873,-0.13509641147255924
2019,Drew Lock,QB,Missouri,6-4,228.0,4.69,31.0,16.0,112.0,7.03,4.12,True,2,42,76.0,1,0.5735209786824048,0.6753861030427393,-0.7261254967349179,-0.1530754442156226,-0.061313606531362225,-0.09731541653992754,-0.32649558138826723,-1.435727136947556
2019,Damarkus Lodge,WR,Mississippi,6-2,202.0,4.55,33.5,11.0,119.0,7.06,4.53,False,0,0,74.0,0,-0.02939473789063651,0.5590530483189408,0.4443128856232186,-0.6074671427691488,-0.8682048621372848,-0.428189942771717,0.4824105087165082,1.9358130489159413
2019,David Long,CB,Michigan,5-11,196.0,4.45,39.5,15.0,120.0,6.45,3.97,True,3,79,71.0,0,0.30006450857216294,-0.25656352291434187,-0.5141501282973614,1.350646998822404,0.1862688448676012,-0.4767795234242289,-2.6911527279450644,-1.600579935680009
2019,Julian Love,CB,Notre Dame,5-11,195.0,4.54,36.0,14.0,121.0,6.72,4.1,True,4,108,71.0,0,0.18468134145340132,-0.25656352291434187,0.48844262188249526,0.07034619785533391,-0.08050602617159051,-0.30007834040077574,-1.124760751720392,-0.5524505411378419
2019,Alize Mack,TE,Notre Dame,6-4,249.0,4.7,36.0,22.0,120.0,7.27,4.34,True,7,231,76.0,0,-0.2269339571762332,-0.14819588274726075,-0.26667161459755523,0.8433745672693095,0.6333420706229257,0.5117975190754556,0.5730641785621367,-0.32572182685349726
2019,Daylon Mack,DL,Texas A&M,6-1,336.0,5.1,27.0,30.0,102.0,8.02,4.95,True,5,160,73.0,0,2.1491384408265244,-1.5048351259851314,0.6177470025553793,-1.0733217316082233,0.8828367057678123,-1.227371826654443,1.3441963018223713,1.4274705420134637
2019,Alexander Mattison,RB,Boise State,5-11,221.0,4.67,35.0,22.0,127.0,7.13,4.29,True,3,102,71.0,0,0.6062916662928336,0.43573769960030895,0.9937367468088982,0.1223947219532567,0.6712903602133796,1.4829896037006138,0.4148094042167888,0.0022395480078713087
2019,Erik McCoy,OL,Texas A&M,6-4,303.0,4.89,31.0,29.0,107.0,8.28,4.62,True,2,48,76.0,0,-0.33511787678776156,-0.1542904311344542,-1.7308336505795285,0.7212318378459897,0.6859494996759774,0.1970791982329846,1.5798889446731825,-0.790469023252958
2019,Kaleb McGary,OT,Washington,6-7,317.0,5.05,33.5,23.0,111.0,7.66,4.58,True,1,31,79.0,0,0.3344468399958206,1.195594082935749,-0.942066247985371,1.7420505328680336,-0.23862346038933205,1.0321495952508644,-0.530880665997842,-0.9707443174883963
2019,Connor McGovern,OL,Penn State,6-5,308.0,5.2,28.5,28.0,112.0,7.66,4.57,True,3,90,77.0,2,-0.049315005279804924,0.4752145278941075,-0.016804210199800676,-0.07493317795802461,0.4899639283399838,0.9471567437465832,-0.39700414715768423,-1.066591764252279
2019,Mark McLaurin,S,Mississippi State,6-1,212.0,4.77,36.0,12.0,121.0,6.975,4.46,False,0,0,73.0,2,0.6342115738707568,0.5108267420072936,2.0709349760721256,0.24274110270956936,-1.245150569874943,-0.07685770313871888,0.04632965387590674,2.1285403310804996
2019,Terry McLaurin,WR,Ohio State,6-0,208.0,4.35,37.5,18.0,125.0,7.01,4.15,True,3,76,72.0,0,0.3742929958074339,-0.3187284147428101,-1.6530394158979227,0.6940225234861273,1.0014955727521488,0.6160933430724883,0.22623252151399073,-0.7396008894516405
2019,Trace McSorley,QB,Penn State,6-0,202.0,4.57,33.0,16.0,115.0,7.09,4.12,True,6,197,72.0,1,-1.8908520781770002,-1.6571668772219534,-1.474084058842081,0.5416515718398944,-0.061313606531362225,0.3640639243770481,-0.018283752557743074,-1.435727136947556
2019,D.K. Metcalf,WR,Mississippi,6-3,228.0,4.33,40.5,27.0,134.0,7.38,4.5,True,2,64,75.0,0,1.7199187748010019,0.9979437798498162,-1.8627746460500323,1.6701397731775842,3.4053961318957064,2.1825182718387963,2.121949626812627,1.7245961590448147
2019,Jakobi Meyers,WR,North Carolina State,6-2,203.0,4.63,37.0,13.0,118.0,7.07,4.23,False,0,0,74.0,0,0.037886551059041894,0.5590530483189408,1.2832538062316752,0.5313363152042178,-0.33400473788316093,-0.6022371570790845,0.5336461061570154,-0.1763558497953068
2019,Joshua Miles,OT,Morgan State,6-5,314.0,5.32,36.0,24.0,109.0,8.07,4.75,True,7,248,77.0,1,0.05608479684270086,-0.5626325096168238,0.5703683335450609,2.546899341687967,0.0010652833053096855,0.7307431592593727,0.9116448550124953,-0.08286841734657058
2019,Jordan Miller,CB,Washington,6-1,186.0,4.49,37.0,6.0,125.0,6.92,4.16,True,5,172,73.0,2,-0.8537671626154533,0.991184257589951,-0.06855335043964621,0.4361464267030682,-2.2147049944851243,0.406726391693037,0.03552960103862786,-0.06869851288760483
2019,Shareef Miller,EDGE,Penn State,6-4,254.0,4.69,29.5,16.0,119.0,7.14,4.45,True,4,138,76.0,2,0.21944149613374034,0.2586583365121535,0.07263474768460246,-1.306241359931846,-1.9472345420678383,-0.0031553406147828383,-0.01435998564640853,0.7800206928649455
2019,Gardner Minshew,QB,Washington State,6-1,225.0,4.97,33.5,16.0,116.0,7.14,4.45,True,6,178,73.0,1,0.2891702413524735,-1.0740286321557804,1.0191111481817903,0.7153333258537737,-0.061313606531362225,0.51785703801604,0.23855943813436117,0.7886978516229158
2019,Dillon Mitchell,WR,Oregon,6-1,197.0,4.46,36.5,12.0,122.0,6.96,4.29,True,7,239,73.0,1,-0.3658011826390285,0.1201623167880653,-0.4994956500612927,0.3686501069223082,-0.6011048000102228,0.09395170015038568,-0.029945465688526695,0.2460779299469403
2019,David Montgomery,RB,Iowa State,5-10,222.0,4.63,28.5,15.0,121.0,7.07,4.28,True,3,73,70.0,2,0.6819528577062368,-0.10357699416728292,0.6137323181462994,-1.948819409031578,-0.9107696414489216,0.38663009251925384,0.04887238355426378,-0.07290972958950806
2019,Foster Moreau,TE,LSU,6-4,253.0,4.66,36.5,22.0,121.0,7.16,4.11,True,4,137,76.0,0,0.2348965521648748,-0.14819588274726075,-0.5400198381025635,1.006065448316826,0.6333420706229257,0.6840465873909862,0.014873421428332756,-1.9531110291852123
2019,Stanley Morgan,WR,Nebraska,6-0,202.0,4.53,38.5,14.0,125.0,6.78,4.13,False,0,0,72.0,0,-0.02939473789063651,-0.3187284147428101,0.2345776554711091,1.0193949400499462,-0.06690467575609896,0.6160933430724883,-0.9521862196175913,-0.880412149365727
2019,Byron Murphy,CB,Washington,5-11,190.0,4.55,36.5,14.0,120.0,6.92,4.16,True,2,33,71.0,2,-0.3922344941404068,-0.25656352291434187,0.5998418163469216,0.2532463122792011,-0.08050602617159051,-0.4767795234242289,0.03552960103862786,-0.06869851288760483
2019,Nyqwan Murray,WR,Florida State,5-10,191.0,4.63,34.0,8.0,113.0,7.2,4.4,False,0,0,70.0,0,-0.7694889163370989,-1.196509877804561,1.2832538062316752,-0.4447809344872393,-1.6695050485184706,-1.4724732286159223,1.1997088728835625,1.0205398594744006
2019,Isaac Nauta,TE,Georgia,6-3,244.0,4.91,28.0,19.0,117.0,7.45,4.43,True,7,224,75.0,1,-0.8042220938526181,-0.8267770300636582,1.1684065588037367,-1.7596795294909569,-0.22760730663011358,-0.004949685871136246,1.4864672356901873,0.3110826436241307
2019,Anthony Nelson,DL,Iowa,6-7,271.0,4.82,35.5,18.0,118.0,6.95,4.23,True,4,107,79.0,0,-0.7304904824064498,2.6624006075121462,-0.7037491319433967,1.3011465294683817,-1.6328984980032617,0.8158830061575771,-1.8022816725455033,-1.603331919404372
2019,Yosh Nijman,OT,Virginia Tech,6-7,324.0,5.22,28.5,27.0,114.0,8.07,4.5,False,0,0,79.0,2,0.9839582740197667,1.195594082935749,0.010207377422676696,0.13235291522816692,0.720131514389235,1.484259249238102,0.9116448550124953,-1.3885682704963147
2019,Bobby Okereke,LB,Stanford,6-1,239.0,4.58,33.5,21.0,122.0,7.25,4.26,True,3,89,73.0,1,0.26571234708614294,-0.3046511445718878,-0.5761623390589865,-0.2079770689788551,0.0564107207590723,0.3408348109880797,0.6568689870003263,-0.46939246273895624
2019,Josh Oliver,TE,San Jose State,6-5,249.0,4.63,34.0,22.0,117.0,7.21,4.47,True,3,69,77.0,0,-0.2269339571762332,0.5303852645691367,-0.7450310057313212,0.19261104307924293,0.6333420706229257,-0.004949685871136246,0.26859649285278947,0.5941068527252993
2019,Qadree Ollison,RB,Pittsburgh,6-1,228.0,4.58,29.5,19.0,114.0,7.53,4.31,True,5,152,73.0,0,1.1359200061866561,1.5143670871354926,0.13872678231805277,-1.6301710811877572,-0.006735354784749435,-0.8924560038589996,2.8543895419669734,0.15253810320263003
2019,Charles Omenihu,DL,Texas,6-5,280.0,4.92,36.5,25.0,115.0,7.48,4.36,True,5,161,77.0,1,-0.33177263149726877,1.2733220296797205,-0.23178622676526306,1.5804957366538648,-0.16538629580346853,0.4327727250053233,-0.24374585346608726,-1.0561036972039297
2019,Iosua Opeta,OL,Weber State,6-4,301.0,5.02,33.0,39.0,112.0,8.06,4.94,False,0,0,76.0,0,-0.44943902539094427,-0.1542904311344542,-1.0120471110654508,1.358163850489201,2.6458052130359127,0.9471567437465832,0.8784107507977165,0.976716519142704
2019,Amani Oruwariye,CB,Penn State,6-2,205.0,4.47,36.5,17.0,120.0,6.82,4.16,True,5,146,74.0,0,1.3385130126410174,1.6150581478420973,-0.2913517393685087,0.2532463122792011,0.7198185869459847,-0.4767795234242289,-0.5446155753408795,-0.06869851288760483
2019,Javon Patterson,OL,Mississippi,6-3,307.0,5.13,27.5,27.0,98.0,7.72,4.78,True,7,246,75.0,0,-0.10647557958139625,-0.7837953901630159,-0.40384311609199824,-0.39339918427963033,0.2939783570039903,-1.153060383691493,-0.20569191246437554,0.09312374794487295
2019,Ross Pierschbacher,OT,Alabama,6-4,307.0,5.2,22.5,20.0,104.0,7.83,4.7,True,5,153,76.0,1,-0.5934266371812452,-1.44174580589311,-0.10182481380179717,-1.799284225939673,-0.9576896914732573,-0.022772930719356425,0.06723967198205352,-0.3440083879765185
2019,Trey Pipkins,OT,Sioux Falls,6-6,309.0,5.12,33.5,16.0,114.0,7.61,4.7,True,3,91,78.0,0,-0.407851941745832,0.3164807866594626,-0.5499535786997025,1.7420505328680336,-1.9164446662518242,1.484259249238102,-0.7067984124625165,-0.3440083879765185
2019,Tony Pollard,RB,Memphis,6-0,210.0,4.52,35.0,13.0,121.0,7.07,4.28,True,4,128,72.0,2,-0.22598143925460168,0.9750523933679008,-0.43127986067584984,0.1223947219532567,-1.3627867847810076,0.38663009251925384,0.04887238355426378,-0.07290972958950806
2019,Germaine Pratt,LB,North Carolina State,6-2,240.0,4.57,32.5,24.0,116.0,7.09,4.32,True,3,72,74.0,2,0.3466158079899836,0.31683719035477004,-0.6417522481929322,-0.522253528769124,0.806918570858031,-0.6338890409965239,-0.13428244236095316,-0.059594763457584944
2019,Isaiah Prince,OT,Ohio State,6-6,305.0,5.09,27.0,23.0,115.0,7.9,5.02,True,6,202,78.0,0,-0.7790013326166583,0.3164807866594626,-0.7180018655364183,-0.3505563700637931,-0.23862346038933205,1.6349624672338479,0.3135245170325998,1.3272874240551509
2019,Ryan Pulley,CB,Arkansas,5-11,209.0,4.61,31.0,11.0,111.0,6.92,4.16,False,0,0,71.0,2,1.800045681116064,-0.25656352291434187,1.2682369831334994,-1.7586549463833374,-0.8808306392891657,-2.0670901706353075,0.03552960103862786,-0.06869851288760483
2019,Taylor Rapp,S,Washington,6-0,208.0,4.56,35.0,17.0,115.0,6.82,3.99,True,2,61,72.0,1,0.1831247121943285,-0.13287400803657493,0.01927076476327049,-0.10770631709629744,0.04497692172552077,-1.0923109930927024,-0.8533709234039079,-1.9957078217657107
2019,Wyatt Ray,EDGE,Boston Col.,6-3,257.0,4.83,34.0,25.0,118.0,7.34,4.31,False,0,0,75.0,0,0.5744203869383222,-0.4526520888962762,1.0713625283478514,0.09786173054863959,0.6791444724378295,-0.17669907442786115,1.421638578993966,-0.5788388852029469
2019,Dax Raymond,TE,Utah State,6-5,255.0,4.73,32.0,15.0,109.0,7.15,4.39,False,0,0,77.0,0,0.4658118068354288,0.5303852645691367,-0.0616604469687975,-0.45815248111082363,-1.375539809634166,-1.382942232395381,-0.03587119285655769,0.028058434522962014
2019,Sheldrick Redwine,S,Miami (FL),6-0,196.0,4.44,39.0,17.0,130.0,6.975,4.14,True,4,119,72.0,2,-1.1701358728349562,-0.13287400803657493,-1.153108784556068,1.29408336212717,0.04497692172552077,1.4463222317922566,0.04632965387590674,-0.6794584112828815
2019,Hunter Renfrow,WR,Clemson,5-10,184.0,4.59,35.0,7.0,116.0,6.8,4.19,True,5,149,70.0,0,-1.2404579389848478,-1.196509877804561,0.8637833459274469,-0.11940851792342029,-1.9366051106455326,-0.9503315856938197,-0.8497150247365861,-0.4579783696234736
2019,Riley Ridley,WR,Georgia,6-1,199.0,4.58,30.5,13.0,124.0,7.22,4.28,True,4,126,73.0,0,-0.23123860473967173,0.1201623167880653,0.7589157308513921,-1.583584392460606,-0.33400473788316093,0.4420461287651208,1.3021800677645676,0.17567229998990017
2019,Dalton Risner,OT,Kansas State,6-5,312.0,5.3,28.5,23.0,110.0,7.69,4.52,True,2,41,77.0,0,-0.1294898985927123,-0.5626325096168238,0.45833614232058206,0.13235291522816692,-0.23862346038933205,0.8814463772551185,-0.4253300181190359,-1.2841122822443374
2019,Tyler Roemer,OT,San Diego State,6-6,312.0,5.21,30.5,18.0,108.0,7.75,4.76,False,0,0,78.0,0,-0.1294898985927123,0.3164807866594626,-0.045808718189560234,0.7762319622841136,-1.4370671788625409,0.5800399412636269,-0.21422872236142707,-0.030640423220581928
2019,Dontavius Russell,DL,Auburn,6-3,319.0,5.15,31.0,24.0,112.0,7.81,4.77,True,7,235,75.0,2,1.3960047224425156,-0.11575654815270545,0.8537284551444503,0.04407509713370848,-0.3750308961177247,0.04966244385306953,0.7266632414324142,0.6697699266590019
2019,Brett Rypien,QB,Boise State,6-2,210.0,4.91,33.0,16.0,116.0,7.1,4.29,False,0,0,74.0,1,-1.1325834452971832,-0.4908903870896071,0.6451318671282116,0.5416515718398944,-0.061313606531362225,0.51785703801604,0.03308488558067686,-0.28981123374458634
2019,Dru Samia,OT,Oklahoma,6-5,305.0,5.29,27.5,28.0,101.0,7.89,4.7,True,4,114,77.0,0,-0.7790013326166583,-0.5626325096168238,0.40232004670834515,-0.18958660829980642,0.9598202580838767,-0.47488258470659395,0.2783409677396624,-0.3440083879765185
2019,Drew Sample,TE,Washington,6-5,255.0,4.71,33.5,19.0,115.0,7.15,4.31,True,2,52,77.0,1,0.4658118068354288,0.5303852645691367,-0.19833455872130468,0.029920162031726295,-0.22760730663011358,-0.34944782250219747,-0.03587119285655769,-0.5379899836793753
2019,Deebo Samuel,WR,South Carolina,5-11,214.0,4.48,39.0,15.0,122.0,7.03,4.14,True,2,36,71.0,0,0.7779807295055043,-0.7576191462736855,-0.2897604199091739,1.1820811483318556,0.20019538637096299,0.09395170015038568,0.32870371639500046,-0.8100065194086868
2019,Miles Sanders,RB,Penn State,5-11,211.0,4.49,36.0,20.0,124.0,6.89,4.19,True,2,53,71.0,0,-0.15032024784119846,0.43573769960030895,-0.7162831821727927,0.4410430497970774,0.2192732168812936,0.934809848109934,-1.0489386784333221,-0.7492532279659357
2019,Khalen Saunders,DL,Western Illinois,6-0,324.0,5.01,30.5,27.0,101.0,7.57,4.62,True,3,84,72.0,0,1.6175146396142828,-2.199374414901344,0.19298038789505811,-0.09559950645903299,0.2539029048250438,-1.3550752537051944,0.020911172415322477,0.03835274719695487
2019,Darnell Savage,S,Maryland,5-11,198.0,4.36,39.5,11.0,126.0,7.03,4.14,True,1,21,71.0,0,-0.9445924419967422,-0.7765747580804434,-1.934695150768966,1.4693070720301031,-1.5031760681950357,0.7693533718229342,0.3655782458139103,-0.6794584112828815
2019,Jordan Scarlett,RB,Florida,5-11,208.0,4.47,30.0,21.0,116.0,7.37,4.63,True,5,154,71.0,0,-0.3773038220814081,0.43573769960030895,-0.9062853965040963,-1.470846917265847,0.44528178854733663,-0.5270028334652128,1.8785574868668997,2.5573149863188234
2019,Max Scharping,OT,Northern Illinois,6-6,327.0,5.22,28.0,27.0,108.0,7.77,4.69,True,2,55,78.0,1,1.2623203171728863,0.3164807866594626,0.010207377422676696,-0.02861684653581975,0.720131514389235,0.5800399412636269,-0.14386162377555847,-0.39623638210250717
2019,Lj Scott,RB,Michigan State,6-0,227.0,4.57,33.0,21.0,120.0,7.27,4.34,False,0,0,72.0,1,1.060258814773253,0.9750523933679008,0.04372567515240514,-0.5149019337343848,0.44528178854733663,0.2039035073223605,1.2686624524293508,0.3779859359947748
2019,Kyle Shurmur,QB,Vanderbilt,6-4,230.0,4.91,29.5,16.0,106.0,7.51,4.53,False,0,0,76.0,1,0.763088136902359,0.6753861030427393,0.6451318671282116,-0.6741207062572604,-0.061313606531362225,-1.0200740983738787,2.13919904925594,1.327952394306667
2019,David Sills,WR,West Virginia,6-3,211.0,4.57,37.5,14.0,117.0,6.97,4.28,False,0,0,75.0,0,0.5761368626564691,0.9979437798498162,0.6540481157753374,0.6940225234861273,-0.06690467575609896,-0.7762843713864521,0.02129013175197588,0.17567229998990017
2019,Devin Singletary,RB,Florida Atlantic,5-7,203.0,4.66,35.0,15.0,117.0,7.32,4.4,True,3,74,67.0,0,-0.7556097791484241,-1.7215210754700585,0.8987356396432507,0.1223947219532567,-0.9107696414489216,-0.34427624826831954,1.5736099696481278,0.8288816015790644
2019,Chris Slayton,DL,Syracuse,6-4,307.0,5.13,29.0,28.0,101.0,7.555,4.73,True,7,245,76.0,1,0.8643809212302743,0.5787827407635076,0.7593358741088211,-0.5146233172372574,0.46354750513929993,-1.3550752537051944,-0.023198331898247555,0.5013920121357923
2019,Darius Slayton,WR,Auburn,6-1,190.0,4.39,40.5,11.0,135.0,7.0,4.15,True,5,171,73.0,0,-0.8367702052867774,0.1201623167880653,-1.2335689555936944,1.6701397731775842,-0.8682048621372848,2.356565486146164,0.17499692407348816,-0.7396008894516405
2019,Cameron Smith,LB,USC,6-2,238.0,4.69,39.0,15.0,123.0,7.09,4.23,True,5,162,74.0,1,0.18480888618230235,0.31683719035477004,0.14532666141443362,1.5205434598676242,-1.444604979438845,0.503288786318847,-0.13428244236095316,-0.6742913123796358
2019,Irv Smith,TE,Alabama,6-2,242.0,4.63,32.5,19.0,110.0,7.32,4.33,True,2,50,74.0,0,-1.035137348523172,-1.5053581773800555,-0.7450310057313212,-0.29546160006330696,-0.22760730663011358,-1.2106931640798504,0.8267872499865979,-0.39647787912878785
2019,Jaylen Smith,WR,Louisville,6-2,219.0,4.47,34.5,14.0,122.0,7.55,4.48,False,0,0,74.0,0,1.1143871742538962,0.5590530483189408,-0.39462803498523796,-0.2820947262053298,-0.06690467575609896,0.09395170015038568,2.992954783301189,1.5837848991307342
2019,Kaden Smith,TE,Stanford,6-5,255.0,4.92,32.0,15.0,108.0,7.08,4.47,True,6,176,77.0,0,0.4658118068354288,0.5303852645691367,1.2367436146799873,-0.45815248111082363,-1.375539809634166,-1.5551913007109117,-0.39108349285079985,0.5941068527252993
2019,Saivion Smith,CB,Alabama,6-1,199.0,4.5,33.0,11.0,121.0,7.09,4.37,False,0,0,73.0,1,0.6462140099284478,0.991184257589951,0.042845844024780116,-1.027054488687869,-0.8808306392891657,-0.30007834040077574,1.0217764008837933,1.6244335859882104
2019,Sutton Smith,EDGE,Northern Illinois,6-0,233.0,4.69,31.5,25.0,118.0,6.75,4.32,True,6,175,72.0,0,-2.2654107394983325,-2.5865833651215655,0.07263474768460246,-0.6821955419405191,0.6791444724378295,-0.17669907442786115,-2.814557186695134,-0.4817774867695198
2019,Benny Snell,RB,Kentucky,5-10,224.0,4.66,29.5,16.0,119.0,7.07,4.33,True,4,122,70.0,0,0.8332752405330432,-0.10357699416728292,0.8987356396432507,-1.6301710811877572,-0.6847610697828785,0.02117692212546717,0.04887238355426378,0.30283665839739543
2019,Jace Sternberger,TE,Texas A&M,6-4,251.0,4.75,31.5,17.0,113.0,7.19,4.31,True,3,75,76.0,0,0.003981297494320801,-0.14819588274726075,0.0750136647837036,-0.6208433621583402,-0.8015735581321398,-0.6939459591332586,0.1671072642830086,-0.5379899836793753
2019,Easton Stick,QB,North Dakota State,6-1,224.0,4.62,33.5,16.0,118.0,6.65,4.05,True,5,166,73.0,1,0.19438666224249634,-1.0740286321557804,-1.1624346579640976,0.7153333258537737,-0.061313606531362225,0.8254432652940238,-2.278503830648266,-1.9075748617958397
2019,Jarrett Stidham,QB,Auburn,6-2,218.0,4.81,31.0,16.0,110.0,7.28,4.33,True,4,133,74.0,1,-0.3743148124173663,-0.4908903870896071,0.021833065372239627,-0.1530754442156226,-0.061313606531362225,-0.4049016438179113,0.9577203720722585,-0.020183962402710812
2019,Ty Summers,LB,TCU,6-1,241.0,4.51,36.0,27.0,123.0,7.09,4.32,True,7,226,73.0,2,0.4275192688938242,-0.3046511445718878,-1.035291702996618,0.5777140804968173,1.5574264209569897,0.503288786318847,-0.13428244236095316,-0.059594763457584944
2019,Montez Sweat,EDGE,Mississippi State,6-6,260.0,4.41,36.0,21.0,125.0,7.0,4.29,True,1,26,78.0,0,0.929399277742904,1.681279187329013,-1.9248208136419016,0.7219075485399665,-0.48813508956468954,1.038107062263687,-1.0195589808946677,-0.7729616820697838
2019,William Sweet,OT,North Carolina,6-6,313.0,5.27,30.5,23.0,111.0,8.01,5.0,False,0,0,78.0,0,-0.036702550875005714,0.3164807866594626,0.2902878554838663,0.7762319622841136,-0.23862346038933205,1.0321495952508644,0.7005435592548833,1.2228314358031735
2019,Jordan Ta'amu,QB,Mississippi,6-3,221.0,4.77,27.5,16.0,109.0,7.06,4.36,False,0,0,75.0,1,-0.089964075087435,0.09224785797656607,-0.22748645533014805,-1.3688477223127775,-0.061313606531362225,-0.5586947574569032,-0.17238966697300745,0.18203649110369735
2019,Sione Takitaki,LB,BYU,6-1,238.0,4.63,37.0,24.0,125.0,7.21,4.28,True,3,80,73.0,0,0.18480888618230235,-0.3046511445718878,-0.24821279338925223,0.8919905402870862,0.806918570858031,0.8281967369803815,0.45908112966000636,-0.3327932296451638
2019,Marvell Tell,S,USC,6-2,198.0,4.56,42.0,17.0,136.0,6.63,4.01,True,5,144,74.0,2,-0.9445924419967422,1.1545274920511621,0.01927076476327049,2.3454256215447704,0.04497692172552077,2.4617755217462403,-1.9562296955533647,-1.8202079003680032
2019,Derrek Thomas,CB,Baylor,6-3,189.0,4.44,39.5,8.0,131.0,6.92,4.16,False,0,0,75.0,2,-0.5076176612591684,2.238932038094244,-0.6255493227617877,1.350646998822404,-1.6811552524067408,1.466933489833756,0.03552960103862786,-0.06869851288760483
2019,Cody Thompson,WR,Toledo,6-1,205.0,4.57,38.5,19.0,119.0,6.87,4.03,False,0,0,73.0,0,0.1724491289583987,0.1201623167880653,0.6540481157753374,1.0193949400499462,1.2685956348792107,-0.428189942771717,-0.491065842653059,-1.584468448936141
2019,Juan Thornhill,S,Virginia,6-0,205.0,4.42,44.0,21.0,141.0,6.975,4.21,True,2,63,72.0,2,-0.1551904340629927,-0.13287400803657493,-1.3485053761092967,3.046320461156504,1.0770789150058917,3.307986596707893,0.04632965387590674,-0.06520868639088993
2019,Jerry Tillery,DL,Notre Dame,6-6,295.0,4.93,32.0,23.0,115.0,7.45,4.33,True,1,28,78.0,0,0.3327571200180329,1.9678613185959335,-0.18458993624745054,0.32342430431919145,-0.5846754964319809,0.4327727250053233,-0.33196486209322473,-1.1823871330963405
2019,Drue Tranquill,LB,Notre Dame,6-2,234.0,4.57,37.5,31.0,122.0,6.94,4.14,True,4,130,74.0,0,-0.1388049574330601,0.31683719035477004,-0.6417522481929322,1.0491287701822207,2.5581035544222677,0.3408348109880797,-0.8759869073871492,-1.2889878613016927
2019,Oli Udoh,OT,Elon,6-5,323.0,5.05,28.5,26.0,105.0,7.88,5.05,False,0,0,77.0,0,0.8911709263020601,-0.5626325096168238,-0.942066247985371,0.13235291522816692,0.4804427706945932,0.12793028727638941,0.2431574184467281,1.4839714064331215
2019,Kahale Warring,TE,San Diego State,6-5,252.0,4.67,36.5,19.0,122.0,7.21,4.25,True,3,86,77.0,0,0.1194389248295978,0.5303852645691367,-0.47168278222631294,1.006065448316826,-0.22760730663011358,0.8562956557065168,0.26859649285278947,-0.9625262973311252
2019,Jamarius Way,WR,South Alabama,6-3,215.0,4.63,32.5,16.0,119.0,6.96,4.66,False,0,0,75.0,1,0.8452620184551827,0.9979437798498162,1.2832538062316752,-0.9328395593329678,0.46729544849802496,-0.428189942771717,-0.029945465688526695,2.8510862383574818
2019,Ken Webster,CB,Mississippi,5-11,203.0,4.43,43.0,18.0,133.0,6.85,4.14,True,7,252,71.0,0,1.1077466784034942,-0.25656352291434187,-0.7369485172262239,2.6309477997894737,0.9865934579851764,1.8203358558806624,-0.3705720224270303,-0.22994918897101954
2019,Trevon Wesco,TE,West Virginia,6-3,267.0,4.89,31.0,24.0,117.0,7.18,4.38,True,4,121,75.0,0,1.8513033348587526,-0.8267770300636582,1.0317324470512295,-0.783534243205857,1.2073083221249519,-0.004949685871136246,0.11636264999811365,-0.04269761775232858
2019,Alex Wesley,WR,Northern Colorado,6-0,190.0,4.45,38.5,13.0,125.0,7.4,4.44,False,0,0,72.0,0,-0.8367702052867774,-0.3187284147428101,-0.6043632651373474,1.0193949400499462,-0.33400473788316093,0.6160933430724883,2.224420821693637,1.3021623793025674
2019,Antoine Wesley,WR,Texas Tech,6-4,206.0,4.51,37.0,6.0,117.0,7.07,4.26,False,0,0,76.0,1,0.2397304179080771,1.4368345113806915,0.02484242531899031,0.5313363152042178,-2.2037051727725947,-0.7762843713864521,0.5336461061570154,0.03486104007581362
2019,Darius West,S,Kentucky,5-11,208.0,4.39,33.5,19.0,113.0,6.975,4.21,False,0,0,71.0,2,0.1831247121943285,-0.7765747580804434,-1.6416002634391358,-0.6333774468050977,0.5610279183657063,-1.4307954230773636,0.04632965387590674,-0.06520868639088993
2019,Devin White,LB,LSU,6-0,237.0,4.42,39.5,22.0,118.0,7.07,4.17,True,1,5,72.0,0,0.10390542527846174,-0.9261394794985457,-1.625600885202141,1.6776816897627587,0.3065800041253919,-0.3089810903349894,-0.23317637103111089,-1.0840890116610071
2019,Christian Wilkins,DL,Clemson,6-3,315.0,5.04,29.5,28.0,107.0,7.555,4.55,True,1,13,75.0,1,1.2187967887051019,-0.11575654815270545,0.3345692594484999,-0.374948713644516,0.46354750513929993,-0.5888546914006868,-0.023198331898247555,-0.25630860321866933
2019,Dexter Williams,RB,Notre Dame,5-11,212.0,4.57,36.0,17.0,130.0,7.0,4.16,True,6,194,71.0,0,-0.07465905642779525,0.43573769960030895,0.04372567515240514,0.4410430497970774,-0.4587524981168355,2.031169359291294,-0.3780541405520199,-0.9747010607580805
2019,James Williams,RB,Washington State,5-9,197.0,4.58,36.5,19.0,118.0,7.01,4.25,False,0,0,69.0,1,-1.2095769276288435,-0.6428916879348747,0.13872678231805277,0.6003672137189878,-0.006735354784749435,-0.16154966307142618,-0.31706463710826666,-0.29835756238165284
2019,Jonah Williams,OT,Alabama,6-4,302.0,5.12,28.0,23.0,100.0,8.01,4.79,True,1,11,76.0,0,-1.057363375769778,-1.44174580589311,-0.5499535786997025,-0.02861684653581975,-0.23862346038933205,-0.6255858027023398,0.7005435592548833,0.12604355915738868
2019,Trayveon Williams,RB,Texas A&M,5-8,206.0,4.51,33.0,19.0,121.0,7.44,4.44,True,6,182,68.0,0,-0.5286262049082145,-1.1822063817024666,-0.5262809678414975,-0.5149019337343848,-0.006735354784749435,0.38663009251925384,2.305484010973183,1.1294787119685885
2019,Khari Willis,S,Michigan State,5-11,213.0,4.52,34.5,22.0,118.0,6.975,4.21,True,4,109,71.0,2,0.7469832892898638,-0.7765747580804434,-0.3715224183431785,-0.28293002699923087,1.3351044133259846,-0.5845843481157107,0.04632965387590674,-0.06520868639088993
2019,Caleb Wilson,TE,UCLA,6-4,240.0,4.56,29.0,19.0,113.0,7.2,4.4,True,7,254,76.0,1,-1.266052603193726,-0.14819588274726075,-1.2233903968650872,-1.4342977673959234,-0.22760730663011358,-0.6939459591332586,0.21785187856789906,0.0988144867982589
2019,Andrew Wingard,S,Wyoming,6-0,209.0,4.56,36.5,9.0,121.0,7.08,4.2,False,0,0,72.0,0,0.29589642761343554,-0.13287400803657493,0.01927076476327049,0.4179648126125028,-2.019227064835221,-0.07685770313871888,0.6558042384848184,-0.15295864708974366
2019,Chase Winovich,EDGE,Michigan,6-3,256.0,4.59,30.5,18.0,116.0,6.94,4.11,True,3,77,75.0,0,0.45609409000346157,-0.4526520888962762,-0.6407422385034379,-0.9942184509361826,-1.3635947610665788,-0.5237865420540178,-1.4503585502867768,-2.52006685387135
2019,Daniel Wise,DL,Kansas,6-3,281.0,5.28,27.5,22.0,112.0,7.53,4.37,False,0,0,75.0,0,-0.2874706480629153,-0.11575654815270545,1.4672802318760259,-0.9336471280154819,-0.794320096746237,0.04966244385306953,-0.09671417242085992,-1.0140092185731273
2019,Zedrick Woods,S,Mississippi,5-11,205.0,4.29,34.5,19.0,122.0,7.0,4.15,False,0,0,71.0,0,-0.1551904340629927,-0.7765747580804434,-2.6185832212052538,-0.28293002699923087,0.5610279183657063,0.09238451185361173,0.19144265021136336,-0.59170845058402
2019,Evan Worthington,S,Colorado,6-2,212.0,4.63,33.5,17.0,121.0,7.07,4.37,False,0,0,74.0,0,0.6342115738707568,1.1545274920511621,0.7031588351995585,-0.6333774468050977,0.04497692172552077,-0.07685770313871888,0.5977590399506377,1.3387906847908007
2019,Renell Wren,DL,Arizona State,6-5,318.0,5.01,32.0,30.0,118.0,7.65,4.53,True,4,125,77.0,0,1.3517027390081622,1.2733220296797205,0.19298038789505811,0.32342430431919145,0.8828367057678123,0.8158830061575771,0.25616186208768726,-0.34049756048027413
2019,Oshane Ximines,EDGE,Old Dominion,6-3,253.0,4.78,34.0,24.0,118.0,7.13,4.57,True,3,95,75.0,0,0.10111519919887972,-0.4526520888962762,0.7146740352538343,0.09786173054863959,0.3873245819371997,-0.17669907442786115,-0.08615991387842567,1.9447574740659925
2019,Rock Ya-Sin,CB,Temple,6-0,192.0,4.51,39.5,18.0,120.0,7.31,4.31,True,2,34,72.0,0,-0.16146815990288352,0.36731036733780453,0.15424503848920643,1.350646998822404,0.9865934579851764,-0.4767795234242289,2.298095788918712,1.1406815577379734
2020,Hakeem Adeniji,OL,Kansas,6-4,302.0,5.17,34.0,26.0,115.0,7.76,4.765,True,6,180,76.0,2,-0.39227845108935294,-0.1542904311344542,-0.18267802701074318,1.676629856810807,0.09799278566799677,1.3972032710547424,-0.07815042266883548,0.010286925645073232
2020,Brandon Aiyuk,WR,Arizona State,6-0,205.0,4.5,40.0,11.0,128.0,6.96,4.25,True,1,25,72.0,2,0.1724491289583987,-0.3187284147428101,-0.08002518975706442,1.5074535648956748,-0.8682048621372848,1.138234985994591,-0.029945465688526695,-0.03554458988122652
2020,Cam Akers,RB,Florida State,5-10,217.0,4.47,35.5,20.0,122.0,7.07,4.42,True,2,52,70.0,1,0.3036469006392208,-0.10357699416728292,-0.9062853965040963,0.281718885875167,0.2192732168812936,0.5693566777161472,0.04887238355426378,0.9791801567738231
2020,Bradlee Anae,DL,Utah,6-3,257.0,4.93,31.0,25.0,115.0,7.44,4.43,True,5,179,75.0,0,-1.350718250487398,-0.11575654815270545,-0.18458993624745054,0.04407509713370848,-0.16538629580346853,0.4327727250053233,-0.36137119830226966,-0.7614423467883092
2020,Tremayne Anchrum,OL,Clemson,6-2,314.0,5.21,24.5,26.0,104.0,7.76,4.765,True,7,250,74.0,2,0.2936484405297431,-1.4133003491915777,0.038487062070511856,-1.3487972032444475,0.09799278566799677,-0.2529673290751746,-0.07815042266883548,0.010286925645073232
2020,Jet Anderson,RB,TCU,5-10,208.0,4.61,36.0,19.0,128.0,7.07,4.19,False,0,0,70.0,1,-0.3773038220814081,-0.10357699416728292,0.4237301038150041,0.4410430497970774,-0.006735354784749435,1.6657161888975074,0.04887238355426378,-0.7492532279659357
2020,Grayland Arnold,CB,Baylor,5-9,186.0,4.59,33.0,12.0,120.0,7.01,4.3,False,0,0,69.0,0,-0.8537671626154533,-1.5043113034186348,1.0454385942046367,-1.027054488687869,-0.614055768249974,-0.4767795234242289,0.5576602597801854,1.0600562196962695
2020,Devin Asiasi,TE,UCLA,6-3,257.0,4.73,30.5,16.0,115.0,7.14,4.38,True,3,91,75.0,2,0.6967270615059827,-0.8267770300636582,-0.0616604469687975,-0.9462251242533736,-1.0885566838831529,-0.34944782250219747,-0.08661580714145264,-0.04269761775232858
2020,Joe Bachie,LB,Michigan State,6-1,230.0,4.67,33.5,26.0,119.0,6.93,4.34,False,0,0,73.0,0,-0.46241880104842253,-0.3046511445718878,0.014146843146536393,-0.2079770689788551,1.30725713759067,-0.14652711500422208,-0.9254338717222326,0.07700446963620144
2020,Essang Bassey,CB,Wake Forest,5-9,191.0,4.46,39.5,12.0,128.0,6.95,4.13,False,0,0,69.0,0,-0.27685132702164517,-1.5043113034186348,-0.40275093383293503,1.350646998822404,-0.614055768249974,0.9368299407633965,0.2095731539524821,-0.3105745270127233
2020,Zack Baun,LB,Wisconsin,6-2,238.0,4.65,32.5,24.0,115.0,7.0,4.31,True,3,74,74.0,0,0.18480888618230235,0.31683719035477004,-0.117032975121355,-0.522253528769124,0.806918570858031,-0.7963430163272912,-0.5793051213766717,-0.12789438000448422
2020,Omar Bayless,WR,Arkansas State,6-1,212.0,4.62,36.0,11.0,123.0,7.35,4.5,False,0,0,73.0,0,0.6434181516061475,0.1201623167880653,1.1783861911556204,0.2059638986403987,-0.8682048621372848,0.26799891445775326,1.9682428344911147,1.7245961590448147
2020,LeVante Bellamy,RB,Western Michigan,5-9,192.0,4.5,39.5,16.0,125.0,7.07,4.28,False,0,0,69.0,2,-1.5878828846958595,-0.6428916879348747,-0.621282075007145,1.55631219725045,-0.6847610697828785,1.1175364333068272,0.04887238355426378,-0.07290972958950806
2020,Eno Benjamin,RB,Arizona State,5-9,207.0,4.57,39.0,12.0,122.0,6.97,4.25,True,7,222,69.0,0,-0.4529650134948113,-0.6428916879348747,0.04372567515240514,1.3969880333285396,-1.5887953564470507,0.5693566777161472,-0.5610226508832851,-0.29835756238165284
2020,Francis Bernard,LB,Utah,6-0,234.0,4.81,32.5,19.0,120.0,7.09,4.32,False,0,0,72.0,2,-0.1388049574330601,-0.9261394794985457,0.9324055710217937,-0.522253528769124,-0.4439278459735668,0.015926860326545177,-0.13428244236095316,-0.059594763457584944
2020,Daniel Bituli,LB,Tennessee,6-2,246.0,4.84,32.0,16.0,121.0,7.09,4.32,False,0,0,74.0,2,0.8320365734130273,0.31683719035477004,1.1291752984236365,-0.6793917586642585,-1.1944356960725255,0.17838083565731244,-0.13428244236095316,-0.059594763457584944
2020,Ross Blacklock,DL,TCU,6-3,290.0,4.9,29.0,25.0,107.0,7.77,4.67,True,2,40,75.0,1,0.11124720284626571,-0.11575654815270545,-0.32617880780088815,-0.5146233172372574,-0.16538629580346853,-0.5888546914006868,0.6090378965962319,0.24882514035097056
2020,Shaun Bradley,LB,Temple,6-1,235.0,4.51,32.5,14.0,121.0,7.07,4.24,True,6,196,73.0,0,-0.057901496529219484,-0.3046511445718878,-1.035291702996618,-0.522253528769124,-1.6947742628051645,0.17838083565731244,-0.23317637103111089,-0.6059916958327426
2020,Cameron Brown,LB,Penn State,6-5,233.0,4.72,35.5,16.0,123.0,7.09,4.32,True,6,183,77.0,2,-0.21970841833690072,2.1813021951347435,0.3420963888162707,0.4205758506016828,-1.1944356960725255,0.503288786318847,-0.13428244236095316,-0.059594763457584944
2020,Derrick Brown,DL,Auburn,6-5,326.0,5.16,27.0,28.0,108.0,8.22,4.79,True,1,7,77.0,0,1.7061186064829899,1.2733220296797205,0.9009247456622629,-1.0733217316082233,0.46354750513929993,-0.46115126434993553,1.9323230260032858,0.7539588839206104
2020,Tony Brown,WR,Colorado,6-1,198.0,4.65,33.5,14.0,119.0,7.21,4.27,False,0,0,73.0,0,-0.2985198936893501,0.1201623167880653,1.4929890363837939,-0.6074671427691488,-0.06690467575609896,-0.428189942771717,1.250944470324065,0.10526667003285377
2020,Harrison Bryant,TE,Florida Atlantic,6-5,243.0,4.73,32.5,13.0,110.0,7.41,4.37,True,4,115,77.0,0,-0.9196797211878951,0.5303852645691367,-0.0616604469687975,-0.29546160006330696,-1.9495060611361923,-1.2106931640798504,1.283488778550621,-0.11345367002761918
2020,Hunter Bryant,TE,Washington,6-2,248.0,4.74,32.5,23.0,115.0,7.08,4.46,False,0,0,74.0,0,-0.3423915845115102,-1.5053581773800555,0.0066766089074530455,-0.29546160006330696,0.9203251963739388,-0.34944782250219747,-0.39108349285079985,0.5233508004500087
2020,Kelly Bryant,QB,Missouri,6-3,229.0,4.69,35.0,16.0,125.0,7.33,4.51,False,0,0,75.0,1,0.668304557792382,0.09224785797656607,-0.7261254967349179,1.2363785878954114,-0.061313606531362225,1.901995060766967,1.2145635627643627,1.1931387586357263
2020,Myles Bryant,CB,Washington,5-8,183.0,4.62,31.5,14.0,115.0,6.81,4.02,False,0,0,68.0,1,-1.199916663971738,-2.128185193670781,1.3796361775979256,-1.5757548319594703,-0.08050602617159051,-1.3602854385414949,-0.6026300929788343,-1.1974532454714863
2020,Terrell Burgess,S,Utah,5-11,202.0,4.46,33.5,20.0,122.0,6.975,4.21,True,3,104,71.0,2,-0.4935055803203139,-0.7765747580804434,-0.9577121930028477,-0.6333774468050977,0.819053416685799,0.09238451185361173,0.04632965387590674,-0.06520868639088993
2020,Raymond Calais,RB,Louisiana-Lafayette,5-8,188.0,4.42,37.5,20.0,120.0,7.07,4.28,True,7,245,68.0,2,-1.8905276503494723,-1.1822063817024666,-1.381290932332343,0.9190155415628085,0.2192732168812936,0.2039035073223605,0.04887238355426378,-0.07290972958950806
2020,Quintez Cephus,WR,Wisconsin,6-1,202.0,4.73,38.5,23.0,124.0,7.2,4.33,True,5,166,73.0,0,-0.02939473789063651,0.1201623167880653,2.3319299569922505,1.0193949400499462,2.3369958833874587,0.4420461287651208,1.1997088728835625,0.5277004497751071
2020,Jeremy Chinn,S,Southern Illinois,6-3,221.0,4.45,41.0,20.0,138.0,6.975,4.21,True,2,64,75.0,2,1.6491570126427204,1.7982282420950304,-1.0554104887794578,1.9949782017389035,0.819053416685799,2.8002599517309013,0.04632965387590674,-0.06520868639088993
2020,Cameron Clark,OL,Charlotte,6-4,308.0,5.29,25.0,26.0,101.0,7.76,4.765,True,4,129,76.0,2,-0.049315005279804924,-0.1542904311344542,0.4808172402330219,-1.1895642000836446,0.09799278566799677,-0.7030138563833338,-0.07815042266883548,0.010286925645073232
2020,Nevelle Clarke,CB,UCF,6-1,190.0,4.5,35.0,10.0,126.0,6.88,4.31,False,0,0,73.0,1,-0.3922344941404068,0.991184257589951,0.042845844024780116,-0.29545403099240036,-1.1476055103283573,0.5834275747164901,-0.19652846951317607,1.1406815577379734
2020,Chase Claypool,WR,Notre Dame,6-4,238.0,4.42,40.5,19.0,126.0,6.96,4.25,True,2,49,76.0,2,2.392731664297786,1.4368345113806915,-0.918966110365521,1.6701397731775842,1.2685956348792107,0.7901405573798559,-0.029945465688526695,-0.03554458988122652
2020,Rodney Clemons,S,SMU,6-0,209.0,4.71,33.5,21.0,118.0,6.975,4.21,False,0,0,72.0,2,0.29589642761343554,-0.13287400803657493,1.4847452014124565,-0.6333774468050977,1.0770789150058917,-0.5845843481157107,0.04632965387590674,-0.06520868639088993
2020,Ezra Cleveland,OL,Boise State,6-6,311.0,4.93,30.0,30.0,111.0,7.26,4.46,True,2,58,78.0,0,0.12216671762496907,1.104719486922669,-1.5096685614982734,0.40276583152438394,0.8819350710119709,0.7971412346438635,-1.672419045113085,-1.674061794450789
2020,Tyrie Cleveland,WR,Florida,6-2,209.0,4.46,39.5,13.0,126.0,6.96,4.25,True,7,252,74.0,2,0.4415742847571123,0.5590530483189408,-0.4994956500612927,1.3447673566137652,-0.33400473788316093,0.7901405573798559,-0.029945465688526695,-0.03554458988122652
2020,Josiah Coatney,DL,Mississippi,6-3,308.0,5.21,27.0,22.0,99.0,8.07,4.82,False,0,0,75.0,0,0.9086829046646278,-0.11575654815270545,1.1369061982513298,-1.0733217316082233,-0.794320096746237,-1.6104821078066969,1.4912279828676012,0.8802423198130214
2020,Nick Coe,LB,Auburn,6-5,280.0,4.89,29.0,21.0,116.0,7.09,4.32,False,0,0,77.0,2,3.582754244143608,2.1813021951347435,1.4571248440933708,-1.6222211380350653,0.0564107207590723,-0.6338890409965239,-0.13428244236095316,-0.059594763457584944
2020,Kendall Coleman,DL,Syracuse,6-3,257.0,4.95,32.0,25.0,114.0,7.5,4.62,False,0,0,75.0,1,-1.350718250487398,-0.11575654815270545,-0.09019735521182128,0.32342430431919145,-0.16538629580346853,0.30506929795457205,-0.18493318104799736,0.03835274719695487
2020,Isaiah Coulter,WR,Rhode Island,6-2,198.0,4.45,36.0,14.0,121.0,7.28,4.62,True,5,171,74.0,1,-0.2985198936893501,0.5590530483189408,-0.6043632651373474,0.2059638986403987,-0.06690467575609896,-0.08009551415698189,1.6095936524075922,2.569463718529315
2020,Kamren Curl,S,Arkansas,6-1,206.0,4.6,34.5,24.0,125.0,6.975,4.21,True,7,216,73.0,2,-0.04241871864388563,0.5108267420072936,0.4100639478697195,-0.28293002699923087,1.85115540996617,0.6001111568306036,0.04632965387590674,-0.06520868639088993
2020,DeeJay Dallas,RB,Miami,5-10,217.0,4.58,33.5,19.0,119.0,7.18,4.32,True,4,144,70.0,1,0.3036469006392208,-0.10357699416728292,0.13872678231805277,-0.3555777698124744,-0.006735354784749435,0.02117692212546717,0.7197569214355605,0.22768738080001608
2020,Darrion Daniels,DL,Nebraska,6-3,311.0,5.18,27.0,21.0,109.0,7.75,4.93,False,0,0,75.0,0,1.0415888549676882,-0.11575654815270545,0.9953173266978879,-1.0733217316082233,-1.0039646970604932,-0.33344783729918426,0.5502252241781419,1.343281584751855
2020,Kevin Davidson,QB,Princeton,6-4,224.0,5.0,28.0,16.0,109.0,7.13,4.37,False,0,0,76.0,1,0.19438666224249634,0.6753861030427393,1.2061007887085824,-1.1951659682988982,-0.061313606531362225,-0.5586947574569032,0.18719079999594124,0.24944330893916475
2020,Gabriel Davis,WR,UCF,6-2,216.0,4.54,35.0,14.0,124.0,7.08,4.59,True,4,128,74.0,0,0.9125433074048611,0.5590530483189408,0.33944527054716384,-0.11940851792342029,-0.06690467575609896,0.4420461287651208,0.5848817035975179,2.358246828658188
2020,Javaris Davis,CB,Auburn,5-8,183.0,4.39,35.5,11.0,124.0,6.92,4.16,False,0,0,68.0,2,-1.199916663971738,-2.128185193670781,-1.182545295083939,-0.11255391656853322,-0.8808306392891657,0.23002520866958379,0.03552960103862786,-0.06869851288760483
2020,Raekwon Davis,DL,Alabama,6-6,311.0,5.12,28.0,24.0,111.0,7.95,4.86,True,2,56,78.0,0,1.0415888549676882,1.9678613185959335,0.7121395835910085,-0.7939725244227404,-0.3750308961177247,-0.07804098319768173,1.1383519483590538,1.0486202343362345
2020,Josiah Deguara,TE,Cincinnati,6-2,242.0,4.72,35.5,25.0,115.0,7.15,4.35,True,3,94,74.0,0,-1.035137348523172,-1.5053581773800555,-0.12999750284505412,0.6806836862217929,1.494291447875965,-0.34944782250219747,-0.03587119285655769,-0.2549657745782066
2020,AJ Dillon,RB,Boston College,6-0,247.0,4.53,41.0,23.0,131.0,7.19,4.28,True,2,62,72.0,1,2.573482643041317,0.9750523933679008,-0.33627875351019376,2.034284689016181,0.8972989318794227,2.213895944488187,0.7807464248793192,-0.07290972958950806
2020,Michael Divinity,LB,LSU,6-2,242.0,4.85,31.0,14.0,115.0,7.09,4.32,False,0,0,74.0,2,0.5084227297976648,0.31683719035477004,1.1947652075575823,-0.9936682184545275,-1.6947742628051645,-0.7963430163272912,-0.13428244236095316,-0.059594763457584944
2020,Jack Driscoll,OL,Auburn,6-5,306.0,5.02,29.5,23.0,114.0,7.76,4.765,True,4,145,77.0,2,-0.16363615388298758,0.4752145278941075,-1.0120471110654508,0.24353282836358112,-0.4899639283399838,1.2471877619520226,-0.07815042266883548,0.010286925645073232
2020,Kyle Dugger,S,Lenoir-Rhyne,6-1,217.0,4.49,42.0,17.0,134.0,6.975,4.21,True,2,37,73.0,2,1.198070150966292,0.5108267420072936,-0.6646173056730088,2.3454256215447704,0.04497692172552077,2.123291091761579,0.04632965387590674,-0.06520868639088993
2020,Devin Duvernay,WR,Texas,5-10,200.0,4.39,35.5,14.0,123.0,7.13,4.2,True,3,92,70.0,1,-0.1639573157899933,-1.196509877804561,-1.2335689555936944,0.043277690358489204,-0.06690467575609896,0.26799891445775326,0.8410596908000353,-0.38757273966643346
2020,Jacob Eason,QB,Washington,6-6,231.0,4.89,27.5,16.0,110.0,7.5,4.75,True,4,122,78.0,1,0.8578717160123361,1.8416625931750856,0.5204721067770149,-1.3688477223127775,-0.061313606531362225,-0.4049016438179113,2.08783041111752,2.8109023866869793
2020,Clyde Edwards-Helaire,RB,LSU,5-7,207.0,4.6,39.5,15.0,123.0,7.07,4.28,True,1,32,67.0,2,-0.4529650134948113,-1.7215210754700585,0.328728996649348,1.55631219725045,-0.9107696414489216,0.7520832629130405,0.04887238355426378,-0.07290972958950806
2020,Jalen Elliott,S,Notre Dame,6-0,205.0,4.8,34.0,15.0,125.0,6.87,4.3,False,0,0,72.0,0,-0.1551904340629927,-0.13287400803657493,2.3640298634019645,-0.45815373690216427,-0.47107407491466474,0.6001111568306036,-0.5631449307329998,0.7245409598988091
2020,Jordan Elliott,DL,Missouri,6-4,302.0,5.02,27.5,24.0,112.0,7.555,4.73,True,3,88,76.0,2,0.6428710040585071,0.5787827407635076,0.24017667841287063,-0.9336471280154819,-0.3750308961177247,0.04966244385306953,-0.023198331898247555,0.5013920121357923
2020,A.J. Epenesa,DL,Iowa,6-5,275.0,5.04,32.5,17.0,117.0,7.34,4.46,True,2,54,77.0,0,-0.5532825486690359,1.2733220296797205,0.3345692594484999,0.4630989079119329,-1.842543098317518,0.6881795791068258,-0.655434560392727,-0.6351589108958983
2020,Darrynton Evans,RB,Appalachian State,5-10,203.0,4.41,37.0,20.0,125.0,7.07,4.28,True,3,93,70.0,2,-0.7556097791484241,-0.10357699416728292,-1.4762920394979906,0.7596913776408981,0.2192732168812936,1.1175364333068272,0.04887238355426378,-0.07290972958950806
2020,Blake Ferguson,LS,LSU,6-3,229.0,5.07,31.0,14.0,112.0,7.43,4.52,True,6,185,75.0,1,-0.5034081111999361,0.6459037088064067,-0.06493456711757238,0.5404361177891451,-0.1618347187425377,0.3835860320359073,-0.16518766798903947,-0.10976089388026988
2020,Jake Fromm,QB,Georgia,6-2,219.0,5.01,30.0,16.0,111.0,7.27,4.51,True,5,167,74.0,1,-0.2795312333073892,-0.4908903870896071,1.268430668884178,-0.5004389522433812,-0.061313606531362225,-0.25110853017891943,0.9063517339338341,1.1931387586357263
2020,Aaron Fuller,WR,Washington,5-11,188.0,4.59,34.0,14.0,118.0,7.14,4.25,False,0,0,71.0,2,-0.9713327831861341,-0.7576191462736855,0.8637833459274469,-0.4447809344872393,-0.06690467575609896,-0.6022371570790845,0.8922952882405379,-0.03554458988122652
2020,Jordan Fuller,S,Ohio State,6-2,203.0,4.67,35.5,17.0,122.0,6.975,4.27,True,6,199,74.0,2,-0.3807338649012068,1.1545274920511621,1.0939520183060074,0.06751739280663596,0.04497692172552077,0.09238451185361173,0.04632965387590674,0.46129107780224016
2020,Kristian Fulton,CB,LSU,6-0,197.0,4.46,35.5,14.0,123.0,6.94,4.36,True,2,61,72.0,1,0.41544767569092456,0.36731036733780453,-0.40275093383293503,-0.11255391656853322,-0.08050602617159051,0.053324025646130604,0.1515586363145324,1.5438082479465067
2020,Neville Gallimore,DL,Oklahoma,6-2,304.0,4.79,31.0,23.0,112.0,7.97,5.01,True,3,82,74.0,2,0.7314749709272139,-0.8102958370689184,-0.8453380034968385,0.04407509713370848,-0.5846754964319809,0.04966244385306953,1.1971646207771438,1.6800374137982816
2020,Antonio Gandy-Golden,WR,Liberty,6-4,223.0,4.6,36.0,22.0,127.0,7.33,4.55,True,4,142,76.0,0,1.38351233005261,1.4368345113806915,0.9686509610035016,0.2059638986403987,2.0698958212603964,0.9641877716872235,1.8657716396101096,2.0766243088300214
2020,Cale Garrett,LB,Missouri,6-2,234.0,4.92,32.0,21.0,124.0,6.91,4.13,False,0,0,74.0,1,-0.1388049574330601,0.31683719035477004,1.6538945714952138,-0.6793917586642585,0.0564107207590723,0.6657427616496142,-1.0243278003923904,-1.357287477848586
2020,Jonathan Garvin,DL,Miami,6-4,263.0,4.82,36.0,23.0,125.0,7.555,4.62,True,7,242,76.0,2,-1.0849063498812774,0.5787827407635076,-0.7037491319433967,1.4408211330611234,-0.5846754964319809,1.7098069955128359,-0.023198331898247555,0.03835274719695487
2020,Antonio Gibson,WR,Memphis,6-0,228.0,4.39,35.0,16.0,118.0,6.96,4.25,True,3,66,72.0,2,1.7199187748010019,-0.3187284147428101,-1.2335689555936944,-0.11940851792342029,0.46729544849802496,-0.6022371570790845,-0.029945465688526695,-0.03554458988122652
2020,Alohi Gilman,S,Notre Dame,5-10,201.0,4.6,32.0,17.0,119.0,6.81,4.08,True,6,186,70.0,0,-0.6062772957394209,-1.420275508124312,0.4100639478697195,-1.1590485765138978,0.04497692172552077,-0.4153421331233801,-0.9114161219380935,-1.2059581754760116
2020,Jeff Gladney,CB,TCU,5-10,191.0,4.48,37.5,17.0,124.0,7.26,4.16,True,1,31,70.0,1,-0.27685132702164517,-0.8804374131664883,-0.17995254490407253,0.6190465411269354,0.7198185869459847,0.23002520866958379,2.008023200728959,-0.06869851288760483
2020,Jonathan Greenard,DL,Florida,6-3,263.0,4.87,30.5,22.0,113.0,7.13,4.34,True,3,90,75.0,0,-1.0849063498812774,-0.11575654815270545,-0.4677676793543299,-0.09559950645903299,-0.794320096746237,0.1773658709038208,-1.2729676207826839,-1.1402926544655383
2020,Stephen Guidry,WR,Mississippi State,6-3,201.0,4.47,34.0,14.0,125.0,7.31,4.46,False,0,0,75.0,1,-0.09667602684031491,0.9979437798498162,-0.39462803498523796,-0.4447809344872393,-0.06690467575609896,0.6160933430724883,1.7633004447290999,1.4429736392166477
2020,DaVon Hamilton,DL,Ohio State,6-4,320.0,5.14,29.5,33.0,102.0,7.72,4.62,True,3,73,76.0,1,1.440306705876869,0.5787827407635076,0.8065321646266336,-0.374948713644516,1.5117705067105807,-1.227371826654443,0.4620062155510045,0.03835274719695487
2020,LaDarius Hamilton,DL,North Texas,6-2,262.0,4.89,30.0,27.0,114.0,7.66,4.49,False,0,0,74.0,0,-1.1292083333156309,-0.8102958370689184,-0.37337509831870486,-0.23527411005177448,0.2539029048250438,0.30506929795457205,0.2855681982967322,-0.5088754750034874
2020,Harrison Hand,CB,Temple,5-11,197.0,4.52,41.0,14.0,133.0,7.15,4.27,True,5,169,71.0,0,0.41544767569092456,-0.25656352291434187,0.26564423295363276,1.8993473420940052,-0.08050602617159051,1.8203358558806624,1.3698635067115017,0.8181802055711511
2020,Scoota Harris,LB,Arkansas,6-0,234.0,4.69,33.0,18.0,111.0,7.38,4.32,False,0,0,72.0,0,-0.1388049574330601,-0.9261394794985457,0.14532666141443362,-0.3651152988739896,-0.6940971293398863,-1.4461589176503602,1.2996795233563645,-0.059594763457584944
2020,Nick Harris,OL,Washington,6-1,302.0,5.1,29.5,20.0,103.0,7.76,4.765,True,5,160,73.0,2,-0.39227845108935294,-2.042805308220139,-0.5697169329029408,0.24353282836358112,-1.0779206423479644,-0.4029828381778944,-0.07815042266883548,0.010286925645073232
2020,Malik Harrison,LB,Ohio State,6-3,247.0,4.66,36.0,21.0,122.0,6.83,4.32,True,3,98,75.0,1,0.9129400343168679,0.9383255252814279,-0.0514430659874093,0.5777140804968173,0.0564107207590723,0.3408348109880797,-1.41990351507303,-0.059594763457584944
2020,JaMycal Hasty,RB,Baylor,5-8,205.0,4.55,39.0,15.0,123.0,7.07,4.03,False,0,0,68.0,1,-0.6042873963216178,-1.1822063817024666,-0.14627653917889855,1.3969880333285396,-0.9107696414489216,0.7520832629130405,0.04887238355426378,-1.9516416695240324
2020,Charlie Heck,OL,North Carolina,6-8,311.0,5.16,28.0,21.0,112.0,8.02,4.86,True,4,126,80.0,0,0.12216671762496907,2.3637294049797926,-0.23796929928105573,-0.23416618111882748,-0.8819350710119709,0.9471567437465832,0.7508692610021735,0.5349201335437884
2020,C.J. Henderson,CB,Florida,6-1,204.0,4.39,37.5,20.0,127.0,6.92,4.16,True,1,9,73.0,2,1.223129845522256,0.991184257589951,-1.182545295083939,0.6190465411269354,1.52014320006356,0.7601287577399434,0.03552960103862786,-0.06869851288760483
2020,Matt Hennessy,OL,Temple,6-4,307.0,5.18,30.0,23.0,110.0,7.45,4.6,True,3,78,76.0,0,-0.10647557958139625,-0.1542904311344542,-0.12738675474043065,0.40276583152438394,-0.4899639283399838,0.6471257255411438,-1.066596968584269,-0.9009181196526893
2020,Justin Herbert,QB,Oregon,6-6,236.0,4.68,35.5,16.0,123.0,7.06,4.46,True,1,6,78.0,1,1.3317896115622216,1.8416625931750856,-0.7884553769105189,1.4100603419092907,-0.061313606531362225,1.5944088334889832,-0.17238966697300745,0.8561046694583833
2020,Brian Herrien,RB,Georgia,5-11,209.0,4.62,38.5,18.0,126.0,7.12,4.4,False,0,0,71.0,0,-0.3016426306680049,0.43573769960030895,0.5187312109806517,1.2376638694066293,-0.23274392645079248,1.3002630185037205,0.35381990077303554,0.8288816015790644
2020,Justin Herron,OL,Wake Forest,6-4,308.0,5.26,33.0,27.0,105.0,8.41,4.88,True,6,195,76.0,0,-0.049315005279804924,-0.1542904311344542,0.3149434234220794,1.358163850489201,0.2939783570039903,-0.10295181997245488,1.9943987865086898,0.6453692299435149
2020,Alex Highsmith,DL,Charlotte,6-3,248.0,4.7,33.0,25.0,125.0,7.32,4.31,True,3,102,75.0,1,-1.749436101396579,-0.11575654815270545,-1.2701046181571598,0.6027735115046744,-0.16538629580346853,1.7098069955128359,-0.7142472328108168,-1.266576090357949
2020,John Hightower,WR,Boise State,6-1,189.0,4.43,38.5,14.0,122.0,7.07,4.21,True,5,168,73.0,1,-0.9040514942364557,0.1201623167880653,-0.8140984952894662,1.0193949400499462,-0.06690467575609896,0.09395170015038568,0.5336461061570154,-0.3171671097093933
2020,K.J. Hill,WR,Ohio State,6-0,196.0,4.6,32.5,17.0,114.0,6.96,4.25,True,7,220,72.0,2,-0.43308247158870694,-0.3187284147428101,0.9686509610035016,-0.9328395593329678,0.7343955106250869,-1.2984260143085549,-0.029945465688526695,-0.03554458988122652
2020,Isaiah Hodgins,WR,Oregon State,6-4,210.0,4.61,36.5,9.0,124.0,7.01,4.12,True,6,207,76.0,0,0.5088555737067907,1.4368345113806915,1.0735185760795656,0.3686501069223082,-1.4024049863914088,0.4420461287651208,0.22623252151399073,-0.9508177793227671
2020,Brycen Hopkins,TE,Purdue,6-4,245.0,4.66,33.5,21.0,116.0,7.25,4.28,True,4,136,76.0,0,-0.6887644665173411,-0.14819588274726075,-0.5400198381025635,0.029920162031726295,0.3463589448719126,-0.17719875418666686,0.4715749499923558,-0.7502581405052471
2020,Khaleke Hudson,LB,Michigan,5-11,224.0,4.56,33.0,30.0,120.0,7.09,4.32,True,5,162,71.0,2,-0.9478395664714662,-1.5476278144252036,-0.7073421573268838,-0.3651152988739896,2.3079342710559483,0.015926860326545177,-0.13428244236095316,-0.059594763457584944
2020,Noah Igbinoghene,CB,Auburn,5-10,198.0,4.48,37.0,15.0,128.0,6.92,4.16,True,1,30,70.0,2,0.5308308428096862,-0.8804374131664883,-0.17995254490407253,0.4361464267030682,0.1862688448676012,0.9368299407633965,0.03552960103862786,-0.06869851288760483
2020,Reggie Robinson II,CB,Tulsa,6-1,205.0,4.44,36.0,22.0,132.0,7.09,4.18,True,4,123,73.0,0,1.3385130126410174,0.991184257589951,-0.6255493227617877,0.07034619785533391,2.0536929421419434,1.643634672857209,1.0217764008837933,0.09255216319580274
2020,Keith Ismael,OL,San Diego State,6-3,309.0,5.34,32.0,26.0,108.0,8.14,4.65,True,5,156,75.0,1,0.007845569021786408,-0.7837953901630159,0.7572736015845896,1.0396978441675955,0.09799278566799677,0.3470947073357043,1.1334937303887966,-0.6247953786533635
2020,Cordel Iwuagwu,OL,TCU,6-3,309.0,5.22,27.0,25.0,94.0,8.03,4.87,False,0,0,75.0,0,0.007845569021786408,-0.7837953901630159,0.09377833434082439,-0.5526321874404332,-0.09799278566799677,-1.753122420102372,0.7827546334510579,0.5901446817436516
2020,Austin Jackson,OL,USC,6-5,322.0,5.07,31.0,27.0,115.0,7.95,4.765,True,1,18,77.0,1,0.7509330349424738,0.4752145278941075,-0.7355907497138783,0.7212318378459897,0.2939783570039903,1.3972032710547424,0.5276716538599806,0.010286925645073232
2020,Dane Jackson,CB,Pittsburgh,6-0,187.0,4.57,35.0,14.0,122.0,7.07,4.27,True,7,239,72.0,1,-0.7383839954966916,0.36731036733780453,0.8226402052757842,-0.29545403099240036,-0.08050602617159051,-0.12337715737732258,0.9057473656078939,0.8181802055711511
2020,Jonah Jackson,OL,Ohio State,6-3,306.0,5.23,26.0,28.0,98.0,7.83,5.02,True,3,75,75.0,0,-0.16363615388298758,-0.7837953901630159,0.14906960661114182,-0.8710981937620389,0.4899639283399838,-1.153060383691493,0.14504718447336035,1.4185129047416145
2020,Lamar Jackson,CB,Nebraska,6-2,208.0,4.58,36.5,10.0,122.0,6.92,4.16,False,0,0,74.0,2,1.6846625139973024,1.6150581478420973,0.9340393997402104,0.2532463122792011,-1.1476055103283573,-0.12337715737732258,0.03552960103862786,-0.06869851288760483
2020,Jerry Jeudy,WR,Alabama,6-1,193.0,4.45,35.0,14.0,120.0,6.96,4.53,True,1,15,73.0,2,-0.6349263384377422,0.1201623167880653,-0.6043632651373474,-0.11940851792342029,-0.06690467575609896,-0.25414272846434943,-0.029945465688526695,1.9358130489159413
2020,Jaylon Johnson,CB,Utah,6-0,193.0,4.5,36.5,15.0,124.0,7.01,4.13,True,2,50,72.0,0,-0.04608499278412191,0.36731036733780453,0.042845844024780116,0.2532463122792011,0.1862688448676012,0.23002520866958379,0.5576602597801854,-0.3105745270127233
2020,Juwan Johnson,WR,Oregon,6-4,230.0,4.58,33.0,14.0,124.0,6.94,4.37,False,0,0,76.0,0,1.8544813527003587,1.4368345113806915,0.7589157308513921,-0.7701533510510583,-0.06690467575609896,0.4420461287651208,-0.13241666056953186,0.809322969603274
2020,Benito Jones,DL,Mississippi,6-1,316.0,5.26,26.5,25.0,112.0,8.21,5.27,False,0,0,73.0,2,1.2630987721394553,-1.5048351259851314,1.3728876508403967,-1.212996335200965,-0.16538629580346853,0.04966244385306953,1.902916689794241,2.774493858199166
2020,Joshua Jones,OL,Houston,6-5,319.0,5.27,28.5,24.0,109.0,7.76,4.765,True,3,72,77.0,2,0.5794513120376997,0.4752145278941075,0.370234695692392,-0.07493317795802461,-0.2939783570039903,0.49711021643842407,-0.07815042266883548,0.010286925645073232
2020,Tony Jones,RB,Notre Dame,5-10,220.0,4.68,32.5,13.0,119.0,7.18,4.21,False,0,0,70.0,0,0.5306304748794304,-0.10357699416728292,1.0887378539745458,-0.6742260976562952,-1.3627867847810076,0.02117692212546717,0.7197569214355605,-0.598954672771177
2020,Willie Gay Jr.,LB,Mississippi State,6-1,243.0,4.46,39.5,21.0,136.0,7.08,4.3,True,2,63,73.0,0,0.5893261907015054,-0.3046511445718878,-1.3632412486663523,1.6776816897627587,0.0564107207590723,2.6151904656188214,-0.18372940669603202,-0.1961939965513774
2020,Azur Kamara,LB,Kansas,6-3,245.0,4.59,28.0,13.0,121.0,7.2,4.46,False,0,0,75.0,0,0.7511331125091866,0.9383255252814279,-0.5105724299250408,-1.9364975978253343,-1.9449435461714841,0.17838083565731244,0.4096341653249275,0.896599868198938
2020,Dalton Keene,TE,Virginia Tech,6-4,253.0,4.71,34.0,21.0,125.0,7.07,4.19,True,3,101,76.0,0,0.2348965521648748,-0.14819588274726075,-0.19833455872130468,0.19261104307924293,0.3463589448719126,1.3730428606531087,-0.44182810713569026,-1.387062610982875
2020,Joshua Kelley,RB,UCLA,5-11,212.0,4.49,31.0,23.0,121.0,6.95,4.28,True,4,112,71.0,0,-0.07465905642779525,0.43573769960030895,-0.7162831821727927,-1.1521985894220261,0.8972989318794227,0.38663009251925384,-0.6830016577707917,-0.07290972958950806
2020,Cole Kmet,TE,Notre Dame,6-6,262.0,4.7,37.0,19.0,123.0,7.44,4.41,True,2,43,78.0,1,1.2740151981823677,1.208966411885534,-0.26667161459755523,1.1687563293643428,-0.22760730663011358,1.0285447240220473,1.4357226214052967,0.1695705390735495
2020,CeeDee Lamb,WR,Oklahoma,6-2,198.0,4.5,34.5,11.0,124.0,6.96,4.25,True,1,17,74.0,2,-0.2985198936893501,0.5590530483189408,-0.08002518975706442,-0.2820947262053298,-0.8682048621372848,0.4420461287651208,-0.029945465688526695,-0.03554458988122652
2020,Benny LeMay,RB,Charlotte,5-8,221.0,4.75,28.5,24.0,112.0,7.07,4.28,False,0,0,68.0,2,0.6062916662928336,-1.1822063817024666,1.753745604134096,-1.948819409031578,1.1233075035454658,-1.2579091742527864,0.04887238355426378,-0.07290972958950806
2020,Shane Lemieux,OL,Oregon,6-4,310.0,5.11,25.5,26.0,107.0,8.13,4.9,True,5,150,76.0,1,0.06500614332337774,-0.1542904311344542,-0.5144256606326233,-1.0303311969228417,0.09799278566799677,0.1970791982329846,1.1016083579399123,0.7558183263432462
2020,Brian Lewerke,QB,Michigan State,6-2,213.0,4.95,31.0,16.0,113.0,7.14,4.4,False,0,0,74.0,1,-0.8482327079672519,-0.4908903870896071,0.8944513878305993,-0.1530754442156226,-0.061313606531362225,0.05647769709906435,0.23855943813436117,0.4516637624455729
2020,Damien Lewis,OL,LSU,6-2,327.0,5.24,30.0,27.0,108.0,7.76,4.765,True,3,69,74.0,2,1.0367359064504305,-1.4133003491915777,0.20436087888145438,0.40276583152438394,0.2939783570039903,0.3470947073357043,-0.07815042266883548,0.010286925645073232
2020,Kalija Lipscomb,WR,Vanderbilt,6-0,207.0,4.57,32.0,16.0,127.0,6.96,4.25,False,0,0,72.0,2,0.3070117068577555,-0.3187284147428101,0.6540481157753374,-1.0955257676148773,0.46729544849802496,0.9641877716872235,-0.029945465688526695,-0.03554458988122652
2020,Jordan Love,QB,Utah State,6-4,224.0,4.74,35.5,16.0,118.0,7.21,4.52,True,1,26,76.0,1,0.19438666224249634,0.6753861030427393,-0.4144760958569347,1.4100603419092907,-0.061313606531362225,0.8254432652940238,0.5981399051033098,1.2605455764711935
2020,James Lynch,DL,Baylor,6-4,289.0,5.01,29.0,23.0,111.0,7.39,4.39,True,4,130,76.0,0,0.06694521941191227,0.5787827407635076,0.19298038789505811,-0.5146233172372574,-0.5846754964319809,-0.07804098319768173,-0.5084028793474996,-0.9298202613115225
2020,Austin Mack,WR,Ohio State,6-1,208.0,4.59,31.5,14.0,117.0,6.96,4.42,False,0,0,73.0,2,0.3742929958074339,0.1201623167880653,0.8637833459274469,-1.258211975896787,-0.06690467575609896,-0.7762843713864521,-0.029945465688526695,1.161351119388481
2020,Braden Mann,P,Texas A&M,5-11,198.0,4.83,31.0,23.0,111.0,7.03,4.13,True,6,191,71.0,1,-1.4977711580492403,-1.073458243100781,0.25145067861017656,-0.1740776559556972,0.32519680361730263,-0.5413319619607679,-1.5811388300841895,-1.5262261357278741
2020,Cole McDonald,QB,Hawaii,6-3,215.0,4.58,36.0,16.0,121.0,7.13,4.52,True,7,224,75.0,1,-0.6586655497472976,0.09224785797656607,-1.4117541786664853,1.58374209592317,-0.061313606531362225,1.2868226062109995,0.18719079999594124,1.2605455764711935
2020,Xavier McKinney,S,Alabama,6-0,201.0,4.63,36.0,19.0,122.0,6.975,4.21,True,2,36,72.0,2,-0.6062772957394209,-0.13287400803657493,0.7031588351995585,0.24274110270956936,0.5610279183657063,0.09238451185361173,0.04632965387590674,-0.06520868639088993
2020,Colton McKivitz,OL,West Virginia,6-6,306.0,5.35,26.0,20.0,106.0,7.87,5.0,True,5,153,78.0,0,-0.16363615388298758,1.104719486922669,0.8125648738549021,-0.8710981937620389,-1.0779206423479644,0.047063689130264846,0.27258867426890043,1.308063808341888
2020,Josh Metellus,S,Michigan,5-11,209.0,4.55,36.5,20.0,124.0,6.94,4.4,True,6,205,71.0,0,0.29589642761343554,-0.7765747580804434,-0.0784275310133396,0.4179648126125028,0.819053416685799,0.4308689418382729,-0.1568285409937253,1.6020405668873696
2020,Chris Miller,S,Baylor,5-11,190.0,4.61,35.5,12.0,133.0,7.09,4.12,False,0,0,71.0,0,-1.8467661653495986,-0.7765747580804434,0.5077622436463383,0.06751739280663596,-1.245150569874943,1.9540488767692483,0.713849437018999,-0.854958332680589
2020,Denzel Mims,WR,Baylor,6-3,207.0,4.38,38.5,16.0,131.0,6.66,4.43,True,2,59,75.0,0,0.3070117068577555,0.9979437798498162,-1.3384365706697492,1.0193949400499462,0.46729544849802496,1.6603766289166937,-1.567013388903636,1.231756749345521
2020,John Molchon,OL,Boise State,6-5,309.0,5.13,34.0,26.0,109.0,7.85,4.73,False,0,0,77.0,0,0.007845569021786408,0.4752145278941075,-0.40384311609199824,1.676629856810807,0.09799278566799677,0.49711021643842407,0.20881792937112897,-0.182998993054448
2020,Steven Montez,QB,Colorado,6-4,231.0,4.68,33.0,16.0,117.0,7.25,4.43,False,0,0,76.0,1,0.8578717160123361,0.6753861030427393,-0.7884553769105189,0.5416515718398944,-0.061313606531362225,0.6716501516550318,0.8036144576569941,0.6538842159519751
2020,Darnell Mooney,WR,Tulane,5-10,176.0,4.38,37.0,9.0,124.0,6.96,4.25,True,5,173,70.0,2,-1.7787082505822749,-1.196509877804561,-1.3384365706697492,0.5313363152042178,-1.4024049863914088,0.4420461287651208,-0.029945465688526695,-0.03554458988122652
2020,James Morgan,QB,Florida International,6-4,229.0,4.89,29.0,16.0,112.0,7.51,4.64,True,4,125,76.0,1,0.668304557792382,0.6753861030427393,0.5204721067770149,-0.8478024602711397,-0.061313606531362225,-0.09731541653992754,2.13919904925594,2.0694273904968203
2020,Zack Moss,RB,Utah,5-9,223.0,4.65,33.0,19.0,119.0,7.07,4.37,True,3,86,69.0,2,0.75761404911964,-0.6428916879348747,0.803734532477603,-0.5149019337343848,-0.006735354784749435,0.02117692212546717,0.04887238355426378,0.6034337687869196
2020,Larrell Murchison,DL,North Carolina State,6-2,297.0,5.05,29.0,29.0,118.0,7.89,4.51,True,5,174,74.0,0,0.42136108688673984,-0.8102958370689184,0.3817655499663124,-0.5146233172372574,0.6731921054535561,0.8158830061575771,0.9619139311047791,-0.4246865177418826
2020,Kyle Murphy,OL,Rhode Island,6-3,316.0,5.3,28.0,19.0,104.0,7.81,4.68,False,0,0,75.0,0,0.40796958913292575,-0.7837953901630159,0.5361085125033345,-0.23416618111882748,-1.273906213683958,-0.2529673290751746,0.0812764395755889,-0.4591217340537739
2020,Kenneth Murray,LB,Oklahoma,6-2,241.0,4.52,38.0,21.0,129.0,7.09,4.32,True,1,23,74.0,2,0.4275192688938242,0.31683719035477004,-0.9697017938626724,1.2062670000773552,0.0564107207590723,1.4780126383034506,-0.13428244236095316,-0.059594763457584944
2020,Tanner Muse,S,Clemson,6-2,227.0,4.41,34.5,20.0,124.0,6.975,4.21,True,3,100,74.0,2,2.3257873051573625,1.1545274920511621,-1.4462036718859068,-0.28293002699923087,0.819053416685799,0.4308689418382729,0.04632965387590674,-0.06520868639088993
2020,C.J. O'Grady,TE,Arkansas,6-4,253.0,4.81,34.0,16.0,119.0,7.3,4.34,False,0,0,76.0,0,0.2348965521648748,-0.14819588274726075,0.48503600004121294,0.19261104307924293,-1.0885566838831529,0.33954845075992496,0.7252980214168125,-0.32572182685349726
2020,Michael Ojemudia,CB,Iowa,6-1,200.0,4.45,36.0,14.0,122.0,6.87,4.21,True,3,77,73.0,1,0.7615971770472094,0.991184257589951,-0.5141501282973614,0.07034619785533391,-0.08050602617159051,-0.12337715737732258,-0.2545429871511258,0.3344281773209212
2020,Jeff Okudah,CB,Ohio State,6-1,205.0,4.48,41.0,11.0,135.0,6.92,4.16,True,1,3,73.0,2,1.3385130126410174,0.991184257589951,-0.17995254490407253,1.8993473420940052,-0.8808306392891657,2.173738221927569,0.03552960103862786,-0.06869851288760483
2020,Sewo Olonilua,RB,TCU,6-3,232.0,4.66,36.0,25.0,123.0,7.07,4.28,False,0,0,75.0,1,1.438564771840269,2.5929964746706764,0.8987356396432507,0.4410430497970774,1.3493160752115088,0.7520832629130405,0.04887238355426378,-0.07290972958950806
2020,Dante Olson,LB,Montana,6-2,237.0,4.88,42.0,15.0,124.0,7.0,4.32,False,0,0,74.0,0,0.10390542527846174,0.31683719035477004,1.3915349349594253,2.463372839238431,-1.444604979438845,0.6657427616496142,-0.5793051213766717,-0.059594763457584944
2020,K.J. Osborn,WR,Miami,5-11,203.0,4.48,37.5,18.0,123.0,7.0,4.35,True,5,176,71.0,0,0.037886551059041894,-0.7576191462736855,-0.2897604199091739,0.6940225234861273,1.0014955727521488,0.26799891445775326,0.17499692407348816,0.6685117096891874
2020,Aaron Parker,WR,Rhode Island,6-2,209.0,4.57,26.5,12.0,112.0,6.94,4.23,False,0,0,74.0,0,0.4415742847571123,0.5590530483189408,0.6540481157753374,-2.885074058715882,-0.6011048000102228,-1.64652044292329,-0.13241666056953186,-0.1763558497953068
2020,Colby Parkinson,TE,Stanford,6-7,252.0,4.77,32.5,18.0,109.0,7.15,4.46,True,4,133,79.0,0,0.1194389248295978,1.8875475592019315,0.21168777653620469,-0.29546160006330696,-0.5145904323811267,-1.382942232395381,-0.03587119285655769,0.5233508004500087
2020,Dezmon Patmon,WR,Washington State,6-4,225.0,4.48,36.0,15.0,132.0,7.28,4.38,True,6,212,76.0,0,1.5180749079519666,1.4368345113806915,-0.2897604199091739,0.2059638986403987,0.20019538637096299,1.8344238432240614,1.6095936524075922,0.8797285995603141
2020,Shea Patterson,QB,Michigan,6-1,212.0,4.71,31.0,16.0,116.0,7.14,4.5,False,0,0,73.0,1,-0.9430162870772291,-1.0740286321557804,-0.6014657363837268,-0.1530754442156226,-0.061313606531362225,0.51785703801604,0.23855943813436117,1.1257319408002588
2020,Matt Peart,OL,Connecticut,6-7,318.0,5.06,30.0,26.0,113.0,8.01,4.92,True,3,99,79.0,0,0.5222907377361083,1.7342244459512308,-0.7908820219841958,0.40276583152438394,0.09799278566799677,1.097172252849303,0.7189838885532892,0.8662674227429726
2020,La'Mical Perine,RB,Florida,5-11,216.0,4.62,35.0,22.0,118.0,7.13,4.31,True,4,120,71.0,0,0.2279857092258176,0.43573769960030895,0.5187312109806517,0.1223947219532567,0.6712903602133796,-0.16154966307142618,0.4148094042167888,0.15253810320263003
2020,Malcolm Perry,WR,Navy,5-9,186.0,4.63,36.0,10.0,122.0,7.12,4.31,True,7,246,69.0,0,-1.105895361085491,-1.6354006093354365,1.2832538062316752,0.2059638986403987,-1.1353049242643467,0.09395170015038568,0.7898240933595327,0.3868891898610206
2020,Jacob Phillips,LB,LSU,6-3,229.0,4.66,39.0,21.0,126.0,7.38,4.33,True,3,97,75.0,1,-0.5433222619522632,0.9383255252814279,-0.0514430659874093,1.5205434598676242,0.0564107207590723,0.9906507123111488,1.2996795233563645,0.008704853089308252
2020,Scottie Phillips,RB,Mississippi,5-8,209.0,4.56,30.0,29.0,114.0,7.4,4.53,False,0,0,68.0,0,-0.3016426306680049,-1.1822063817024666,-0.05127543201325092,-1.470846917265847,2.2533503618756807,-0.8924560038589996,2.061525997198165,1.805822210345016
2020,Tyre Phillips,OL,Mississippi State,6-5,331.0,5.37,25.0,22.0,93.0,8.17,5.11,True,3,106,77.0,0,1.2653782036567958,0.4752145278941075,0.923147418395532,-1.1895642000836446,-0.6859494996759774,-1.9031379292050916,1.2291498477354494,1.9155338385403982
2020,James Pierre,CB,Florida Atlantic,6-0,183.0,4.59,33.5,14.0,123.0,7.02,4.16,False,0,0,72.0,2,-1.199916663971738,0.36731036733780453,1.0454385942046367,-0.8441543742640018,-0.08050602617159051,0.053324025646130604,0.6156747774181351,-0.06869851288760483
2020,Danny Pinter,OL,Ball State,6-4,306.0,4.91,29.5,24.0,110.0,7.76,4.62,True,5,149,76.0,0,-0.16363615388298758,-0.1542904311344542,-1.6202511060388984,0.24353282836358112,-0.2939783570039903,0.6471257255411438,-0.07815042266883548,-0.790469023252958
2020,Michael Pittman,WR,USC,6-4,223.0,4.52,36.5,13.0,121.0,6.96,4.14,True,2,34,76.0,0,1.38351233005261,1.4368345113806915,0.12971004039504505,0.3686501069223082,-0.33400473788316093,-0.08009551415698189,-0.029945465688526695,-0.8100065194086868
2020,Troy Pride,CB,Notre Dame,5-11,193.0,4.4,35.5,13.0,119.0,6.94,4.26,True,4,113,71.0,0,-0.04608499278412191,-0.25656352291434187,-1.0711461006195029,-0.11255391656853322,-0.34728089721078226,-0.6534807064476821,0.1515586363145324,0.7375548675294473
2020,James Proche,WR,SMU,5-11,201.0,4.51,34.5,20.0,121.0,7.27,4.4,True,6,201,71.0,2,-0.09667602684031491,-0.7576191462736855,0.02484242531899031,-0.2820947262053298,1.5356956970062727,-0.08009551415698189,1.558358054967085,1.0205398594744006
2020,Shaquille Quarterman,LB,Miami,6-0,234.0,4.74,31.0,23.0,120.0,7.09,4.32,True,4,140,72.0,2,-0.1388049574330601,-0.9261394794985457,0.47327620708416795,-0.9936682184545275,0.5567492874917114,0.015926860326545177,-0.13428244236095316,-0.059594763457584944
2020,Patrick Queen,LB,LSU,6-0,229.0,4.5,35.0,18.0,125.0,7.09,4.32,True,1,28,72.0,2,-0.5433222619522632,-0.9261394794985457,-1.1008816121305638,0.2634376207065483,-0.6940971293398863,0.8281967369803815,-0.13428244236095316,-0.059594763457584944
2020,Jalen Reagor,WR,TCU,5-11,206.0,4.47,42.0,17.0,138.0,7.31,4.46,True,1,21,71.0,0,0.2397304179080771,-0.7576191462736855,-0.39462803498523796,2.1581983980233126,0.7343955106250869,2.8787071290682666,1.7633004447290999,1.4429736392166477
2020,Joe Reed,WR,Virginia,6-0,224.0,4.47,38.0,21.0,123.0,6.96,4.25,True,5,151,72.0,2,1.4507936190022883,-0.3187284147428101,-0.39462803498523796,0.8567087317680367,1.8027957591333346,0.26799891445775326,-0.029945465688526695,-0.03554458988122652
2020,J.R. Reed,S,Georgia,6-1,202.0,4.54,34.0,15.0,130.0,6.975,4.21,False,0,0,73.0,2,-0.4935055803203139,0.5108267420072936,-0.17612582678994967,-0.45815373690216427,-0.47107407491466474,1.4463222317922566,0.04632965387590674,-0.06520868639088993
2020,John Reid,CB,Penn State,5-10,187.0,4.49,36.5,20.0,129.0,6.95,3.97,True,4,141,70.0,0,-0.7383839954966916,-0.8804374131664883,-0.06855335043964621,0.2532463122792011,1.52014320006356,1.1135311237868497,0.2095731539524821,-1.600579935680009
2020,Chauncey Rivers,DL,Mississippi State,6-2,262.0,4.97,30.5,20.0,106.0,7.33,4.7,False,0,0,74.0,0,-1.1292083333156309,-0.8102958370689184,0.0041952258238037885,-0.09559950645903299,-1.2136092973747494,-0.716558118451438,-0.6848408966017719,0.37510857624338145
2020,Malcolm Roach,DL,Texas,6-2,297.0,4.84,30.0,20.0,114.0,7.555,4.62,False,0,0,74.0,2,0.42136108688673984,-0.8102958370689184,-0.6093565509077717,-0.23527411005177448,-1.2136092973747494,0.30506929795457205,-0.023198331898247555,0.03835274719695487
2020,Alton Robinson,DL,Syracuse,6-3,264.0,4.69,35.5,25.0,119.0,7.32,4.32,True,5,148,75.0,0,-1.0406043664469238,-0.11575654815270545,-1.3173009086749723,1.3011465294683817,-0.16538629580346853,0.9435864332083284,-0.7142472328108168,-1.2244816117271429
2020,James Robinson,RB,Illinois State,5-9,219.0,4.64,40.0,24.0,125.0,7.03,4.19,False,0,0,69.0,0,0.4549692834660272,-0.6428916879348747,0.7087334253119469,1.7156363611723602,1.1233075035454658,1.1175364333068272,-0.1950856302207547,-0.7492532279659357
2020,Kendrick Rogers,WR,Texas A&M,6-4,208.0,4.51,35.5,17.0,124.0,7.13,4.48,False,0,0,76.0,0,0.3742929958074339,1.4368345113806915,0.02484242531899031,0.043277690358489204,0.7343955106250869,0.4420461287651208,0.8410596908000353,1.5837848991307342
2020,Cesar Ruiz,OL,Michigan,6-3,307.0,5.08,33.0,28.0,113.0,7.91,4.64,True,1,24,75.0,0,-0.10647557958139625,-0.7837953901630159,-0.6802994774435658,1.358163850489201,0.4899639283399838,1.097172252849303,0.40013016406444046,-0.6800199268532316
2020,Jon Runyan,OL,Michigan,6-4,306.0,5.08,30.5,24.0,107.0,7.57,4.69,True,6,192,76.0,0,-0.16363615388298758,-0.1542904311344542,-0.6802994774435658,0.5619988346851869,-0.2939783570039903,0.1970791982329846,-0.6839724991976487,-0.40389718585390577
2020,Chapelle Russell,LB,Temple,6-2,236.0,4.69,35.0,21.0,121.0,7.38,4.41,True,7,241,74.0,0,0.023001964374621126,0.31683719035477004,0.14532666141443362,0.2634376207065483,0.0564107207590723,0.17838083565731244,1.2996795233563645,0.555101785464466
2020,Qaadir Sheppard,DL,Mississippi,6-3,261.0,4.83,31.5,28.0,115.0,7.555,4.62,False,0,0,75.0,2,-1.1735103167499843,-0.11575654815270545,-0.6565528414255842,0.18374970072644997,0.46354750513929993,0.4327727250053233,-0.023198331898247555,0.03835274719695487
2020,John Simpson,OL,Clemson,6-4,321.0,5.24,30.0,34.0,107.0,8.03,4.87,True,4,109,76.0,0,0.6937724606408824,-0.1542904311344542,0.20436087888145438,0.40276583152438394,1.665877356355945,0.1970791982329846,0.7827546334510579,0.5901446817436516
2020,James Smith-Williams,DL,North Carolina State,6-4,265.0,4.6,32.0,28.0,123.0,7.35,4.52,True,7,229,76.0,0,-0.9963023830125705,0.5787827407635076,-1.7420675233352976,0.32342430431919145,0.46354750513929993,1.4544001414113334,-0.626028224183682,-0.38259203911108025
2020,L'Jarius Sneed,S,Louisiana Tech,6-0,192.0,4.37,41.0,12.0,131.0,6.975,4.21,True,4,138,72.0,2,-1.6212227345113845,-0.13287400803657493,-1.8369968549923559,1.9949782017389035,-1.245150569874943,1.615564446784587,0.04632965387590674,-0.06520868639088993
2020,Nate Stanley,QB,Iowa,6-4,235.0,4.81,28.5,16.0,108.0,7.26,4.48,True,7,244,76.0,1,1.2370060324522445,0.6753861030427393,0.021833065372239627,-1.021484214285019,-0.061313606531362225,-0.7124878710958951,0.8549830957954141,0.990918305129324
2020,Terence Steele,OL,Texas Tech,6-6,312.0,5.03,27.5,27.0,106.0,7.76,5.08,False,0,0,78.0,1,0.1793272919265604,1.104719486922669,-0.9567558387951334,-0.39339918427963033,0.2939783570039903,0.047063689130264846,-0.07815042266883548,1.7498601939408036
2020,Logan Stenberg,OL,Kentucky,6-6,317.0,5.3,26.0,26.0,104.0,8.0,4.83,True,4,121,78.0,1,0.4651301634345171,1.104719486922669,0.5361085125033345,-0.8710981937620389,0.09799278566799677,-0.2529673290751746,0.687098516104405,0.36924648894419393
2020,Geno Stone,S,Iowa,5-10,207.0,4.62,33.5,12.0,116.0,6.975,4.21,True,7,219,70.0,2,0.07035299677522143,-1.420275508124312,0.6054605394229484,-0.6333774468050977,-1.245150569874943,-0.9230687781003719,0.04632965387590674,-0.06520868639088993
2020,Justin Strnad,LB,Wake Forest,6-3,238.0,4.74,29.0,21.0,113.0,7.09,4.49,True,5,178,75.0,2,0.18480888618230235,0.9383255252814279,0.47327620708416795,-1.6222211380350653,0.0564107207590723,-1.1212509669888258,-0.13428244236095316,1.1014987178396236
2020,Jason Strowbridge,DL,North Carolina,6-4,275.0,4.89,31.0,26.0,113.0,7.45,4.37,True,5,154,76.0,0,-0.5532825486690359,0.5787827407635076,-0.37337509831870486,0.04407509713370848,0.044258304510787626,0.1773658709038208,-0.33196486209322473,-1.0140092185731273
2020,Stephen Sullivan,TE,LSU,6-5,248.0,4.66,36.5,19.0,123.0,7.51,4.62,True,7,251,77.0,1,-0.3423915845115102,0.5303852645691367,-0.5400198381025635,1.006065448316826,-0.22760730663011358,1.0285447240220473,1.7909349213995345,1.6554476368546833
2020,Freddie Swain,WR,Florida,6-0,197.0,4.46,36.5,16.0,124.0,7.05,4.26,True,6,214,72.0,0,-0.3658011826390285,-0.3187284147428101,-0.4994956500612927,0.3686501069223082,0.46729544849802496,0.4420461287651208,0.4311749112760056,0.03486104007581362
2020,Charlie Taumoepeau,TE,Portland State,6-2,240.0,4.75,36.5,18.0,121.0,7.0,4.27,False,0,0,74.0,0,-1.266052603193726,-1.5053581773800555,0.0750136647837036,1.006065448316826,-0.5145904323811267,0.6840465873909862,-0.7970404071299324,-0.821014192780544
2020,Alex Taylor,OL,South Carolina State,6-8,308.0,5.09,25.0,21.0,116.0,7.77,4.79,False,0,0,80.0,0,-0.049315005279804924,2.3637294049797926,-0.6250082051732533,-1.1895642000836446,-0.8819350710119709,1.5472187801574622,-0.04626505021995117,0.14834829614473616
2020,Davion Taylor,LB,Colorado,6-0,228.0,4.49,35.0,21.0,127.0,6.96,4.26,True,3,103,72.0,0,-0.6242257228561038,-0.9261394794985457,-1.1664715212645094,0.2634376207065483,0.0564107207590723,1.153104687641916,-0.7770929787169916,-0.46939246273895624
2020,J.J. Taylor,RB,Arizona,5-5,185.0,4.61,34.5,19.0,118.0,7.0,4.15,False,0,0,65.0,0,-2.117511224589682,-2.800150463005242,0.4237301038150041,-0.03692944196865367,-0.006735354784749435,-0.16154966307142618,-0.3780541405520199,-1.0498503383554598
2020,Jonathan Taylor,RB,Wisconsin,5-10,226.0,4.39,36.0,17.0,123.0,7.01,4.24,True,2,41,70.0,0,0.9845976233598497,-0.10357699416728292,-1.6662942538292942,0.4410430497970774,-0.4587524981168355,0.7520832629130405,-0.31706463710826666,-0.3735068399790322
2020,Patrick Taylor,RB,Memphis,6-1,217.0,4.57,34.0,15.0,123.0,7.07,4.34,False,0,0,73.0,1,0.3036469006392208,1.5143670871354926,0.04372567515240514,-0.19625360589056404,-0.9107696414489216,0.7520832629130405,0.04887238355426378,0.3779859359947748
2020,A.J. Terrell,CB,Clemson,6-1,195.0,4.42,34.5,15.0,129.0,6.92,4.16,True,1,16,73.0,2,0.18468134145340132,0.991184257589951,-0.8483477116906503,-0.47835414541626753,0.1862688448676012,1.1135311237868497,0.03552960103862786,-0.06869851288760483
2020,Andrew Thomas,OL,Georgia,6-5,315.0,5.22,30.5,21.0,109.0,7.58,4.66,True,1,4,77.0,0,0.3508090148313344,0.4752145278941075,0.09377833434082439,0.5619988346851869,-0.8819350710119709,0.49711021643842407,-0.6520871267487643,-0.5695708304535003
2020,Daniel Thomas,S,Auburn,5-10,215.0,4.51,37.0,24.0,125.0,6.975,4.21,True,5,157,70.0,2,0.972526720128078,-1.420275508124312,-0.4692207141197886,0.5931885225154362,1.85115540996617,0.6001111568306036,0.04632965387590674,-0.06520868639088993
2020,Calvin Throckmorton,OL,Oregon,6-5,317.0,5.57,27.0,23.0,97.0,8.07,4.98,False,0,0,77.0,0,0.4651301634345171,0.4752145278941075,2.0289728638018074,-0.5526321874404332,-0.4899639283399838,-1.3030758927942128,0.9102961232466008,1.1976147119421616
2020,Casey Toohill,LB,Stanford,6-4,250.0,4.62,39.0,17.0,126.0,7.08,4.21,True,7,233,76.0,0,1.1556504170283897,1.5598138602080858,-0.3138027025231979,1.5205434598676242,-0.9442664127062059,0.9906507123111488,-0.18372940669603202,-0.8108905454734283
2020,Adam Trautman,TE,Dayton,6-5,255.0,4.8,34.5,18.0,114.0,6.78,4.27,True,3,105,77.0,0,0.4658118068354288,0.5303852645691367,0.4166989441649624,0.3553019241267596,-0.5145904323811267,-0.5216968908177281,-1.9134219213975447,-0.821014192780544
2020,Michael Turk,P,Arizona State,6-0,226.0,4.79,34.5,25.0,108.0,7.155,4.72,False,0,0,72.0,1,0.8538695387009676,-0.69459062788874,-0.10353851472183787,1.6537377315791302,0.7154329679580655,-1.1503304191666308,0.0,1.6333297242000033
2020,Derrek Tuszka,DL,North Dakota State,6-4,251.0,4.79,33.5,24.0,120.0,6.87,4.34,True,7,254,76.0,0,-1.6165301510935186,0.5787827407635076,-0.8453380034968385,0.7424481150974159,-0.3750308961177247,1.0712898602590797,-2.0375323622178683,-1.1402926544655383
2020,Ben Victor,WR,Ohio State,6-4,198.0,4.6,35.0,9.0,128.0,7.1,4.25,False,0,0,76.0,1,-0.2985198936893501,1.4368345113806915,0.9686509610035016,-0.11940851792342029,-1.4024049863914088,1.138234985994591,0.6873528984785231,-0.03554458988122652
2020,Kindle Vildor,CB,Georgia Southern,5-10,191.0,4.44,39.5,22.0,133.0,7.14,4.28,True,5,163,70.0,0,-0.27685132702164517,-0.8804374131664883,-0.6255493227617877,1.350646998822404,2.0536929421419434,1.8203358558806624,1.311848989073547,0.898805543612862
2020,Mykal Walker,LB,Fresno State,6-3,230.0,4.65,33.0,20.0,122.0,7.09,4.25,True,4,119,75.0,0,-0.46241880104842253,0.9383255252814279,-0.117032975121355,-0.3651152988739896,-0.19375856260724725,0.3408348109880797,-0.13428244236095316,-0.5376920792858495
2020,K'Von Wallace,S,Clemson,5-11,206.0,4.53,38.0,18.0,133.0,6.76,4.15,True,4,127,71.0,0,-0.04241871864388563,-0.7765747580804434,-0.27382412256655975,0.943635942321303,0.3030024200456135,1.9540488767692483,-1.2016421146090017,-0.59170845058402
2020,Quez Watkins,WR,Southern Miss,6-0,185.0,4.35,36.5,14.0,125.0,7.28,4.36,True,6,200,72.0,1,-1.1731766500351692,-0.3187284147428101,-1.6530394158979227,0.3686501069223082,-0.06690467575609896,0.6160933430724883,1.6095936524075922,0.7389173396462339
2020,Curtis Weaver,LB,Boise State,6-2,265.0,4.65,32.5,21.0,116.0,7.0,4.27,True,5,164,74.0,2,2.369202330585999,0.31683719035477004,-0.117032975121355,-0.522253528769124,0.0564107207590723,-0.6338890409965239,-0.5793051213766717,-0.40109284619206304
2020,Evan Weaver,LB,California,6-2,237.0,4.76,32.0,15.0,117.0,7.02,4.21,True,6,202,74.0,0,0.10390542527846174,0.31683719035477004,0.6044560253520593,-0.6793917586642585,-1.444604979438845,-0.47143506566575666,-0.480411192706514,-0.8108905454734283
2020,Cody White,WR,Michigan State,6-3,217.0,4.66,35.5,14.0,120.0,7.19,4.52,False,0,0,75.0,1,0.9798245963545396,0.9979437798498162,1.5978566514598487,0.043277690358489204,-0.06690467575609896,-0.25414272846434943,1.14847327544306,1.865407418958895
2020,Mitchell Wilcox,TE,South Florida,6-3,247.0,4.88,31.0,19.0,112.0,7.37,4.43,False,0,0,75.0,1,-0.4578492118467872,-0.8267770300636582,0.963395391174979,-0.783534243205857,-0.22760730663011358,-0.8661950274487893,1.0805103214110547,0.3110826436241307
2020,Kenny Willekes,DL,Michigan State,6-3,264.0,4.87,32.5,32.0,119.0,7.39,4.62,True,7,225,75.0,1,-1.0406043664469238,-0.11575654815270545,-0.4677676793543299,0.4630989079119329,1.3021259063963246,0.9435864332083284,-0.5084028793474996,0.03835274719695487
2020,Darryl Williams,OL,Mississippi State,6-2,304.0,5.23,25.5,23.0,102.0,7.88,4.76,False,0,0,74.0,0,-0.27795730248617023,-1.4133003491915777,0.14906960661114182,-1.0303311969228417,-0.4899639283399838,-0.552998347280614,0.3044740467177847,-0.017325348454858374
2020,Raequan Williams,DL,Michigan State,6-4,308.0,5.04,25.5,17.0,101.0,7.72,4.78,False,0,0,76.0,0,0.9086829046646278,0.5787827407635076,0.3345692594484999,-1.4923455423864478,-1.842543098317518,-1.3550752537051944,0.4620062155510045,0.711864405289808
2020,Jedrick Wills,OL,Alabama,6-4,312.0,5.05,34.5,26.0,113.0,7.76,4.84,True,1,10,76.0,2,0.1793272919265604,-0.1542904311344542,-0.8461732942545083,1.8358628599716096,0.09799278566799677,1.097172252849303,-0.07815042266883548,0.4244710371440571
2020,Isaiah Wilson,OL,Georgia,6-6,350.0,5.32,29.0,26.0,110.0,8.26,5.07,True,1,29,78.0,0,2.351429115387031,1.104719486922669,0.6466910570439645,0.08429982520277825,0.09799278566799677,0.6471257255411438,1.516118199775414,1.6946356457409404
2020,Logan Wilson,LB,Wyoming,6-2,241.0,4.63,32.0,21.0,121.0,7.07,4.27,True,3,65,74.0,0,0.4275192688938242,0.31683719035477004,-0.24821279338925223,-0.6793917586642585,0.0564107207590723,0.17838083565731244,-0.23317637103111089,-0.40109284619206304
2020,Rob Windsor,DL,Penn State,6-4,290.0,4.9,28.5,21.0,111.0,7.47,4.44,True,6,193,76.0,0,0.11124720284626571,0.5787827407635076,-0.32617880780088815,-0.6542979208299989,-1.0039646970604932,-0.07804098319768173,-0.2731521896751348,-0.7193478681575031
2020,Tristan Wirfs,OL,Iowa,6-5,320.0,4.85,36.5,24.0,121.0,7.65,4.68,True,1,13,77.0,0,0.6366118863392911,0.4752145278941075,-1.9519987396607834,2.4727948726148212,-0.2939783570039903,2.297296325671061,-0.42888951960656857,-0.4591217340537739
2020,Steven Wirtel,LS,Iowa State,6-4,235.0,4.76,26.0,14.0,120.0,7.12,4.28,False,0,0,76.0,1,0.062926013899991,1.101835738552104,-1.6753118316333473,-1.1662042541765776,-0.1618347187425377,1.571465357050332,-1.5010531569438557,-1.3742063913809395
2020,Charlie Woerner,TE,Georgia,6-5,244.0,4.78,34.5,21.0,120.0,7.18,4.46,True,6,190,77.0,0,-0.8042220938526181,0.5303852645691367,0.2800248324124613,0.3553019241267596,0.3463589448719126,0.5117975190754556,0.11636264999811365,0.5233508004500087
2020,D.J. Wonnum,DL,South Carolina,6-5,258.0,4.73,34.5,20.0,123.0,7.25,4.44,True,4,117,77.0,0,-1.3064162670530446,1.2733220296797205,-1.128515746603718,1.0217973222828989,-1.2136092973747494,1.4544001414113334,-0.9200915862741367,-0.7193478681575031
2020,David Woodward,LB,Utah State,6-2,230.0,4.79,33.5,16.0,114.0,7.34,4.37,False,0,0,74.0,0,-0.46241880104842253,0.31683719035477004,0.8012257527539023,-0.2079770689788551,-1.1944356960725255,-0.9587969916580584,1.1018916660160447,0.2819033192768871
2020,Jabari Zuniga,DL,Florida,6-3,264.0,4.64,33.0,29.0,127.0,7.555,4.62,True,3,79,75.0,2,-1.0406043664469238,-0.11575654815270545,-1.5532823612640434,0.6027735115046744,0.6731921054535561,1.9652138496143385,-0.023198331898247555,0.03835274719695487
2021,Jonathan Adams,WR,Arkansas St.,6-2,210.0,4.59,39.0,14.0,132.0,7.04,4.38,False,0,0,74.0,1,0.5088555737067907,0.5590530483189408,0.8637833459274469,1.1820811483318556,-0.06690467575609896,1.8344238432240614,0.379939313835503,0.8797285995603141
2021,Paulson Adebo,CB,Stanford,6-1,198.0,4.45,36.5,18.0,121.0,6.69,4.13,True,3,76,73.0,0,0.5308308428096862,0.991184257589951,-0.5141501282973614,0.2532463122792011,0.9865934579851764,-0.30007834040077574,-1.2988043046342408,-0.3105745270127233
2021,Giles Amos,TE,Arkansas St.,6-3,250.0,5.14,28.5,19.0,111.0,7.65,5.13,False,0,0,75.0,1,-0.11147632984095619,-0.8267770300636582,2.7401588439575297,-1.5969886484434401,-0.22760730663011358,-1.03844409576432,2.501359521388019,5.264006302894579
2021,Zayne Anderson,LB,BYU,,234.0,4.46,34.0,11.0,120.0,6.78,4.22,False,0,0,74.0,2,-0.1388049574330601,0.31683719035477004,-1.3632412486663523,-0.05083883908372063,-2.445282112904123,0.015926860326545177,-1.6671383367484287,-0.7425909289265351
2021,Otis Anderson,RB,Central Florida,5-7,179.0,4.63,36.0,11.0,113.0,7.04,4.38,False,0,0,67.0,0,-2.571478373070101,-1.7215210754700585,0.6137323181462994,0.4410430497970774,-1.8148039281130937,-1.0751825890558928,-0.13409612677700142,0.678583046384299
2021,Jack Anderson,OL,Texas Tech,6-4,314.0,5.28,29.5,27.0,105.0,7.9,4.83,True,7,236,76.0,0,0.2936484405297431,-0.1542904311344542,0.4255259679627094,0.24353282836358112,0.2939783570039903,-0.10295181997245488,0.3682447916155562,0.36924648894419393
2021,Dan Archibong,DT,Temple,6-5,295.0,5.35,28.5,28.0,100.0,8.16,4.68,False,0,0,77.0,0,-0.7938674065173909,1.4512715163669354,1.3702022661417113,-0.17920743509916484,0.13781387456410185,-0.7946858551535662,1.9084209628099587,0.1540542028979471
2021,Calvin Ashley,OL,Florida A&M,6-6,314.0,5.49,29.0,15.0,105.0,7.0,5.1,False,0,0,78.0,0,0.2936484405297431,1.104719486922669,1.5866426856392972,0.08429982520277825,-2.057848499027932,-0.10295181997245488,-2.501438728784094,1.86030929034053
2021,Jaytlin Askew,DB,Georgia Tech,5-8,180.0,4.51,35.5,18.0,125.0,7.1,4.31,False,0,0,68.0,0,-1.590877177920895,-2.3209000505617943,-0.21653606573690903,-0.1028187939273592,0.8740854700545675,0.22567358899792744,0.34133862085964933,0.07970083135963063
2021,Tutu Atwell,WR,Louisville,5-8,155.0,4.42,33.0,14.0,117.0,6.89,4.14,True,2,57,68.0,1,-3.191615318525521,-2.0742913408663117,-0.918966110365521,-0.7701533510510583,-0.06690467575609896,-0.7762843713864521,-0.3885946477720538,-0.8100065194086868
2021,Kayode Awosika,OL,Buffalo,6-3,307.0,5.19,30.0,28.0,100.0,8.15,4.91,False,0,0,75.0,0,-0.10647557958139625,-0.7837953901630159,-0.07209548247011321,0.40276583152438394,0.4899639283399838,-0.8530293654860536,1.165379102837681,0.8110428745431094
2021,Kawaan Baker,WR,South Alabama,6-0,210.0,4.44,39.5,21.0,129.0,7.42,4.41,False,0,0,72.0,0,0.5088555737067907,-0.3187284147428101,-0.7092308802134022,1.3447673566137652,1.8027957591333346,1.3122822003019585,2.326892016574642,1.0909454894314408
2021,Josh Ball,OL,Marshall,6-7,308.0,5.2,27.5,28.0,106.0,7.77,4.7,True,4,138,79.0,0,-0.049315005279804924,1.7342244459512308,-0.016804210199800676,-0.39339918427963033,0.4899639283399838,0.047063689130264846,-0.04626505021995117,-0.34867263765404255
2021,Aaron Banks,OL,Notre Dame,6-5,325.0,5.32,31.0,24.0,100.0,7.69,4.89,True,2,48,77.0,0,0.9224147578472477,0.4752145278941075,0.6466910570439645,0.7212318378459897,-0.2939783570039903,-0.8530293654860536,-0.3013480298110285,0.7005937781433781
2021,Cole Banwart,OL,Iowa,6-1,298.0,5.12,27.5,22.0,103.0,7.5,4.7,False,0,0,73.0,0,-0.6209207482957182,-2.042805308220139,-0.45913438836231074,-0.39339918427963033,-0.6859494996759774,-0.4029828381778944,-0.9071701063398445,-0.34867263765404255
2021,Derrick Barnes,DE,Purdue,6-0,238.0,4.57,37.0,29.0,119.0,7.24,4.27,True,4,113,72.0,1,-2.077442767132907,-2.6294852256963672,-1.7145928500823882,1.3653750217440406,1.1917429254803849,0.5765366112439678,-0.049304283041180265,-1.058339116686356
2021,Carlos Basham,DL,Wake Forest,6-3,274.0,4.64,34.0,20.0,122.0,7.13,4.25,True,2,61,75.0,0,-0.5975845321033895,-0.11575654815270545,-1.5532823612640434,0.8821227186901573,-1.2136092973747494,1.3266967143605821,-1.2729676207826839,-1.5191429621427672
2021,John Bates,TE,Boise St.,6-5,250.0,4.84,31.5,19.0,120.0,6.85,4.35,False,0,0,77.0,0,-0.11147632984095619,0.5303852645691367,0.6900471676699707,-0.6208433621583402,-0.22760730663011358,0.5117975190754556,-1.5582096214033072,-0.2549657745782066
2021,Adam Bay,LS,Wisconsin,5-11,240.0,5.27,26.0,14.0,100.0,7.65,4.56,False,0,0,71.0,0,0.5348711181499303,-1.1778244101763826,0.9740185067635674,-1.1662042541765776,-0.1618347187425377,-1.39823295548573,0.7828459048176082,0.10098002236984249
2021,Tavante Beckett,LB,Marshall,5-10,220.0,4.78,31.0,18.0,106.0,7.34,4.58,False,0,0,70.0,0,-1.2714534100868287,-2.1691161493518614,0.7356358436199566,-0.9936682184545275,-0.6940971293398863,-2.2584287943041965,1.1018916660160447,1.7161952667616747
2021,Chase Behrndt,OL,West Virginia,6-3,324.0,5.55,24.5,25.0,101.0,8.21,4.93,False,0,0,75.0,0,0.8652541835456564,-0.7837953901630159,1.9183903192611773,-1.3487972032444475,-0.09799278566799677,-0.7030138563833338,1.3566913375309924,0.9214919709428359
2021,Shaun Beyer,TE,Iowa,6-4,250.0,4.78,31.5,19.0,119.0,7.14,4.2,False,0,0,76.0,2,-0.11147632984095619,-0.14819588274726075,0.2800248324124613,-0.6208433621583402,-0.22760730663011358,0.33954845075992496,-0.08661580714145264,-1.3163065587075844
2021,Tarik Black,WR,Texas,6-2,213.0,4.54,40.0,15.0,132.0,6.91,4.26,False,0,0,74.0,0,0.7106994405558259,0.5590530483189408,0.33944527054716384,1.5074535648956748,0.20019538637096299,1.8344238432240614,-0.2861234528910441,0.03486104007581362
2021,Josh Blancato,WR,Georgia Tech,5-9,182.0,4.55,32.0,17.0,124.0,6.9,4.31,False,0,0,69.0,0,-1.3750205168842045,-1.6354006093354365,0.4443128856232186,-1.0955257676148773,0.7343955106250869,0.4420461287651208,-0.33735905033154673,0.3868891898610206
2021,Quinton Bohanna,DL,Kentucky,6-4,327.0,5.46,29.0,25.0,99.0,8.21,5.15,False,0,0,76.0,1,1.7504205899173433,0.5787827407635076,2.316813461196668,-0.5146233172372574,-0.16538629580346853,-1.6104821078066969,1.902916689794241,2.26936011462953
2021,Nick Bolton,LB,Missouri,5-11,237.0,4.6,32.0,24.0,121.0,7.4,4.5,True,2,58,71.0,1,0.10390542527846174,-1.5476278144252036,-0.4449825207910951,-0.6793917586642585,0.806918570858031,0.17838083565731244,1.3985734520265267,1.1697983343865168
2021,Ian Book,QB,Notre Dame,6-0,211.0,4.65,32.5,16.0,115.0,6.99,4.19,True,4,133,72.0,1,-1.037799866187206,-1.6571668772219534,-0.9754450174373055,0.3679698178260152,-0.061313606531362225,0.3640639243770481,-0.5319701339419516,-0.9638794120992723
2021,Dicaprio Bootle,CB,Nebraska,5-9,180.0,4.38,36.5,16.0,126.0,6.77,4.03,False,0,0,69.0,0,-1.546066165328023,-1.5043113034186348,-1.2939444895483654,0.2532463122792011,0.45304371590679293,0.5834275747164901,-0.8346881635306381,-1.1168279074297756
2021,Tuf Borland,LB,Ohio St.,6-0,229.0,4.98,32.5,15.0,109.0,7.17,4.29,False,0,0,72.0,0,-0.5433222619522632,-0.9261394794985457,2.0474340262988995,-0.522253528769124,-1.444604979438845,-1.7710668683118949,0.2612932723196865,-0.2644936130982706
2021,Rakeem Boyd,RB,Arkansas,5-11,213.0,4.7,32.5,6.0,98.0,7.22,4.38,False,0,0,71.0,0,0.0010021349856079611,0.43573769960030895,1.2787400683058496,-0.6742260976562952,-2.9448467864433088,-3.8160813670092932,0.963714935210579,0.678583046384299
2021,Michael Boykin,DL,Louisville,6-5,291.0,4.88,32.0,24.0,110.0,7.69,4.58,False,0,0,77.0,0,0.15554918628061914,1.2733220296797205,-0.4205713888365174,0.32342430431919145,-0.3750308961177247,-0.20574441024843299,0.3737872069238697,-0.13002516732625843
2021,William Bradley-King,OLB,Baylor,6-3,252.0,4.74,34.5,22.0,119.0,7.14,4.26,True,7,240,75.0,1,0.890607029883881,0.7234552193823325,0.4467664491275052,0.07146120433977383,-0.09975334144153167,0.07464200064454121,0.11832294065311713,-0.49736268134774664
2021,Brady Breeze,S,Oregon,5-11,197.0,4.55,38.0,20.0,120.0,7.05,4.22,True,6,215,71.0,0,-1.0573641574158492,-0.7765747580804434,-0.0784275310133396,0.943635942321303,0.819053416685799,-0.24609991813104948,0.48166864288227146,0.02254127430796378
2021,Gary Brightwell,RB,Arizona,5-10,218.0,4.62,34.5,17.0,118.0,7.51,4.48,True,6,196,70.0,0,0.379308092052624,-0.10357699416728292,0.5187312109806517,-0.03692944196865367,-0.4587524981168355,-0.16154966307142618,2.7324105350794614,1.4300758223581127
2021,K.J. Britt,LB,Auburn,6-0,235.0,4.76,32.5,24.0,118.0,7.38,4.4,True,5,176,72.0,0,-0.057901496529219484,-0.9261394794985457,0.6044560253520593,-0.522253528769124,0.806918570858031,-0.3089810903349894,1.2996795233563645,0.4868021689175728
2021,Josiah Bronson,DL,Washington,6-2,304.0,5.08,30.0,27.0,101.0,7.63,4.72,False,0,0,74.0,0,0.7314749709272139,-0.8102958370689184,0.5233544215197542,-0.23527411005177448,0.2539029048250438,-1.3550752537051944,0.19734918966959478,0.45929753350498626
2021,Chris Brown,DB,Texas,5-10,191.0,4.55,36.0,15.0,118.0,6.85,4.18,False,0,0,70.0,0,-0.5102813589557597,-1.0784851536067828,0.1205579176805494,0.03178035448663885,0.10970303470320478,-0.946898461053154,-1.0678575203040477,-1.017357670884731
2021,Earnest Brown,DE,Northwestern,6-4,270.0,5.01,31.0,25.0,115.0,7.19,4.5,False,0,0,76.0,0,0.14370490598702948,0.08526216685136973,1.3266256235976281,-0.602347097703616,0.31379071013342874,-0.07813263633120728,-0.2764235498280899,0.38763644661914975
2021,Kimere Brown,CB,Temple,5-11,175.0,4.57,32.5,14.0,124.0,7.37,4.32,False,0,0,71.0,1,-2.122982000921831,-0.25656352291434187,0.8226402052757842,-1.209954603111736,-0.08050602617159051,0.23002520866958379,2.646182894746421,1.2213068957796844
2021,Dyami Brown,WR,North Carolina,6-0,189.0,4.46,35.0,18.0,128.0,6.87,4.35,True,3,82,72.0,0,-0.9040514942364557,-0.3187284147428101,-0.4994956500612927,-0.11940851792342029,1.0014955727521488,1.138234985994591,-0.491065842653059,0.6685117096891874
2021,Shakur Brown,CB,Michigan St.,5-9,185.0,4.61,35.5,17.0,116.0,7.08,4.23,False,0,0,69.0,0,-0.9691503297342149,-1.5043113034186348,1.2682369831334994,-0.11255391656853322,0.7198185869459847,-1.1835842555180416,0.9637618832458436,0.495678853404336
2021,Tre Brown,CB,Oklahoma,5-9,185.0,4.42,38.0,13.0,123.0,7.11,4.27,True,4,137,69.0,0,-0.9691503297342149,-1.5043113034186348,-0.8483477116906503,0.8019466555508025,-0.34728089721078226,0.053324025646130604,1.1378054361596979,0.8181802055711511
2021,Amon-Ra St. Brown,WR,USC,5-11,197.0,4.51,38.5,20.0,127.0,6.88,4.17,True,4,112,71.0,0,-0.3658011826390285,-0.7576191462736855,0.02484242531899031,1.0193949400499462,1.5356956970062727,0.9641877716872235,-0.4398302452125564,-0.5987896295375602
2021,Baron Browning,LB,Ohio St.,6-2,245.0,4.58,40.0,23.0,130.0,6.78,4.23,True,3,105,74.0,0,0.7511331125091866,0.31683719035477004,-0.5761623390589865,1.834819919657893,0.5567492874917114,1.6404666136342179,-1.6671383367484287,-0.6742913123796358
2021,John Brunner,OL,North Texas,6-2,194.0,5.2,32.5,11.0,121.0,6.77,4.3,False,0,0,74.0,1,-6.565620475661217,-1.4133003491915777,-0.016804210199800676,1.1989308473283982,-2.841790784371906,2.297296325671061,-3.23480229510845,-2.55765456564862
2021,Calvin Bundage,LB,Oklahoma St.,6-1,221.0,4.81,31.5,14.0,116.0,7.31,4.43,False,0,0,73.0,0,-1.190549949182988,-0.3046511445718878,0.9324055710217937,-0.836529988559393,-1.6947742628051645,-0.6338890409965239,0.9535507730108038,0.6917010185582524
2021,Lorenzo Burns,CB,Arizona,5-10,183.0,4.56,33.5,14.0,123.0,7.55,4.51,False,0,0,70.0,0,-1.199916663971738,-0.8804374131664883,0.7112410108113479,-0.8441543742640018,-0.08050602617159051,0.053324025646130604,3.690444212229536,2.753188318572085
2021,Eric Burrell,S,Wisconsin,5-11,197.0,4.73,35.5,8.0,124.0,7.21,4.26,False,0,0,71.0,0,-1.0573641574158492,-0.7765747580804434,1.6801417929656854,0.06751739280663596,-2.277252563155314,0.4308689418382729,1.4103918194291816,0.37354111710338644
2021,Wesley Burris,LS,Kansas St.,5-9,203.0,5.3,30.0,12.0,102.0,7.51,4.74,False,0,0,69.0,0,-2.95752265329962,-2.0896884696677773,1.1298614678457402,0.19910804339600058,-1.1328430311977622,-1.1012631242321238,0.17955181303155898,1.0493141454953505
2021,Jake Burton,OL,Baylor,6-5,303.0,5.49,26.0,22.0,100.0,8.22,4.97,False,0,0,77.0,0,-0.33511787678776156,0.4752145278941075,1.5866426856392972,-0.8710981937620389,-0.6859494996759774,-0.8530293654860536,1.3885767099798767,1.1423901637422935
2021,Camryn Bynum,CB,California,6-0,196.0,4.58,34.0,14.0,129.0,6.99,4.1,True,4,125,72.0,1,0.30006450857216294,0.36731036733780453,0.9340393997402104,-0.6612542598401346,-0.08050602617159051,1.1135311237868497,0.44163122450428605,-0.5524505411378419
2021,Jalen Camp,WR,Georgia Tech,6-1,226.0,4.48,39.5,29.0,125.0,7.0,4.14,False,0,0,73.0,0,1.5853561969016452,0.1201623167880653,-0.2897604199091739,1.3447673566137652,3.93959625614983,0.6160933430724883,0.17499692407348816,-0.8100065194086868
2021,Donavaughn Campbell,OL,Louisiana Tech,6-4,336.0,5.62,22.0,26.0,93.0,8.34,5.15,False,0,0,76.0,1,1.5511810751647523,-0.1542904311344542,2.305429225153375,-2.1449622190484616,0.09799278566799677,-1.9031379292050916,1.7712011793664941,2.1364320313398557
2021,Kyree Campbell,DL,Florida,6-2,287.0,5.46,25.0,25.0,98.0,7.96,5.02,False,0,0,74.0,1,-0.021658747456794625,-0.8102958370689184,2.316813461196668,-1.6320201459791892,-0.16538629580346853,-1.7381855348574482,1.167758284568099,1.722131892429084
2021,Tyson Campbell,DB,Georgia,6-1,193.0,4.4,34.5,12.0,124.0,7.15,4.45,True,2,33,73.0,0,-0.31380939187118956,0.7851371918257344,-1.1435445201349141,-0.3720170907553553,-0.6546794006481579,0.05816329613348724,0.6231778490923928,1.2611484491612566
2021,Tory Carter,FB,LSU,6-0,229.0,4.86,35.5,24.0,112.0,7.21,4.38,False,0,0,72.0,0,-1.5022885146000824,-0.3494667315982493,0.434312829864796,0.7496768378879627,0.21733917633780242,-0.3459467978097928,-0.07180797195113642,0.13712038994754822
2021,Michael Carter,RB,North Carolina,5-7,201.0,4.5,34.0,16.0,119.0,6.81,3.98,True,4,107,67.0,0,-0.9069321619752305,-1.7215210754700585,-0.621282075007145,-0.19625360589056404,-0.6847610697828785,0.02117692212546717,-1.536854705983359,-2.327388057510939
2021,J.C. Chalk,TE,Clemson,6-2,250.0,5.18,28.5,15.0,106.0,7.83,4.72,False,0,0,74.0,0,-0.11147632984095619,-1.5053581773800555,3.013507067462538,-1.5969886484434401,-1.375539809634166,-1.8996894373419728,3.414762578516065,2.363008159607602
2021,Ja'Marr Chase,WR,LSU,6-0,201.0,4.34,41.0,14.0,132.0,6.96,3.99,True,1,5,72.0,1,-0.09667602684031491,-0.3187284147428101,-1.7579070309739775,1.8328259814594938,-0.06690467575609896,1.8344238432240614,-0.029945465688526695,-1.8660909687643077
2021,Ramaud Chiaokhiao-Bowman,WR,Northwestern,6-1,204.0,4.78,34.5,11.0,119.0,6.78,4.2,False,0,0,73.0,0,0.10516784000872029,0.1201623167880653,2.8562680323725336,-0.2820947262053298,-0.8682048621372848,-0.428189942771717,-0.9521862196175913,-0.38757273966643346
2021,Mallory Claybourne,CB,Coastal Carolina,5-9,191.0,4.57,33.0,12.0,116.0,7.37,4.32,False,0,0,69.0,0,-0.27685132702164517,-1.5043113034186348,0.8226402052757842,-1.027054488687869,-0.614055768249974,-1.1835842555180416,2.646182894746421,1.2213068957796844
2021,Ben Cleveland,OL,Georgia,6-6,343.0,5.05,28.0,30.0,102.0,7.76,4.88,True,3,94,78.0,1,1.9513050952758917,1.104719486922669,-0.8461732942545083,-0.23416618111882748,0.8819350710119709,-0.552998347280614,-0.07815042266883548,0.6453692299435149
2021,Riley Cole,LB,South Alabama,6-2,240.0,4.72,33.5,26.0,121.0,7.46,4.35,False,0,0,74.0,2,0.3466158079899836,0.31683719035477004,0.3420963888162707,-0.2079770689788551,1.30725713759067,0.17838083565731244,1.6952552380370043,0.14530408618309465
2021,Nico Collins,WR,Michigan,6-4,215.0,4.43,37.5,14.0,125.0,6.78,4.29,True,3,89,76.0,0,0.8452620184551827,1.4368345113806915,-0.8140984952894662,0.6940225234861273,-0.06690467575609896,0.6160933430724883,-0.9521862196175913,0.2460779299469403
2021,Zaven Collins,LB,Tulsa,6-4,259.0,4.67,35.0,19.0,122.0,7.09,4.36,True,1,16,76.0,1,1.8837815651629553,1.5598138602080858,0.014146843146536393,0.2634376207065483,-0.4439278459735668,0.3408348109880797,-0.13428244236095316,0.2136037027299939
2021,Jonathon Cooper,DE,Ohio St.,6-2,253.0,4.69,33.0,28.0,108.0,6.99,4.31,True,7,239,74.0,0,-1.0362797953579368,-1.2721115294224987,-0.8851696299878365,0.05356027544560284,0.9722548716436459,-1.2238038195877636,-1.1849006169757328,-0.8068651056767031
2021,Samuel Cosmi,OL,Texas,6-5,314.0,4.87,30.0,36.0,117.0,7.35,4.39,True,2,51,77.0,0,0.2936484405297431,0.4752145278941075,-1.8414161951201535,0.40276583152438394,2.057848499027932,1.697234289260182,-1.3854506930731205,-2.0606336318498415
2021,Damonte Coxie,WR,Memphis,6-2,198.0,4.77,30.5,4.0,122.0,6.92,4.45,False,0,0,74.0,0,-0.2985198936893501,0.5590530483189408,2.7514004172964692,-1.583584392460606,-2.7379052970267184,0.09395170015038568,-0.23488785545054156,1.3725680092596075
2021,Tyler Coyle,LB,Purdue,6-1,209.0,4.38,39.0,24.0,133.0,7.14,4.0,False,0,0,73.0,0,-2.161391480029075,-0.3046511445718878,-1.8879605217379296,1.5205434598676242,0.806918570858031,2.1278285396265195,0.11295237931444554,-2.245182492958216
2021,Daniel Crawford,TE,Northern Illinois,6-1,245.0,4.7,32.5,14.0,113.0,7.19,4.45,False,0,0,73.0,0,-0.6887644665173411,-2.183939324696453,-0.26667161459755523,-0.29546160006330696,-1.6625229353851791,-0.6939459591332586,0.1671072642830086,0.4525947481747181
2021,Shaun Crawford,S,Notre Dame,5-9,182.0,4.55,35.0,12.0,116.0,6.7,4.13,False,0,0,69.0,0,-2.748939888702455,-2.0639762581681804,-0.0784275310133396,-0.10770631709629744,-1.245150569874943,-0.9230687781003719,-1.5499133058140904,-0.7672083719817352
2021,Harry Crider,OL,Indiana,6-2,307.0,5.25,27.0,31.0,102.0,7.63,4.68,False,0,0,74.0,0,-0.10647557958139625,-1.4133003491915777,0.2596521511517669,-0.5526321874404332,1.0779206423479644,-0.552998347280614,-0.49266026450434,-0.4591217340537739
2021,Jake Curhan,OL,California,6-5,316.0,5.45,24.0,15.0,102.0,8.07,4.84,False,0,0,77.0,0,0.40796958913292575,0.4752145278941075,1.3654775965580421,-1.5080302064052504,-2.057848499027932,-0.552998347280614,0.9102961232466008,0.4244710371440571
2021,Drew Dalman,C,Stanford,6-3,299.0,5.11,33.0,33.0,109.0,7.33,4.52,True,4,114,75.0,0,-0.9107527268531925,-0.39297912554063485,-0.897091983073832,2.178209300304519,1.8461098611689877,1.1209004337431716,-1.487047970598952,-0.9602632822634728
2021,DJ Daniel,DB,Georgia,5-11,195.0,4.62,31.0,11.0,119.0,7.02,4.12,False,0,0,71.0,0,-0.11733742478661949,-0.457277705129277,0.7104723886611035,-1.3142111296533416,-0.9094735457652788,-0.7793881681887138,-0.1096041443127341,-1.5236923642282794
2021,Frank Darby,WR,Arizona St.,6-0,201.0,4.56,34.5,19.0,117.0,7.05,4.25,True,6,187,72.0,0,-0.09667602684031491,-0.3187284147428101,0.5491805006992733,-0.2820947262053298,1.2685956348792107,-0.7762843713864521,0.4311749112760056,-0.03554458988122652
2021,Jaelon Darden,WR,North Texas,5-7,174.0,4.47,35.5,14.0,122.0,6.66,3.98,True,4,129,67.0,1,-1.9132708284816318,-2.5131820723971874,-0.39462803498523796,0.043277690358489204,-0.06690467575609896,0.09395170015038568,-1.567013388903636,-1.936496598721351
2021,Corey Dauphine,RB,Tulane,5-11,198.0,4.71,30.0,14.0,117.0,7.4,4.53,False,0,0,71.0,0,-1.1339157362154402,0.43573769960030895,1.3737411754714972,-1.470846917265847,-1.1367782131149646,-0.34427624826831954,2.061525997198165,1.805822210345016
2021,Zach Davidson,TE,Central Missouri St.,6-6,245.0,4.58,37.5,17.0,117.0,6.95,4.19,False,0,0,78.0,0,-0.6887644665173411,1.208966411885534,-1.08671628511258,1.3314472104118593,-0.8015735581321398,-0.004949685871136246,-1.0507634785543891,-1.387062610982875
2021,Divine Deablo,DB,Virginia Tech,6-3,226.0,4.42,34.0,19.0,126.0,7.12,4.4,True,3,80,75.0,0,2.9279780650242166,2.027552088780746,-0.9749975284261887,-0.5066162391693533,1.1288796151716884,0.39318388186236763,0.45407431215274774,0.8392028713749647
2021,Bryson Denley,RB,Bowling Green,5-7,189.0,4.56,27.5,13.0,110.0,7.25,4.57,False,0,0,67.0,0,-1.814866458936069,-1.7215210754700585,-0.05127543201325092,-2.267467736875399,-1.3627867847810076,-1.623362344646573,1.1466834455418442,2.1064193207345405
2021,Jon Dietzen,OL,Wisconsin,6-4,312.0,5.32,27.0,19.0,106.0,7.64,4.85,False,0,0,76.0,0,0.1793272919265604,-0.1542904311344542,0.6466910570439645,-0.5526321874404332,-1.273906213683958,0.047063689130264846,-0.4607748920554557,0.4796955853439203
2021,Victor Dimukeje,DE,Duke,6-1,262.0,4.87,34.5,28.0,115.0,7.25,4.35,True,6,210,73.0,0,-0.4115820122929546,-1.950798377559433,0.3589652001539877,0.5454908053075169,0.9722548716436459,-0.07813263633120728,-0.0038804296837991353,-0.5553910946670502
2021,Brett DioGuardi,LS,Florida,6-3,234.0,5.48,24.5,14.0,98.0,7.88,4.95,False,0,0,75.0,1,-0.03146300694999684,0.6459037088064067,2.0649192343387726,-1.6781963657662946,-0.1618347187425377,-1.6952027867393362,1.7739719127518259,2.1557039558084394
2021,Gerrid Doaks,RB,Cincinnati,5-11,228.0,4.58,39.5,19.0,120.0,7.2,4.27,False,0,0,71.0,0,1.1359200061866561,0.43573769960030895,0.13872678231805277,1.55631219725045,-0.006735354784749435,0.2039035073223605,0.8417359283230724,-0.1480590071868941
2021,DeVontres Dukes,WR,South Florida,6-3,216.0,4.81,33.0,16.0,122.0,7.07,4.41,False,0,0,75.0,0,0.9125433074048611,0.9979437798498162,3.1708708776006977,-0.7701533510510583,0.46729544849802496,0.09395170015038568,0.5336461061570154,1.0909454894314408
2021,Isaiah Dunn,DB,Oregon St.,5-11,189.0,4.39,35.5,13.0,127.0,6.93,4.21,False,0,0,71.0,0,-0.7067533260403297,-0.457277705129277,-1.2278180159892844,-0.1028187939273592,-0.399885255531037,0.5606941747268078,-0.6169147551316643,-0.7641903242129529
2021,Wes Dvorak,DB,Iowa,5-11,198.0,4.52,41.5,14.0,132.0,6.94,4.33,False,0,0,71.0,1,0.17737052584023563,-0.457277705129277,-0.1322625698825463,1.5123709870406172,-0.14509111041391612,1.3982456390490088,-0.5605469094851125,0.24847906247415183
2021,Brennan Eagles,WR,Texas,6-3,225.0,4.55,36.5,14.0,125.0,6.93,4.42,False,0,0,75.0,1,1.5180749079519666,0.9979437798498162,0.4443128856232186,0.3686501069223082,-0.06690467575609896,0.6160933430724883,-0.18365225801003898,1.161351119388481
2021,Adrian Ealy,OL,Oklahoma,6-6,321.0,5.42,24.5,18.0,104.0,8.82,4.87,False,0,0,78.0,0,0.6937724606408824,1.104719486922669,1.1996037797470995,-1.3487972032444475,-1.4698917850199515,-0.2529673290751746,3.301699056912975,0.5901446817436516
2021,Brandin Echols,DB,Kentucky,5-10,179.0,4.34,42.5,13.0,136.0,6.84,4.12,False,0,0,70.0,0,-1.68911316146318,-1.0784851536067828,-1.6491854952611056,1.7815692838686135,-0.399885255531037,2.0682868105067698,-1.1242253659505943,-1.5236923642282794
2021,Sam Ehlinger,QB,Texas,6-1,220.0,4.84,36.5,16.0,114.0,7.15,4.44,True,6,218,73.0,1,-0.1847476541974121,-1.0740286321557804,0.20882270589903176,1.7574238499370494,-0.061313606531362225,0.21027081073805623,0.28992807627278566,0.7212910337874484
2021,Liam Eichenberg,OL,Notre Dame,6-6,306.0,5.2,26.5,33.0,105.0,7.53,4.58,True,2,42,78.0,1,-0.16363615388298758,1.104719486922669,-0.016804210199800676,-0.711865190601236,1.4698917850199515,-0.10295181997245488,-0.8115139889931887,-1.0113672160524159
2021,Milo Eifler,LB,Illinois,6-2,228.0,4.58,37.5,14.0,126.0,7.15,4.35,False,0,0,74.0,0,-0.6242257228561038,0.31683719035477004,-0.5761623390589865,1.0491287701822207,-1.6947742628051645,0.9906507123111488,0.1623993436495288,0.14530408618309465
2021,D'Wayne Eskridge,WR,West. Michigan,5-8,190.0,4.38,35.0,14.0,124.0,6.93,4.22,True,2,56,68.0,1,-0.8367702052867774,-2.0742913408663117,-1.3384365706697492,-0.11940851792342029,-0.06690467575609896,0.4420461287651208,-0.18365225801003898,-0.24676147975235319
2021,Dorian Etheridge,LB,Louisville,6-1,233.0,4.87,35.0,21.0,121.0,7.25,4.47,False,0,0,73.0,1,-0.21970841833690072,-0.3046511445718878,1.3259450258254795,0.2634376207065483,0.0564107207590723,0.17838083565731244,0.6568689870003263,0.9648994847458312
2021,Travis Etienne,RB,Clemson,5-10,215.0,4.45,33.5,18.0,128.0,7.07,4.28,True,1,25,70.0,2,0.15232451781241438,-0.10357699416728292,-1.0962876108353916,-0.3555777698124744,-0.23274392645079248,1.6657161888975074,0.04887238355426378,-0.07290972958950806
2021,Chris Evans,RB,Michigan,5-11,211.0,4.5,40.5,20.0,127.0,6.83,4.12,True,6,202,71.0,0,-0.15032024784119846,0.43573769960030895,-0.621282075007145,1.8749605250942707,0.2192732168812936,1.4829896037006138,-1.414875699095847,-1.2752981711476046
2021,Dillon Faamatau,DL,Oklahoma,6-3,280.0,5.35,24.5,22.0,100.0,8.58,5.15,False,0,0,75.0,0,-0.33177263149726877,-0.11575654815270545,1.7976542655007177,-1.7716947495719308,-0.794320096746237,-1.4827786807559455,2.990951129528925,2.26936011462953
2021,Matt Farniok,OL,Nebraska,6-5,311.0,5.2,33.0,28.0,105.0,7.14,4.8,False,0,0,77.0,0,0.12216671762496907,0.4752145278941075,-0.016804210199800676,1.358163850489201,0.4899639283399838,-0.10295181997245488,-2.055043514499705,0.20357284434459938
2021,Luke Farrell,TE,Ohio St.,6-5,251.0,4.79,36.5,22.0,118.0,7.14,4.36,True,5,145,77.0,0,0.003981297494320801,0.5303852645691367,0.34836188828871184,1.006065448316826,0.6333420706229257,0.16729938244439435,-0.08661580714145264,-0.18420972230290977
2021,Simi Fehoko,WR,Stanford,6-3,222.0,4.44,34.5,16.0,120.0,6.78,4.26,True,5,179,75.0,0,1.3162310411029314,0.9979437798498162,-0.7092308802134022,-0.2820947262053298,0.46729544849802496,-0.25414272846434943,-0.9521862196175913,0.03486104007581362
2021,Parker Ferguson,OT,Air Force,6-3,306.0,5.19,31.0,24.0,105.0,7.75,4.9,False,0,0,75.0,0,-0.6862139848989518,-2.3208591021693965,-0.1578409094140341,0.9372017240481002,0.0010652833053096855,0.12793028727638941,-0.21422872236142707,0.7005514945432778
2021,Tony Fields,LB,West Virginia,6-0,222.0,4.64,34.0,17.0,114.0,7.15,4.48,True,5,153,72.0,0,-1.1096464882791475,-0.9261394794985457,-0.18262288425530654,-0.05083883908372063,-0.9442664127062059,-0.9587969916580584,0.1623993436495288,1.0331991012927304
2021,Paddy Fisher,LB,Northwestern,6-3,240.0,4.91,31.5,20.0,110.0,7.0,4.47,False,0,0,75.0,0,0.3466158079899836,0.9383255252814279,1.588304662361268,-0.836529988559393,-0.19375856260724725,-1.6086128929811276,-0.5793051213766717,0.9648994847458312
2021,Dez Fitzpatrick,WR,Louisville,6-1,208.0,4.43,35.0,14.0,121.0,7.09,4.26,True,4,109,73.0,2,0.3742929958074339,0.1201623167880653,-0.8140984952894662,-0.11940851792342029,-0.06690467575609896,-0.08009551415698189,0.6361173010380204,0.03486104007581362
2021,Paris Ford,DB,Pittsburgh,6-0,197.0,4.85,28.5,14.0,110.0,7.44,4.45,False,0,0,72.0,1,0.0791345422979506,0.1639297433482287,2.648762793311484,-1.9872068717233318,-0.14509111041391612,-2.286980803968676,2.2578453728422816,1.2611484491612566
2021,Darrick Forrest,S,Cincinnati,5-11,206.0,4.42,39.0,21.0,132.0,6.91,4.23,True,5,163,71.0,0,-0.04241871864388563,-0.7765747580804434,-1.3485053761092967,1.29408336212717,1.0770789150058917,1.7848066617769178,-0.3309641365962722,0.11029123500682529
2021,Stone Forsythe,OL,Florida,6-8,307.0,5.14,27.5,25.0,103.0,7.47,4.65,True,6,208,80.0,0,-0.10647557958139625,2.3637294049797926,-0.3485518438216857,-0.39339918427963033,-0.09799278566799677,-0.4029828381778944,-1.0028262236865002,-0.6247953786533635
2021,Feleipe Franks,QB,Arkansas,6-6,234.0,4.61,32.5,16.0,117.0,7.16,4.22,False,0,0,78.0,1,1.1422224533422676,1.8416625931750856,-1.2247645381396932,0.3679698178260152,-0.061313606531362225,0.6716501516550318,0.34129671441120557,-0.76165895859287
2021,Will Fries,OL,Penn St.,6-6,309.0,5.37,31.0,24.0,115.0,7.77,4.53,True,7,248,78.0,0,0.007845569021786408,1.104719486922669,0.923147418395532,0.7212318378459897,-0.2939783570039903,1.3972032710547424,-0.04626505021995117,-1.2874899570517366
2021,Jake Funk,RB,Maryland,5-10,204.0,4.49,38.0,22.0,122.0,6.71,4.12,True,7,233,70.0,0,-0.679948587735021,-0.10357699416728292,-0.7162831821727927,1.0783397054847188,0.6712903602133796,0.5693566777161472,-2.1467497404209026,-1.2752981711476046
2021,Bailey Gaither,WR,San Jose St.,6-0,188.0,4.45,31.0,9.0,121.0,7.07,4.39,False,0,0,72.0,0,-0.9713327831861341,-0.3187284147428101,-0.6043632651373474,-1.4208981841786963,-1.4024049863914088,-0.08009551415698189,0.5336461061570154,0.9501342295173543
2021,Blake Gallagher,LB,Northwestern,5-11,228.0,4.83,31.5,27.0,107.0,7.23,4.4,False,0,0,71.0,0,-0.6242257228561038,-1.5476278144252036,1.063585389289691,-0.836529988559393,1.5574264209569897,-2.0959748189734295,0.5579750583301685,0.4868021689175728
2021,Mark Gilbert,CB,Duke,6-0,186.0,4.47,36.0,13.0,130.0,7.05,4.37,False,0,0,72.0,0,-0.8537671626154533,0.36731036733780453,-0.2913517393685087,0.07034619785533391,-0.34728089721078226,1.2902323068103028,0.7897183303319893,1.6244335859882104
2021,Chauncey Golston,DL,Iowa,6-4,269.0,4.79,36.0,25.0,119.0,7.52,4.65,True,3,84,76.0,1,-0.8190944492751566,0.5787827407635076,-0.8453380034968385,1.4408211330611234,-0.16538629580346853,0.9435864332083284,-0.12612050862990748,0.16463618308936576
2021,Tay Gowan,DB,Central Florida,6-0,186.0,4.44,35.5,13.0,118.0,6.88,4.25,True,6,223,72.0,0,-1.0014612766671849,0.1639297433482287,-0.8064505367174557,-0.1028187939273592,-0.399885255531037,-0.946898461053154,-0.8987539833644027,-0.42663386198391795
2021,Ta'Quon Graham,DL,Texas,6-3,292.0,4.89,32.5,32.0,113.0,7.31,4.68,True,5,148,75.0,0,0.1998511697149726,-0.11575654815270545,-0.37337509831870486,0.4630989079119329,1.3021259063963246,0.1773658709038208,-0.7436535690198645,0.29091961898177293
2021,Richie Grant,DB,Central Florida,5-11,197.0,4.49,34.5,12.0,129.0,6.78,4.27,True,2,40,71.0,0,0.0791345422979506,-0.457277705129277,-0.38508305744563454,-0.3720170907553553,-0.6546794006481579,0.8957147604556883,-1.4624324398298796,-0.2578556308694043
2021,Noah Gray,TE,Duke,6-3,240.0,4.55,35.0,15.0,115.0,6.83,4.37,True,5,162,75.0,0,-1.266052603193726,-0.8267770300636582,-1.2917274527413378,0.5179928051742763,-1.375539809634166,-0.34944782250219747,-1.659698849973088,-0.11345367002761918
2021,Kendrick Green,OL,Illinois,6-1,305.0,4.89,35.5,25.0,119.0,7.79,4.67,True,3,87,73.0,0,-0.2207967281845789,-2.042805308220139,-1.7308336505795285,2.1543288662932154,-0.09799278566799677,1.9972653074656215,0.01750569467782028,-0.5143462822536371
2021,Trevon Grimes,WR,Florida,6-4,220.0,4.49,35.0,15.0,118.0,6.98,4.28,False,0,0,76.0,0,1.1816684632035748,1.4368345113806915,-0.18489280483311918,-0.11940851792342029,0.20019538637096299,-0.6022371570790845,0.07252572919248301,0.17567229998990017
2021,Garrett Groshek,RB,Wisconsin,5-11,217.0,4.64,33.5,17.0,115.0,7.08,4.32,False,0,0,71.0,0,0.3036469006392208,0.43573769960030895,0.7087334253119469,-0.3555777698124744,-0.4587524981168355,-0.7097294186621063,0.10986188699801705,0.22768738080001608
2021,Robert Hainsey,OL,Notre Dame,6-4,306.0,5.2,27.5,32.0,104.0,7.58,4.63,True,3,95,76.0,0,-0.16363615388298758,-0.1542904311344542,-0.016804210199800676,-0.39339918427963033,1.273906213683958,-0.2529673290751746,-0.6520871267487643,-0.7352444750530949
2021,Darren Hall,CB,San Diego St.,5-11,188.0,4.47,38.5,16.0,132.0,7.07,4.28,True,4,108,71.0,0,-0.62300082837793,-0.25656352291434187,-0.2913517393685087,0.9848467699746696,0.45304371590679293,1.643634672857209,0.9057473656078939,0.898805543612862
2021,Damar Hamlin,DB,Pittsburgh,6-0,200.0,4.6,35.0,18.0,118.0,6.93,4.4,True,6,212,72.0,0,0.3738424929248057,0.1639297433482287,0.5419253969523705,-0.23741794234135724,0.8740854700545675,-0.946898461053154,-0.6169147551316643,0.8392028713749647
2021,Noah Hannon,OL,Appalachian St.,6-0,238.0,5.15,29.5,15.0,108.0,7.37,4.68,False,0,0,72.0,0,-4.0505552063911985,-2.672310267248701,-0.29326057155136825,0.24353282836358112,-2.057848499027932,0.3470947073357043,-1.321679948175349,-0.4591217340537739
2021,Adrian Hardy,WR,Louisiana Tech,6-1,205.0,4.61,37.5,12.0,124.0,6.96,4.5,False,0,0,73.0,0,0.1724491289583987,0.1201623167880653,1.0735185760795656,0.6940225234861273,-0.6011048000102228,0.4420461287651208,-0.029945465688526695,1.7245961590448147
2021,Bryce Hargrove,OL,Pittsburgh,6-3,310.0,5.46,27.0,26.0,97.0,8.06,5.03,False,0,0,75.0,0,0.06500614332337774,-0.7837953901630159,1.4207688688283546,-0.5526321874404332,0.09799278566799677,-1.3030758927942128,0.8784107507977165,1.4737374529414826
2021,Darius Harper,OL,Cincinnati,6-6,300.0,5.05,30.5,16.0,105.0,7.7,4.54,False,0,0,78.0,0,-0.5065995996925355,1.104719486922669,-0.8461732942545083,0.5619988346851869,-1.8618629276919385,-0.10295181997245488,-0.26946265736214414,-1.2322654088518736
2021,Scooter Harrington,TE,Stanford,6-4,250.0,5.19,29.0,19.0,105.0,7.2,4.53,False,0,0,76.0,1,-0.11147632984095619,-0.14819588274726075,3.0818441233387945,-1.4342977673959234,-0.22760730663011358,-2.0719385056575037,0.21785187856789906,1.0186431663770554
2021,Jacob Harris,WR,Central Florida,6-5,219.0,4.39,40.5,15.0,133.0,6.54,4.31,False,0,0,77.0,0,1.1143871742538962,1.875725242911567,-1.2335689555936944,1.6701397731775842,0.20019538637096299,2.0084710575314286,-2.1818405581896805,0.3868891898610206
2021,Jaylen Harris,WR,Ohio St.,5-8,170.0,4.77,30.5,8.0,109.0,7.37,4.5,False,0,0,68.0,0,-2.1823959842803453,-2.0742913408663117,2.7514004172964692,-1.583584392460606,-1.6695050485184706,-2.1686620858453924,2.0707140293721245,1.7245961590448147
2021,Jake Hausmann,TE,Ohio St.,6-4,242.0,4.98,29.5,16.0,112.0,7.65,4.44,False,0,0,76.0,0,-1.035137348523172,-0.14819588274726075,1.6467659499375027,-1.271606886348407,-1.0885566838831529,-0.8661950274487893,2.501359521388019,0.38183869589942754
2021,Javian Hawkins,RB,Louisville,5-8,183.0,4.46,36.0,19.0,116.0,6.98,4.23,False,0,0,68.0,1,-2.2688336074164885,-1.1822063817024666,-1.001286503669744,0.4410430497970774,-0.006735354784749435,-0.5270028334652128,-0.5000331474395264,-0.44865611757641155
2021,Daelin Hayes,DL,Notre Dame,6-3,253.0,4.71,32.5,26.0,119.0,7.17,4.29,True,5,171,75.0,0,-1.5279261842248117,-0.11575654815270545,-1.222908327639347,0.4630989079119329,0.044258304510787626,0.9435864332083284,-1.1553422759465015,-1.3507650476195538
2021,Brett Heggie,OL,Florida,6-4,310.0,5.5,26.0,21.0,105.0,7.66,4.69,False,0,0,76.0,0,0.06500614332337774,-0.1542904311344542,1.6419339579096097,-0.8710981937620389,-0.8819350710119709,-0.10295181997245488,-0.39700414715768423,-0.40389718585390577
2021,Justin Henderson,RB,Louisiana Tech,5-7,220.0,4.65,32.0,26.0,118.0,7.22,4.59,False,0,0,67.0,0,0.5306304748794304,-1.7215210754700585,0.803734532477603,-0.8335502615782054,1.5753246468775517,-0.16154966307142618,0.963714935210579,2.256717875929299
2021,Khalil Herbert,RB,Virginia Tech,5-8,210.0,4.46,33.0,22.0,115.0,6.96,4.31,True,6,217,68.0,0,-0.22598143925460168,-1.1822063817024666,-1.001286503669744,-0.5149019337343848,0.6712903602133796,-0.7097294186621063,-0.6220121543270384,0.15253810320263003
2021,Grant Hermanns,OL,Purdue,6-7,300.0,5.2,27.0,29.0,107.0,7.76,4.81,False,0,0,79.0,1,-0.5065995996925355,1.7342244459512308,-0.016804210199800676,-0.5526321874404332,0.6859494996759774,0.1970791982329846,-0.07815042266883548,0.2587973925444626
2021,Kylin Hill,RB,Mississippi St.,5-10,214.0,4.51,36.0,22.0,122.0,7.13,4.35,True,7,256,70.0,0,0.07666332639901118,-0.10357699416728292,-0.5262809678414975,0.4410430497970774,0.6712903602133796,0.5693566777161472,0.4148094042167888,0.4531352135921542
2021,Justin Hilliard,LB,Ohio St.,6-0,229.0,4.81,34.5,27.0,114.0,7.2,4.34,False,0,0,72.0,0,-0.5433222619522632,-0.9261394794985457,0.9324055710217937,0.10629939081141385,1.5574264209569897,-0.9587969916580584,0.4096341653249275,0.07700446963620144
2021,Nate Hobbs,DB,Illinois,5-11,196.0,4.48,40.5,17.0,135.0,6.85,4.17,False,0,0,71.0,0,-0.019101441244334442,-0.457277705129277,-0.46935655329999726,1.2431726902126212,0.6192913249374465,1.9007765176423295,-1.0678575203040477,-1.1017467864419876
2021,Darius Hodge,DL,Marshall,6-0,248.0,4.73,38.5,26.0,127.0,7.16,4.67,False,0,0,72.0,0,-1.749436101396579,-2.199374414901344,-1.128515746603718,2.1391941510248307,0.044258304510787626,1.9652138496143385,-1.1847486121555464,0.24882514035097056
2021,Jevon Holland,S,Oregon,6-0,207.0,4.48,35.5,19.0,126.0,6.975,4.14,True,2,36,72.0,1,0.07035299677522143,-0.13287400803657493,-0.7623156014496189,0.06751739280663596,0.5610279183657063,0.7693533718229342,0.04632965387590674,-0.6794584112828815
2021,Jaycee Horn,DB,South Carolina,6-0,205.0,4.39,41.5,19.0,133.0,7.02,4.31,True,1,8,72.0,2,0.8650224106362309,0.1639297433482287,-1.2278180159892844,1.5123709870406172,1.1288796151716884,1.565755931913449,-0.1096041443127341,0.07970083135963063
2021,Phil Hoskins,DT,Kentucky,6-4,313.0,5.23,30.5,20.0,103.0,7.87,4.85,False,0,0,76.0,0,0.34205807608007177,0.7477277133506463,0.6974245572870004,0.4802759260657605,-1.4923273845655616,-0.30703771676387753,0.8094999997645689,1.1645234293618527
2021,Chuba Hubbard,RB,Oklahoma St.,6-0,210.0,4.48,36.0,20.0,120.0,7.24,4.26,True,4,126,72.0,0,-0.22598143925460168,0.9750523933679008,-0.8112842893384403,0.4410430497970774,0.2192732168812936,0.2039035073223605,1.085693942098091,-0.22320828478427346
2021,Wyatt Hubert,DE,Kansas St.,6-2,258.0,4.93,32.5,23.5,110.0,7.03,4.28,True,7,235,74.0,1,-0.6892254714329467,-1.2721115294224987,0.7736768102012604,-0.11041656784170187,-0.01544137062167986,-0.8964691958001761,-1.0032052035462042,-0.9954706139339387
2021,James Hudson,OL,Cincinnati,6-4,313.0,5.27,28.5,22.0,98.0,8.05,4.79,True,4,110,76.0,0,0.23648786622815174,-0.1542904311344542,0.370234695692392,-0.07493317795802461,-0.6859494996759774,-1.153060383691493,0.8465253783488321,0.14834829614473616
2021,Justin Hughes,LB,Kansas St.,6-0,227.0,5.02,28.5,24.0,104.0,7.37,4.84,False,0,0,72.0,0,-0.7051291837599444,-0.9261394794985457,2.3097936628346822,-1.7793593679301998,0.806918570858031,-2.583336744965731,1.2502325590212857,3.491985296980934
2021,Creed Humphrey,OL,Oklahoma,6-4,302.0,5.11,33.0,29.0,112.0,7.5,4.49,True,2,63,76.0,0,-0.39227845108935294,-0.1542904311344542,-0.5144256606326233,1.358163850489201,0.6859494996759774,0.9471567437465832,-0.9071701063398445,-1.5083881498511944
2021,Josh Imatorbhebhe,WR,Illinois,6-0,218.0,4.53,46.5,24.0,134.0,7.1,4.38,False,0,0,72.0,0,1.0471058853042179,-0.3187284147428101,0.2345776554711091,3.6223742725604984,2.6040959455145205,2.1825182718387963,0.6873528984785231,0.8797285995603141
2021,Alaric Jackson,OL,Iowa,6-6,321.0,5.2,25.0,26.0,103.0,7.7,4.765,False,0,0,78.0,2,0.6937724606408824,1.104719486922669,-0.016804210199800676,-1.1895642000836446,0.09799278566799677,-0.4029828381778944,-0.26946265736214414,0.010286925645073232
2021,Deon Jackson,RB,Duke,5-11,218.0,4.41,36.0,18.0,123.0,7.15,4.37,False,0,0,71.0,0,0.379308092052624,0.43573769960030895,-1.4762920394979906,0.4410430497970774,-0.23274392645079248,0.7520832629130405,0.5367884111043008,0.6034337687869196
2021,Tarron Jackson,DE,Coastal Carolina,6-2,254.0,4.68,29.0,25.0,118.0,7.45,4.51,True,6,191,74.0,0,-0.9668689305729387,-1.2721115294224987,-0.9542882316623871,-1.258254470852835,0.31379071013342874,0.412869299350174,0.9045966374638437,0.4505049493715616
2021,Warren Jackson,WR,Colorado St.,6-6,219.0,4.68,33.5,14.0,123.0,7.81,4.53,False,0,0,78.0,1,1.1143871742538962,2.3146159744424426,1.807591881611958,-0.6074671427691488,-0.06690467575609896,0.26799891445775326,4.325080316754283,1.9358130489159413
2021,Jerry Jacobs,DB,Arkansas,5-10,208.0,4.53,34.5,20.0,120.0,6.95,4.33,False,0,0,70.0,0,1.159730361263086,-1.0784851536067828,-0.04798907402817608,-0.3720170907553553,1.3836737602888092,-0.6118778753242736,-0.5041790638385659,0.24847906247415183
2021,Brenden Jaimes,OL,Nebraska,6-5,298.0,5.2,30.5,25.0,112.0,7.5,4.51,True,5,159,77.0,1,-0.6209207482957182,0.4752145278941075,-0.016804210199800676,0.5619988346851869,-0.09799278566799677,0.9471567437465832,-0.9071701063398445,-1.397939053451468
2021,Shemar Jean-Charles,DB,Appalachian St.,5-10,184.0,4.47,35.0,19.0,124.0,7.19,4.27,False,0,0,70.0,0,-1.197933243751755,-1.0784851536067828,-0.5536300491543675,-0.23741794234135724,1.1288796151716884,0.05816329613348724,0.8486492316785845,-0.2578556308694043
2021,Jermar Jefferson,RB,Oregon St.,5-10,206.0,4.57,31.0,13.0,115.0,7.38,4.38,True,7,257,70.0,0,-0.5286262049082145,-0.10357699416728292,0.04372567515240514,-1.1521985894220261,-1.3627867847810076,-0.7097294186621063,1.9395469903106528,0.678583046384299
2021,Teven Jenkins,OL,Oklahoma St.,6-5,317.0,5.01,32.5,36.0,106.0,7.72,4.66,True,2,39,77.0,0,0.4651301634345171,0.4752145278941075,-1.0673383833357633,1.1989308473283982,2.057848499027932,0.047063689130264846,-0.20569191246437554,-0.5695708304535003
2021,Sterling Johnson,DL,Coastal Carolina,6-3,288.0,5.22,28.0,25.0,103.0,7.56,4.81,False,0,0,75.0,0,0.02264323597755882,-0.11575654815270545,1.1841024887691423,-0.7939725244227404,-0.16538629580346853,-1.0996683996036918,-0.008495163793725082,0.8381478411822152
2021,Jerome Johnson,DL,Indiana,6-2,296.0,5.12,27.5,21.0,113.0,7.7,4.66,False,0,0,74.0,0,0.3770591034523864,-0.8102958370689184,0.7121395835910085,-0.9336471280154819,-1.0039646970604932,0.1773658709038208,0.4031935431329146,0.20673066172016816
2021,Jamar Johnson,DB,Indiana,6-2,205.0,4.58,35.0,17.0,122.0,7.22,4.41,True,5,164,74.0,0,0.8650224106362309,1.40634464030324,0.3733784052436451,-0.23741794234135724,0.6192913249374465,-0.2768572895953932,1.0177527686182246,0.9235919869322216
2021,Josh Johnson,RB,La-Monroe,5-8,209.0,4.61,35.5,22.0,115.0,7.16,4.4,False,0,0,68.0,0,-0.3016426306680049,-1.1822063817024666,0.4237301038150041,0.281718885875167,0.6712903602133796,-0.7097294186621063,0.597777914548054,0.8288816015790644
2021,Mustafa Johnson,DE,Colorado,6-0,280.0,4.825,29.0,27.0,103.0,7.18,4.51,False,0,0,72.0,1,0.8378135538370096,-2.6294852256963672,0.047931492618531656,-1.258254470852835,0.7527668178069068,-2.0421403790567325,-0.3218474031854751,0.4505049493715616
2021,Patrick Johnson,DE,Tulane,6-6,240.0,4.59,35.0,16.0,119.0,6.97,4.41,True,7,234,78.0,0,-1.938621037562911,1.4426358631252383,-1.5763556467332993,0.7094676485948217,-1.6616017743972227,0.5765366112439678,-1.275748323690499,-0.17818007815256798
2021,Zeandae Johnson,DE,California,6-3,270.0,4.89,27.5,22.0,108.0,7.24,4.43,False,0,0,75.0,2,0.14370490598702948,-0.5934246812855645,0.4972024035030766,-1.750185000714749,-0.34467345137678845,-1.2238038195877636,-0.049304283041180265,-0.05244307264774429
2021,Jamal Jones,RB,Arkansas St.,5-6,198.0,4.67,28.0,23.0,112.0,7.39,4.65,False,0,0,66.0,0,-1.1339157362154402,-2.26083576923765,0.9937367468088982,-2.1081435729534883,0.8972989318794227,-1.2579091742527864,2.000536493754406,2.7076135415135885
2021,Mac Jones,QB,Alabama,6-2,217.0,4.72,32.0,16.0,116.0,7.04,4.39,True,1,15,74.0,1,-0.46909839152734345,-0.4908903870896071,-0.5391358562081313,0.19428806381213592,-0.061313606531362225,0.51785703801604,-0.2751269432498473,0.3842569446100995
2021,Naquan Jones,DT,Michigan St.,6-3,313.0,5.42,25.0,20.0,100.0,7.65,4.9,False,0,0,75.0,1,0.34205807608007177,0.04418391033435714,1.7626559296402968,-1.3333033171377842,-1.4923273845655616,-0.7946858551535662,-0.02416417909744982,1.4617202606747703
2021,Patrick Jones,DL,Pittsburgh,6-4,261.0,4.85,31.5,22.0,107.0,7.555,4.62,True,3,90,76.0,2,-1.1735103167499843,0.5787827407635076,-0.5621602603899591,0.18374970072644997,-0.794320096746237,-0.5888546914006868,-0.023198331898247555,0.03835274719695487
2021,Brevin Jordan,TE,Miami (FL),6-2,247.0,4.64,31.0,17.0,116.0,7.14,4.38,True,5,147,74.0,2,-0.4578492118467872,-1.5053581773800555,-0.6766939498550707,-0.783534243205857,-0.8015735581321398,-0.17719875418666686,-0.08661580714145264,-0.04269761775232858
2021,Kelvin Joseph,DB,Kentucky,5-11,197.0,4.34,35.0,14.0,128.0,7.21,4.22,True,2,44,71.0,1,0.0791345422979506,-0.457277705129277,-1.6491854952611056,-0.23741794234135724,-0.14509111041391612,0.728204467591248,0.9613849229716779,-0.6798012086556959
2021,Terrace Marshall Jr.,WR,LSU,6-2,205.0,4.4,39.0,19.0,125.0,6.96,4.25,False,0,0,74.0,2,0.1724491289583987,0.5590530483189408,-1.1287013405176305,1.1820811483318556,1.2685956348792107,0.6160933430724883,-0.029945465688526695,-0.03554458988122652
2021,Asante Samuel Jr.,DB,Florida St.,5-10,180.0,4.45,35.0,12.0,124.0,6.95,4.13,False,0,0,70.0,0,-1.590877177920895,-1.0784851536067828,-0.722177040863093,-0.23741794234135724,-0.6546794006481579,0.05816329613348724,-0.5041790638385659,-1.4393032486710227
2021,Thomas Graham Jr.,CB,Oregon,5-10,192.0,4.49,34.5,13.0,121.0,7.08,4.21,False,0,0,70.0,0,-0.16146815990288352,-0.8804374131664883,-0.06855335043964621,-0.47835414541626753,-0.34728089721078226,-0.30007834040077574,0.9637618832458436,0.3344281773209212
2021,Kary Vincent Jr.,CB,LSU,5-9,185.0,4.36,35.5,8.0,117.0,6.92,4.16,True,7,237,69.0,2,-0.9691503297342149,-1.5043113034186348,-1.5167428784772181,-0.11255391656853322,-1.6811552524067408,-1.0068830724945885,0.03552960103862786,-0.06869851288760483
2021,Hunter Kampmoyer,TE,Oregon,6-4,243.0,4.83,31.0,21.0,113.0,7.28,4.54,False,0,0,76.0,0,-0.9196797211878951,-0.14819588274726075,0.6217101117937202,-0.783534243205857,0.3463589448719126,-0.6939459591332586,0.6238087928470316,1.089399218652346
2021,Xavier Kelly,DL,Arkansas,6-4,306.0,5.17,27.0,27.0,99.0,7.555,4.62,False,0,0,76.0,2,0.8200789377959209,0.5787827407635076,0.9481210361800754,-1.0733217316082233,0.2539029048250438,-1.6104821078066969,-0.023198331898247555,0.03835274719695487
2021,Devon Key,DB,Western Kentucky,5-11,208.0,4.56,38.0,20.0,123.0,7.13,4.15,False,0,0,71.0,0,1.159730361263086,-0.457277705129277,0.20483141353491213,0.570176948142631,1.3836737602888092,-0.10934699673095297,0.5104421577992944,-1.2705250175565015
2021,Cameron Kinley,CB,Navy,6-0,197.0,4.52,33.0,10.0,116.0,7.06,4.25,False,0,0,72.0,0,0.41544767569092456,0.36731036733780453,0.26564423295363276,-1.027054488687869,-1.1476055103283573,-1.1835842555180416,0.8477328479699391,0.6569295294877435
2021,Logan Klusman,LS,Kansas,6-0,235.0,5.16,31.5,14.0,110.0,7.65,4.65,False,0,0,72.0,1,0.062926013899991,-0.7218923804306853,0.4025943161289414,0.7111001549857174,-0.1618347187425377,0.0866162007823011,0.7828459048176082,0.5751470839325988
2021,Brenden Knox,RB,Marshall,5-10,215.0,4.67,35.0,23.0,112.0,7.19,4.39,False,0,0,70.0,0,0.15232451781241438,-0.10357699416728292,0.9937367468088982,0.1223947219532567,0.8972989318794227,-1.2579091742527864,0.7807464248793192,0.7537323239816783
2021,Ben Knutson,OL,Tulane,6-7,301.0,5.27,24.0,12.0,99.0,8.01,4.85,False,0,0,79.0,0,-0.44943902539094427,1.7342244459512308,0.370234695692392,-1.5080302064052504,-2.6458052130359127,-1.0030448745887732,0.7189838885532892,0.4796955853439203
2021,Adam Krumholz,WR,Wisconsin,6-0,193.0,4.6,35.5,11.0,118.0,7.03,4.28,False,0,0,72.0,0,-0.6349263384377422,-0.3187284147428101,0.9686509610035016,0.043277690358489204,-0.8682048621372848,-0.6022371570790845,0.32870371639500046,0.17567229998990017
2021,Bruno Labelle,TE,Cincinnati,6-4,247.0,4.73,36.0,19.0,123.0,7.36,4.43,False,0,0,76.0,0,-0.4578492118467872,-0.14819588274726075,-0.0616604469687975,0.8433745672693095,-0.22760730663011358,1.0285447240220473,1.0297657071261643,0.3110826436241307
2021,Cole Van Lanen,OL,Wisconsin,6-4,305.0,5.11,30.0,22.0,107.0,7.34,4.64,True,6,214,76.0,0,-0.2207967281845789,-0.1542904311344542,-0.5144256606326233,0.40276583152438394,-0.6859494996759774,0.1970791982329846,-1.4173360655220049,-0.6800199268532316
2021,Nolan Laufenberg,OL,Air Force,6-4,312.0,5.34,29.5,26.0,105.0,7.7,4.77,False,0,0,76.0,1,0.1793272919265604,-0.1542904311344542,0.7572736015845896,0.24353282836358112,0.09799278566799677,-0.10295181997245488,-0.26946265736214414,0.03789919974500484
2021,Richard LeCounte,DB,Georgia,5-10,196.0,4.79,32.5,14.0,128.0,7.44,4.49,True,5,169,70.0,1,-0.019101441244334442,-1.0784851536067828,2.1431218181853002,-0.9104136844113474,-0.14509111041391612,0.728204467591248,2.2578453728422816,1.5987049113902914
2021,Riley Lees,WR,Northwestern,5-11,192.0,4.47,35.0,7.0,119.0,6.78,4.16,False,0,0,71.0,0,-0.7022076273874205,-0.7576191462736855,-0.39462803498523796,-0.11940851792342029,-1.9366051106455326,-0.428189942771717,-0.9521862196175913,-0.6691952594946003
2021,Deommodore Lenoir,CB,Oregon,5-10,199.0,4.48,34.5,15.0,121.0,7.02,4.35,True,5,172,70.0,0,0.6462140099284478,-0.8804374131664883,-0.17995254490407253,-0.47835414541626753,0.1862688448676012,-0.30007834040077574,0.6156747774181351,1.4631829099047957
2021,Walker Little,OT,Stanford,6-7,313.0,5.3,29.5,24.0,111.0,7.44,4.59,True,2,45,79.0,0,-0.036702550875005714,1.195594082935749,0.45833614232058206,0.4542924387561402,0.0010652833053096855,1.0321495952508644,-1.304918750442412,-0.9185163233624076
2021,Jeremiah Littles,DL,South Alabama,6-0,278.0,5.15,26.0,17.0,98.0,7.9,4.87,False,0,0,72.0,0,-0.42037659836597563,-2.199374414901344,0.8537284551444503,-1.3526709387937064,-1.842543098317518,-1.7381855348574482,0.9913202673138266,1.090714712967037
2021,Roy Lopez,DL,Arizona,6-1,304.0,5.19,31.0,36.0,105.0,7.39,4.51,False,0,0,73.0,0,0.7314749709272139,-1.5048351259851314,1.0425136172157046,0.04407509713370848,2.1407043076533494,-0.8442615455021893,-0.5084028793474996,-0.4246865177418826
2021,Isaiahh Loudermilk,DE,Wisconsin,6-6,274.0,5.08,28.5,21.0,112.0,7.52,4.55,True,5,156,78.0,0,0.42134836512702156,1.4426358631252383,1.8104558353194513,-1.4222313141401395,-0.5641615052135275,-0.5691345720125885,1.2225636109655156,0.7019789603812145
2021,Branden Mack,WR,Temple,6-5,217.0,4.66,31.0,11.0,115.0,7.13,4.37,False,0,0,77.0,0,0.9798245963545396,1.875725242911567,1.5978566514598487,-1.4208981841786963,-0.8682048621372848,-1.1243788000011872,0.8410596908000353,0.809322969603274
2021,CJ Marable,RB,Coastal Carolina,5-6,195.0,4.59,36.0,17.0,116.0,7.25,4.39,False,0,0,66.0,0,-1.3608993104556497,-2.26083576923765,0.23372788948370038,0.4410430497970774,-0.4587524981168355,-0.5270028334652128,1.1466834455418442,0.7537323239816783
2021,Jonathan Marshall,DL,Arkansas,6-3,310.0,4.88,32.0,36.0,114.0,7.555,4.62,False,0,0,75.0,2,0.9972868715333346,-0.11575654815270545,-0.4205713888365174,0.32342430431919145,2.1407043076533494,0.30506929795457205,-0.023198331898247555,0.03835274719695487
2021,Ben Mason,TE,Michigan,6-2,246.0,4.73,37.5,29.0,117.0,6.96,4.42,False,0,0,74.0,0,-0.5733068391820642,-1.5053581773800555,-0.0616604469687975,1.3314472104118593,2.6422239508800174,-0.004949685871136246,-1.0000188642694987,0.24032659134884007
2021,Mac McCain,DB,North Carolina A&T,5-11,186.0,4.45,35.5,13.0,123.0,6.94,4.12,False,0,0,71.0,0,-1.0014612766671849,-0.457277705129277,-0.722177040863093,-0.1028187939273592,-0.399885255531037,-0.10934699673095297,-0.5605469094851125,-1.5236923642282794
2021,Khalil McClain,WR,Troy,6-2,214.0,4.7,32.0,15.0,114.0,7.72,4.5,False,0,0,74.0,0,0.7779807295055043,0.5590530483189408,2.017327111764077,-1.0955257676148773,0.20019538637096299,-1.2984260143085549,3.8639599397897513,1.7245961590448147
2021,Jaylon McClain-Sapp,DB,Marshall,5-9,183.0,4.49,41.0,14.0,125.0,7.21,4.46,False,0,0,69.0,0,-1.29616922729404,-1.6996926020842884,-0.38508305744563454,1.3777718386266193,-0.14509111041391612,0.22567358899792744,0.9613849229716779,1.3455375647185133
2021,Nick McCloud,CB,Notre Dame,6-0,193.0,4.45,34.0,12.0,122.0,6.88,4.16,False,0,0,72.0,1,-0.04608499278412191,0.36731036733780453,-0.5141501282973614,-0.6612542598401346,-0.614055768249974,-0.12337715737732258,-0.19652846951317607,-0.06869851288760483
2021,Sandon McCoy,RB,Army,5-10,215.0,4.78,32.0,18.0,114.0,7.47,4.56,False,0,0,70.0,0,0.15232451781241438,-0.10357699416728292,2.0387489256310474,-0.8335502615782054,-0.23274392645079248,-0.8924560038589996,2.4884525213044433,2.0312700431371544
2021,Greg McCrae,RB,Central Florida,5-9,182.0,4.57,37.5,19.0,124.0,6.89,4.34,False,0,0,69.0,1,-2.3444947988298916,-0.6428916879348747,0.04372567515240514,0.9190155415628085,-0.006735354784749435,0.934809848109934,-1.0489386784333221,0.3779859359947748
2021,Romeo McKnight,DE,Charlotte,6-4,252.0,4.98,38.0,23.5,118.0,7.06,4.2,False,0,0,76.0,1,-1.1056906601429346,0.08526216685136973,1.1192698185739949,1.69332870831865,-0.01544137062167986,0.412869299350174,-0.8669336434740608,-1.4984186359532445
2021,Isaiah McKoy,WR,Kent St.,6-2,200.0,4.68,29.5,12.0,114.0,7.09,4.36,False,0,0,74.0,0,-0.1639573157899933,0.5590530483189408,1.807591881611958,-1.9089568090244249,-0.6011048000102228,-1.2984260143085549,0.6361173010380204,0.7389173396462339
2021,Racey McMath,WR,LSU,6-2,217.0,4.36,34.0,14.0,124.0,7.38,4.38,True,6,205,74.0,1,0.9798245963545396,0.5590530483189408,-1.5481718008218588,-0.4447809344872393,-0.06690467575609896,0.4420461287651208,2.121949626812627,0.8797285995603141
2021,Zech McPhearson,DB,Texas Tech,5-10,191.0,4.48,40.5,14.0,130.0,6.88,4.0,False,0,0,70.0,0,-0.5102813589557597,-1.0784851536067828,-0.46935655329999726,1.2431726902126212,-0.14509111041391612,1.0632250533201284,-0.8987539833644027,-2.536361750915384
2021,Trae Meadows,DB,Western Kentucky,6-0,183.0,4.65,29.0,6.0,118.0,7.3,4.39,False,0,0,72.0,0,-1.29616922729404,0.1639297433482287,0.9632928762241992,-1.8526077233093337,-2.1834442713508833,-0.946898461053154,1.468695533790608,0.7548137558177004
2021,Quinn Meinerz,OL,Wisconsin–Whitewater,6-2,320.0,4.99,32.0,26.0,111.0,7.54,4.58,True,3,98,74.0,1,0.6366118863392911,-1.4133003491915777,-1.1779209278763885,1.0396978441675955,0.09799278566799677,0.7971412346438635,-0.7796286165443045,-1.0113672160524159
2021,Ifeatu Melifonwu,DB,Syracuse,6-2,205.0,4.48,41.5,16.0,134.0,7.01,4.34,True,3,101,74.0,0,0.8650224106362309,1.40634464030324,-0.46935655329999726,1.5123709870406172,0.36449717982032565,1.7332662247778894,-0.16597198995928078,0.33286817803140867
2021,Jordan Meredith,OL,Western Kentucky,6-2,302.0,5.11,32.0,25.0,109.0,7.41,4.62,False,0,0,74.0,0,-0.39227845108935294,-1.4133003491915777,-0.5144256606326233,1.0396978441675955,-0.09799278566799677,0.49711021643842407,-1.194138458379809,-0.790469023252958
2021,Forrest Merrill,DL,Arkansas St.,6-0,322.0,5.27,26.5,36.0,101.0,8.24,4.81,False,0,0,72.0,0,1.528910672745576,-2.199374414901344,1.4200839413582091,-1.212996335200965,2.1407043076533494,-1.3550752537051944,1.9911356984213757,0.8381478411822152
2021,Davis Mills,QB,Stanford,6-3,217.0,4.82,32.0,16.0,110.0,6.95,4.4,True,3,67,75.0,1,-0.46909839152734345,0.09224785797656607,0.08416294554784069,0.19428806381213592,-0.061313606531362225,-0.4049016438179113,-0.7374446864956359,0.4516637624455729
2021,Dedrick Mills,RB,Nebraska,5-9,217.0,4.65,32.5,13.0,117.0,7.06,4.35,False,0,0,69.0,0,0.3036469006392208,-0.6428916879348747,0.803734532477603,-0.6742260976562952,-1.3627867847810076,-0.34427624826831954,-0.0121171198894949,0.4531352135921542
2021,Elijah Mitchell,RB,Louisiana,5-10,201.0,4.38,37.5,17.0,128.0,6.94,4.19,True,6,194,70.0,0,-0.9069321619752305,-0.10357699416728292,-1.7612953609949418,0.9190155415628085,-0.4587524981168355,1.6657161888975074,-0.7439911612145449,-0.7492532279659357
2021,Elijah Molden,DB,Washington,5-9,192.0,4.62,36.5,13.0,125.0,7.02,4.31,True,3,100,69.0,2,-0.4120453754134746,-1.6996926020842884,0.7104723886611035,0.16637950290063688,-0.399885255531037,0.22567358899792744,-0.1096041443127341,0.07970083135963063
2021,Briley Moore,TE,Kansas St.,6-4,240.0,4.66,37.5,26.0,123.0,7.24,4.37,False,0,0,76.0,0,-1.266052603193726,-0.14819588274726075,-0.5400198381025635,1.3314472104118593,1.7812745736269782,1.0285447240220473,0.42083033570746536,-0.11345367002761918
2021,Jaylon Moore,OT,West. Michigan,6-4,311.0,5.25,30.0,27.0,106.0,7.77,4.67,False,0,0,76.0,0,-0.22227724631041887,-1.44174580589311,0.17825566425939246,0.6152622005201269,0.720131514389235,0.27863350527213526,-0.14386162377555847,-0.5006923703544891
2021,David Moore,QB,Central Michigan,6-0,200.0,4.86,29.5,16.0,112.0,7.62,4.75,False,0,0,72.0,1,-2.0804192363969545,-1.6571668772219534,0.33348246625022837,-0.6741207062572604,-0.061313606531362225,-0.09731541653992754,2.7042540687785728,2.8109023866869793
2021,Elijah Moore,WR,Mississippi,,203.0,4.35,36.0,17.0,121.0,6.63,4.07,True,2,34,73.0,2,0.037886551059041894,0.1201623167880653,-1.6530394158979227,0.2059638986403987,0.7343955106250869,-0.08009551415698189,-1.7207201812251482,-1.3028459291079741
2021,Rondale Moore,WR,Purdue,5-7,180.0,4.28,42.5,14.0,121.0,6.65,4.06,True,2,49,67.0,2,-1.5095830947835613,-2.5131820723971874,-2.387112721430315,2.3208846063052224,-0.06690467575609896,-0.08009551415698189,-1.6182489863441385,-1.3732515590650205
2021,Quintin Morris,TE,Bowling Green,6-2,243.0,4.6,34.0,22.0,119.0,7.12,4.55,False,0,0,74.0,0,-0.9196797211878951,-1.5053581773800555,-0.9500421733600789,0.19261104307924293,0.6333420706229257,0.33954845075992496,-0.18810503571123355,1.1601552709276366
2021,Jimmy Morrissey,OL,Pittsburgh,6-3,303.0,5.31,31.0,26.0,105.0,7.39,4.47,True,7,230,75.0,0,-0.33511787678776156,-0.7837953901630159,0.591399784773647,0.7212318378459897,0.09799278566799677,-0.10295181997245488,-1.2579092032775805,-1.6188372462509257
2021,E.J. Muhammad,DB,Nevada,5-10,184.0,4.72,31.0,14.0,116.0,7.35,4.4,False,0,0,70.0,1,-1.197933243751755,-1.0784851536067828,1.5532073472047458,-1.3142111296533416,-0.14509111041391612,-1.2819190467820345,1.7505347620233465,0.8392028713749647
2021,Hamsah Nasirildeen,DB,Florida St.,6-3,215.0,4.515,32.0,17.0,124.0,7.05,4.31,True,6,186,75.0,2,1.8473822460590814,2.027552088780746,-0.17439931780972767,-1.0450128328253454,0.6192913249374465,0.05816329613348724,0.059499392626910945,0.07970083135963063
2021,Ryan Neuzil,OL,Appalachian St.,6-2,301.0,5.09,29.0,30.0,102.0,7.41,4.53,False,0,0,74.0,0,-0.44943902539094427,-1.4133003491915777,-0.6250082051732533,0.08429982520277825,0.8819350710119709,-0.552998347280614,-1.194138458379809,-1.2874899570517366
2021,Royce Newman,OL,Mississippi,6-5,310.0,5.14,28.0,23.0,104.0,7.91,4.75,False,0,0,77.0,0,0.06500614332337774,0.4752145278941075,-0.3485518438216857,-0.23416618111882748,-0.4899639283399838,-0.2529673290751746,0.40013016406444046,-0.07254989665472159
2021,Dazz Newsome,WR,North Carolina,5-10,190.0,4.59,34.0,12.0,121.0,7.38,4.38,True,6,221,70.0,0,-0.8367702052867774,-1.196509877804561,0.8637833459274469,-0.4447809344872393,-0.6011048000102228,-0.08009551415698189,2.121949626812627,0.8797285995603141
2021,Greg Newsome,DB,Northwestern,6-0,192.0,4.39,40.0,18.0,123.0,6.9,4.26,True,1,26,72.0,0,-0.4120453754134746,0.1639297433482287,-1.2278180159892844,1.108573541798623,0.8740854700545675,-0.10934699673095297,-0.7860182920713042,-0.3422447464266611
2021,Nick Niemann,LB,Iowa,6-3,234.0,4.45,33.5,21.0,121.0,6.67,4.14,False,0,0,75.0,1,-0.1388049574330601,0.9383255252814279,-1.4288311578002981,-0.2079770689788551,0.0564107207590723,0.17838083565731244,-2.2110549444343093,-1.2889878613016927
2021,Daviyon Nixon,DT,Iowa,6-3,313.0,4.9,28.5,27.0,106.0,7.68,4.7,True,5,158,75.0,1,0.34205807608007177,0.04418391033435714,-1.1527141420634672,-0.17920743509916484,-0.06595378282710605,0.18061042162581112,0.08951729983827772,0.27293293542311525
2021,Tre Nixon,WR,Central Florida,6-0,187.0,4.44,35.5,18.0,125.0,6.81,4.27,True,7,242,72.0,0,-1.0386140721358126,-0.3187284147428101,-0.7092308802134022,0.043277690358489204,1.0014955727521488,0.6160933430724883,-0.7984794272960836,0.10526667003285377
2021,Tre Norwood,DB,Oklahoma,5-11,192.0,4.58,33.5,12.0,123.0,7.65,4.45,True,7,245,71.0,0,-0.4120453754134746,-0.457277705129277,0.3733784052436451,-0.6412153875833514,-0.6546794006481579,-0.10934699673095297,3.441570131419787,1.2611484491612566
2021,Antonio Nunn,WR,Buffalo,5-11,204.0,4.5,33.5,15.0,120.0,7.12,4.32,False,0,0,71.0,0,0.10516784000872029,-0.7576191462736855,-0.08002518975706442,-0.6074671427691488,0.20019538637096299,-0.25414272846434943,0.7898240933595327,0.45729481981806697
2021,Nick Oelrich,DB,Florida,6-0,203.0,4.68,33.5,13.0,117.0,7.28,4.4,False,0,0,72.0,0,0.6685504435516608,0.1639297433482287,1.2161133637872874,-0.6412153875833514,-0.399885255531037,-1.1144087539175942,1.3559598424975146,0.8392028713749647
2021,Amen Ogbongbemiga,LB,Oklahoma St.,6-0,231.0,4.66,32.0,24.0,112.0,7.32,4.28,False,0,0,72.0,0,-0.38151534014458194,-0.9261394794985457,-0.0514430659874093,-0.6793917586642585,0.806918570858031,-1.283704942319593,1.002997737345887,-0.3327932296451638
2021,Adetokunbo Ogundeji,DL,Notre Dame,6-4,260.0,4.75,32.0,22.0,120.0,7.17,4.64,True,5,182,76.0,0,-1.2178123001843377,0.5787827407635076,-1.034123165568093,0.32342430431919145,-0.794320096746237,1.0712898602590797,-1.1553422759465015,0.12254170445855964
2021,Azeez Ojulari,OLB,Georgia,6-2,249.0,4.63,30.0,26.0,127.0,7.27,4.34,True,2,50,74.0,0,0.586951334521774,0.031800229423403006,-0.5054729535785618,-1.327391870611298,0.8137772591282826,1.3264692885626188,0.7510569637201719,0.12189389507091934
2021,Levi Onwuzurike,DL,Washington,6-2,290.0,4.89,30.0,29.0,109.0,7.555,4.62,True,2,41,74.0,2,0.11124720284626571,-0.8102958370689184,-0.37337509831870486,-0.23527411005177448,0.6731921054535561,-0.33344783729918426,-0.023198331898247555,0.03835274719695487
2021,Joseph Ossai,LB,Texas,6-3,256.0,4.63,41.5,19.0,131.0,7.09,4.32,True,3,69,75.0,2,1.6410711824514332,0.9383255252814279,-0.24821279338925223,2.3062346093432966,-0.4439278459735668,1.802920588964985,-0.13428244236095316,-0.059594763457584944
2021,Jayson Oweh,DE,Penn St.,6-5,257.0,4.36,39.5,21.0,134.0,6.83,4.21,True,1,31,77.0,0,-0.7586363362179447,0.7639490149883039,-3.1660834852478517,2.185259238180564,-0.5641615052135275,3.0315462896508745,-1.911682270693847,-1.4355501332008327
2021,Jeremiah Owusu-Koramoah,LB,Notre Dame,6-1,221.0,4.65,36.5,21.0,124.0,6.8,4.15,True,2,52,73.0,2,-1.190549949182988,-0.3046511445718878,-0.117032975121355,0.7348523103919518,0.0564107207590723,0.6657427616496142,-1.568244408078271,-1.2206882447547935
2021,JR Pace,DB,Northwestern,6-1,205.0,4.72,35.5,12.0,120.0,6.94,4.24,False,0,0,73.0,0,0.8650224106362309,0.7851371918257344,1.5532073472047458,-0.1028187939273592,-0.6546794006481579,-0.6118778753242736,-0.5605469094851125,-0.5110229775411748
2021,AJ Parker,DB,Kansas St.,5-11,182.0,4.53,33.5,10.0,117.0,7.02,4.37,False,0,0,71.0,0,-1.394405210836325,-0.457277705129277,-0.04798907402817608,-0.6412153875833514,-1.1642676908823997,-1.1144087539175942,-0.1096041443127341,0.5860355247031866
2021,Micah Parsons,LB,Penn St.,6-3,246.0,4.39,34.0,19.0,126.0,6.89,4.4,True,1,12,75.0,0,0.8320365734130273,0.9383255252814279,-1.822370612603984,-0.05083883908372063,-0.4439278459735668,0.9906507123111488,-1.1232217290625524,0.4868021689175728
2021,Jaret Patterson,RB,Buffalo,5-6,195.0,4.59,30.0,19.0,117.0,7.03,4.35,False,0,0,66.0,0,-1.3608993104556497,-2.26083576923765,0.23372788948370038,-1.470846917265847,-0.006735354784749435,-0.34427624826831954,-0.1950856302207547,0.4531352135921542
2021,Kwity Paye,DL,Michigan,6-2,261.0,4.52,35.3,36.0,118.0,7.555,4.62,True,1,21,74.0,2,-1.1735103167499843,-0.8102958370689184,-2.119637847477806,1.2452766880312844,2.1407043076533494,0.8158830061575771,-0.023198331898247555,0.03835274719695487
2021,Josh Pederson,TE,La-Monroe,6-4,234.0,4.81,28.5,19.0,110.0,7.31,4.43,False,0,0,76.0,0,-1.9587983672053881,-0.14819588274726075,0.48503600004121294,-1.5969886484434401,-0.22760730663011358,-1.2106931640798504,0.776042635701703,0.3110826436241307
2021,Ronnie Perkins,DE,Oklahoma,6-2,253.0,4.71,32.0,25.0,115.0,7.24,4.69,True,3,96,74.0,1,-1.0362797953579368,-1.2721115294224987,-0.7469324266387477,-0.27439341112900656,0.31379071013342874,-0.07813263633120728,-0.049304283041180265,1.5821379989150026
2021,Jordyn Peters,DB,Auburn,6-0,202.0,4.7,39.5,7.0,124.0,7.14,4.47,False,0,0,72.0,0,0.5703144600093758,0.1639297433482287,1.3846603554960204,0.9739743933846251,-1.9286501262337623,0.05816329613348724,0.5668100034458411,1.4299266802757702
2021,Jaelan Phillips,DL,Miami (FL),6-5,260.0,4.56,36.0,21.0,125.0,7.555,4.62,True,1,18,77.0,2,-1.2178123001843377,1.2733220296797205,-1.930852685406552,1.4408211330611234,-1.0039646970604932,1.7098069955128359,-0.023198331898247555,0.03835274719695487
2021,Whop Philyor,WR,Indiana,5-9,184.0,4.57,31.0,14.0,120.0,7.2,4.34,False,0,0,69.0,0,-1.2404579389848478,-1.6354006093354365,0.6540481157753374,-1.4208981841786963,-0.06690467575609896,-0.25414272846434943,1.1997088728835625,0.5981060797321472
2021,Nick Pickett,S,Oregon,6-0,201.0,4.65,35.5,18.0,119.0,7.4,4.43,False,0,0,72.0,0,-0.6062772957394209,-0.13287400803657493,0.8985554267527873,0.06751739280663596,0.3030024200456135,-0.4153421331233801,2.5132505915786383,1.8652904489839308
2021,Jason Pinnock,DB,Pittsburgh,6-0,204.0,4.49,39.5,15.0,128.0,6.9,4.1,False,0,0,72.0,0,0.7667864270939458,0.1639297433482287,-0.38508305744563454,0.9739743933846251,0.10970303470320478,0.728204467591248,-0.7860182920713042,-1.6924705953428005
2021,Kyle Pitts,TE,Florida,6-5,245.0,4.44,33.5,22.0,129.0,7.12,4.3,True,1,4,77.0,0,-0.6887644665173411,0.5303852645691367,-2.043435067380106,0.029920162031726295,0.6333420706229257,2.062039133915231,-0.18810503571123355,-0.6087460359546659
2021,Kyle Poland,LS,West Virginia,6-1,237.0,4.97,32.5,12.0,111.0,7.47,4.5,False,0,0,73.0,0,0.25170405559996667,-0.2659603506849879,-0.5844111040581469,1.052428229378862,-1.1328430311977622,0.23510111640910422,0.007182072521259757,-0.21513135200532374
2021,Elijah Ponder,DT,Cincinnati,6-1,268.0,5.06,30.0,27.0,101.0,7.45,4.53,False,0,0,73.0,0,-2.4977556304135846,-1.362903695698221,-0.25567719692385094,0.31540508577452914,-0.06595378282710605,-0.6321364756903366,-0.7820407053356502,-0.7375362910407903
2021,Cornell Powell,WR,Clemson,6-0,204.0,4.53,36.5,16.0,128.0,7.03,4.21,True,5,181,72.0,0,0.10516784000872029,-0.3187284147428101,0.2345776554711091,0.3686501069223082,0.46729544849802496,1.138234985994591,0.32870371639500046,-0.3171671097093933
2021,Blake Proehl,WR,East Carolina,6-1,186.0,4.47,36.0,12.0,126.0,7.0,4.06,False,0,0,73.0,0,-1.105895361085491,0.1201623167880653,-0.39462803498523796,0.2059638986403987,-0.6011048000102228,0.7901405573798559,0.17499692407348816,-1.3732515590650205
2021,Dillon Radunz,OT,North Dakota St.,6-5,301.0,5.16,32.0,24.0,112.0,7.27,4.57,True,2,53,77.0,0,-1.1501507234874846,-0.5626325096168238,-0.32588919625074986,1.2591412475760735,0.0010652833053096855,1.1828528132466103,-1.9030390884223105,-1.022972311614385
2021,Trey Ragas,RB,Louisiana,5-10,214.0,4.6,33.5,23.0,117.0,7.19,4.5,False,0,0,70.0,0,0.07666332639901118,-0.10357699416728292,0.328728996649348,-0.3555777698124744,0.8972989318794227,-0.34427624826831954,0.7807464248793192,1.5803743775528714
2021,John Raine,TE,Northwestern,6-1,231.0,5.05,31.0,15.0,107.0,7.32,4.54,False,0,0,73.0,0,-2.305171249211219,-2.183939324696453,2.1251253410712625,-0.783534243205857,-1.375539809634166,-1.7274403690264424,0.8267872499865979,1.089399218652346
2021,Peyton Ramsey,QB,Northwestern,6-1,215.0,4.77,28.0,16.0,108.0,7.28,4.41,False,0,0,73.0,1,-0.6586655497472976,-1.0740286321557804,-0.22748645533014805,-1.1951659682988982,-0.061313606531362225,-0.7124878710958951,0.9577203720722585,0.5190705802810403
2021,Hamilcar Rashed,OLB,Oregon St.,6-2,251.0,4.58,35.5,25.0,128.0,7.51,4.44,False,0,0,74.0,0,0.7893884647631787,0.031800229423403006,-0.9383090457176804,0.38231744321778977,0.585394608985829,1.4829476995523785,1.9191813139978136,0.8959646155942552
2021,Jon Rhattigan,LB,Army,6-0,236.0,4.77,32.0,22.0,111.0,7.41,4.3,False,0,0,72.0,0,0.023001964374621126,-0.9261394794985457,0.670045934486005,-0.6793917586642585,0.3065800041253919,-1.4461589176503602,1.4480204163616055,-0.1961939965513774
2021,Monty Rice,LB,Georgia,6-0,233.0,4.58,32.0,21.0,121.0,7.34,4.33,True,3,92,72.0,1,-0.21970841833690072,-0.9261394794985457,-0.5761623390589865,-0.6793917586642585,0.0564107207590723,0.17838083565731244,1.1018916660160447,0.008704853089308252
2021,Curtis Robinson,LB,Stanford,6-3,236.0,4.6,37.5,22.0,117.0,7.0,4.26,False,0,0,75.0,0,0.023001964374621126,0.9383255252814279,-0.4449825207910951,1.0491287701822207,0.3065800041253919,-0.47143506566575666,-0.5793051213766717,-0.46939246273895624
2021,Aaron Robinson,DB,Central Florida,5-11,186.0,4.39,37.0,15.0,123.0,6.89,4.29,True,3,71,71.0,0,-1.0014612766671849,-0.457277705129277,-1.2278180159892844,0.3009786513146349,0.10970303470320478,-0.10934699673095297,-0.842386137717856,-0.08907739975488306
2021,Robert Rochell,DB,Central Arkansas,5-11,193.0,4.41,43.0,9.0,133.0,6.84,4.08,True,4,130,71.0,0,-0.31380939187118956,-0.457277705129277,-1.0592710242805514,1.9161684322826114,-1.4190618359995206,1.565755931913449,-1.1242253659505943,-1.8612488264573144
2021,Amari Rodgers,WR,Clemson,5-9,212.0,4.52,33.0,19.0,121.0,7.07,4.31,True,3,85,69.0,0,0.6434181516061475,-1.6354006093354365,0.12971004039504505,-0.7701533510510583,1.2685956348792107,-0.08009551415698189,0.5336461061570154,0.3868891898610206
2021,Asim Rose,RB,Kentucky,6-1,215.0,4.51,34.0,24.0,120.0,7.25,4.62,False,0,0,73.0,0,0.15232451781241438,1.5143670871354926,-0.5262809678414975,-0.19625360589056404,1.1233075035454658,0.2039035073223605,1.1466834455418442,2.482165708721444
2021,Gregory Rousseau,DL,Miami (FL),6-6,266.0,4.68,30.0,21.0,115.0,7.555,4.62,True,1,30,78.0,2,-0.952000399578217,1.9678613185959335,-1.364497199192789,-0.23527411005177448,-1.0039646970604932,0.4327727250053233,-0.023198331898247555,0.03835274719695487
2021,Dionte Ruffin,DB,Western Kentucky,5-10,180.0,4.54,36.5,8.0,127.0,7.05,4.27,False,0,0,70.0,0,-1.590877177920895,-1.0784851536067828,0.03628442182618666,0.16637950290063688,-1.6738559811166416,0.5606941747268078,0.059499392626910945,-0.2578556308694043
2021,K.J. Sails,DB,South Florida,5-10,177.0,4.67,32.5,9.0,114.0,7.08,4.44,False,0,0,70.0,0,-1.8855851285477503,-1.0784851536067828,1.1318398679329247,-0.9104136844113474,-1.4190618359995206,-1.6169396325109149,0.22860292956655598,1.1767593336039996
2021,Teton Saltes,OL,New Mexico,6-4,300.0,5.04,30.5,22.0,105.0,7.76,4.64,False,0,0,76.0,0,-0.5065995996925355,-0.1542904311344542,-0.9014645665248209,0.5619988346851869,-0.6859494996759774,-0.10295181997245488,-0.07815042266883548,-0.6800199268532316
2021,Cameron Sample,DE,Tulane,6-2,267.0,4.72,37.0,23.0,116.0,7.39,4.48,False,0,0,74.0,0,-0.06452768836796455,-1.2721115294224987,-0.6778138249642033,1.3653750217440406,-0.1251853975400494,0.0855346755625865,0.6320535173195487,0.2618994411143261
2021,Foster Sarell,OL,Stanford,6-6,318.0,5.54,27.0,26.0,97.0,7.63,4.69,False,0,0,78.0,0,0.5222907377361083,1.104719486922669,1.8630990469908648,-0.5526321874404332,0.09799278566799677,-1.3030758927942128,-0.49266026450434,-0.40389718585390577
2021,Mekhi Sargent,RB,Iowa,5-8,208.0,4.62,33.5,19.0,114.0,7.08,4.39,False,0,0,68.0,1,-0.3773038220814081,-1.1822063817024666,0.5187312109806517,-0.3555777698124744,-0.006735354784749435,-0.8924560038589996,0.10986188699801705,0.7537323239816783
2021,Ry Schneider,OL,Oklahoma St.,6-2,312.0,5.67,23.5,26.0,85.0,8.51,5.37,False,0,0,74.0,0,0.1793272919265604,-1.4133003491915777,2.5818855865049426,-1.6672632095660531,0.09799278566799677,-3.1032620020268498,2.313252510997539,3.351372091736871
2021,Anthony Schwartz,WR,Auburn,6-0,186.0,4.27,32.0,14.0,123.0,7.13,4.25,True,3,91,72.0,1,-1.105895361085491,-0.3187284147428101,-2.4919803365063795,-1.0955257676148773,-0.06690467575609896,0.26799891445775326,0.8410596908000353,-0.03554458988122652
2021,Stevie Scott,RB,Indiana,6-0,225.0,4.66,31.0,18.0,119.0,7.14,4.57,False,0,0,72.0,0,0.9089364319464465,0.9750523933679008,0.8987356396432507,-1.1521985894220261,-0.23274392645079248,0.02117692212546717,0.47579890766054206,2.1064193207345405
2021,Trey Sermon,RB,Ohio St.,6-0,215.0,4.57,37.0,19.0,125.0,6.83,4.28,True,3,88,72.0,1,0.15232451781241438,0.9750523933679008,0.04372567515240514,0.7596913776408981,-0.006735354784749435,1.1175364333068272,-1.414875699095847,-0.07290972958950806
2021,Penei Sewell,OL,Oregon,6-4,331.0,5.13,28.0,30.0,109.0,7.76,4.68,True,1,7,76.0,0,1.2653782036567958,-0.1542904311344542,-0.40384311609199824,-0.23416618111882748,0.8819350710119709,0.49711021643842407,-0.07815042266883548,-0.4591217340537739
2021,Tyler Shelvin,DT,LSU,6-2,350.0,5.4,28.5,27.0,97.0,8.15,5.05,True,4,122,74.0,1,2.6770160125304114,-0.659359892681932,1.6505263114978466,-0.17920743509916484,-0.06595378282710605,-1.2823339935432547,1.8705271364980496,2.3533107546135077
2021,William Sherman,OL,Colorado,6-3,304.0,5.19,26.0,23.0,108.0,7.71,4.82,True,6,197,75.0,0,-0.27795730248617023,-0.7837953901630159,-0.07209548247011321,-0.8710981937620389,-0.4899639283399838,0.3470947073357043,-0.23757728491325986,0.3140219407443307
2021,Jamien Sherwood,DB,Auburn,6-1,216.0,4.76,36.0,15.0,123.0,7.15,4.36,True,5,146,73.0,0,1.9456182296013664,0.7851371918257344,1.8903013306222043,0.03178035448663885,0.10970303470320478,-0.10934699673095297,0.6231778490923928,0.5016464091459298
2021,Jacob Shoemaker,OL,South Alabama,6-3,319.0,5.49,24.0,20.0,93.0,8.2,5.02,False,0,0,75.0,0,0.5794513120376997,-0.7837953901630159,1.5866426856392972,-1.5080302064052504,-1.0779206423479644,-1.9031379292050916,1.3248059650821025,1.4185129047416145
2021,George Silvanic,DT,Air Force,6-5,286.0,5.21,29.5,27.0,105.0,7.5,4.6,False,0,0,77.0,1,-1.361830147816122,1.4512715163669354,0.5852949391445452,0.15053424548329783,-0.06595378282710605,0.018061042162581573,-0.5925715737761009,-0.321460727202715
2021,Rashawn Slater,OL,Northwestern,6-4,304.0,4.91,33.0,33.0,112.0,7.48,4.45,True,1,13,76.0,0,-0.27795730248617023,-0.1542904311344542,-1.6202511060388984,1.358163850489201,1.4698917850199515,0.9471567437465832,-0.9709408512376131,-1.7292863426506522
2021,Tedarrell Slaton,DL,Florida,6-4,330.0,5.09,29.0,27.0,109.0,7.91,4.81,True,5,173,76.0,0,1.8833265402204036,0.5787827407635076,0.5705507120375668,-0.5146233172372574,0.2539029048250438,-0.33344783729918426,1.0207266035228715,0.8381478411822152
2021,Trystan Slinker,LB,Baylor,5-10,234.0,4.84,30.5,20.0,119.0,7.59,4.63,False,0,0,70.0,0,-0.1388049574330601,-2.1691161493518614,1.1291752984236365,-1.1508064483496618,-0.19375856260724725,-0.14652711500422208,2.338065774393043,2.0576933494961467
2021,Shaq Smith,LB,Maryland,6-2,237.0,4.79,30.0,22.0,110.0,7.34,4.3,False,0,0,74.0,0,0.10390542527846174,0.31683719035477004,0.8012257527539023,-1.3079446782447963,0.3065800041253919,-1.6086128929811276,1.1018916660160447,-0.1961939965513774
2021,D'Ante Smith,OL,East Carolina,6-5,305.0,5.29,29.0,24.0,113.0,7.96,4.81,False,0,0,77.0,0,-0.2207967281845789,0.4752145278941075,0.4808172402330219,0.08429982520277825,-0.2939783570039903,1.097172252849303,0.5595570263088648,0.2587973925444626
2021,DAnte Smith,LB,Arizona,6-5,305.0,5.29,29.0,24.0,113.0,7.96,4.81,False,0,0,77.0,0,5.605340766739623,2.1813021951347435,4.080721209451257,-1.6222211380350653,0.806918570858031,-1.1212509669888258,4.167603454791,3.2870864473402484
2021,Elerson Smith,DL,Northern Iowa,,288.0,4.71,41.5,26.0,127.0,7.0,4.39,True,4,116,75.0,2,0.02264323597755882,-0.11575654815270545,-1.222908327639347,2.9772417725812796,0.044258304510787626,1.9652138496143385,-1.655249991500276,-0.9298202613115225
2021,Jordan Smith,OLB,Ala-Birmingham,6-5,264.0,4.8,33.0,16.0,117.0,7.105,4.32,True,4,121,77.0,2,2.105229811332309,2.1067651993001912,0.9661697596944459,-0.3948231539772501,-1.470049242296253,-0.2383148213349782,-0.05202852709570183,-0.03292024903374371
2021,Zach Smith,QB,Tulsa,6-3,222.0,5.23,29.5,16.0,111.0,7.26,4.52,False,0,0,75.0,1,0.004819504022542122,0.09224785797656607,2.639688032747313,-0.6741207062572604,-0.061313606531362225,-0.25110853017891943,0.8549830957954141,1.2605455764711935
2021,Ihmir Smith-Marsette,WR,Iowa,6-0,181.0,4.43,37.0,14.0,124.0,7.0,4.2,True,5,157,72.0,1,-1.442301805833883,-0.3187284147428101,-0.8140984952894662,0.5313363152042178,-0.06690467575609896,0.4420461287651208,0.17499692407348816,-0.38757273966643346
2021,Benjamin St-Juste,DB,Minnesota,6-3,202.0,4.51,34.5,11.0,119.0,6.63,3.96,True,3,74,75.0,0,0.5703144600093758,2.027552088780746,-0.21653606573690903,-0.3720170907553553,-0.9094735457652788,-0.7793881681887138,-2.3079501245280998,-2.8739182131444188
2021,Caden Sterns,DB,Texas,5-11,202.0,4.41,42.0,14.0,128.0,6.96,4.13,True,5,152,71.0,0,0.5703144600093758,-0.457277705129277,-1.0592710242805514,1.6469701354546153,-0.14509111041391612,0.728204467591248,-0.4478112181920192,-1.4393032486710227
2021,Marquez Stevenson,WR,Houston,5-10,180.0,4.48,33.0,14.0,122.0,6.76,4.14,True,6,203,70.0,1,-1.5095830947835613,-1.196509877804561,-0.2897604199091739,-0.7701533510510583,-0.06690467575609896,0.09395170015038568,-1.054657414498601,-0.8100065194086868
2021,Rhamondre Stevenson,RB,Oklahoma,5-11,231.0,4.64,31.5,15.0,112.0,7.09,4.15,True,4,120,71.0,0,1.3629035804268657,0.43573769960030895,0.7087334253119469,-0.9928744255001158,-0.9107696414489216,-1.2579091742527864,0.1708513904417703,-1.0498503383554598
2021,Brad Stewart,DB,Florida,6-0,195.0,4.59,33.5,11.0,126.0,7.02,4.44,False,0,0,72.0,1,-0.11733742478661949,0.1639297433482287,0.45765190109800785,-0.6412153875833514,-0.9094735457652788,0.39318388186236763,-0.1096041443127341,1.1767593336039996
2021,Darius Stills,DL,West Virginia,6-0,278.0,4.98,32.5,23.0,110.0,7.18,4.49,False,0,0,72.0,0,-0.42037659836597563,-2.199374414901344,0.051391516341620515,0.4630989079119329,-0.5846754964319809,-0.20574441024843299,-1.1259359397374566,-0.5088754750034874
2021,Donovan Stiner,DB,Florida,6-1,205.0,4.56,34.5,15.0,127.0,7.08,4.3,False,0,0,73.0,0,0.8650224106362309,0.7851371918257344,0.20483141353491213,-0.3720170907553553,0.10970303470320478,0.5606941747268078,0.22860292956655598,-0.004688284197626213
2021,Eric Stokes,DB,Georgia,6-0,194.0,4.31,38.5,14.0,128.0,6.96,4.36,True,1,29,72.0,0,-0.2155734083289045,0.1639297433482287,-1.9020059828242013,0.7047760965566291,-0.14509111041391612,0.728204467591248,-0.4478112181920192,0.5016464091459298
2021,Mason Stokke,FB,Wisconsin,6-2,242.0,4.96,30.5,22.0,112.0,7.2,4.34,False,0,0,74.0,0,-0.10142032166076473,0.9012563078060039,1.1442472632976295,-0.8334916396394122,-0.1521374234364619,-0.3459467978097928,-0.12729595027701052,-0.1497776567119452
2021,Jack Stoll,TE,Nebraska,6-3,247.0,4.6,31.5,16.0,119.0,6.86,4.32,False,0,0,75.0,0,-0.4578492118467872,-0.8267770300636582,-0.9500421733600789,-0.6208433621583402,-1.0885566838831529,0.33954845075992496,-1.5074650071184121,-0.46723393140407843
2021,Dillon Stoner,WR,Oklahoma St.,6-0,194.0,4.51,37.0,16.0,123.0,6.96,4.13,False,0,0,72.0,0,-0.5676450494880637,-0.3187284147428101,0.02484242531899031,0.5313363152042178,0.46729544849802496,0.26799891445775326,-0.029945465688526695,-0.880412149365727
2021,Eli Stove,WR,Auburn,5-11,194.0,4.54,30.5,14.0,119.0,7.34,4.4,False,0,0,71.0,0,-0.5676450494880637,-0.7576191462736855,0.33944527054716384,-1.583584392460606,-0.06690467575609896,-0.428189942771717,1.9170072370506122,1.0205398594744006
2021,Corey Straughter,CB,La-Monroe,5-10,184.0,4.62,35.0,11.0,117.0,7.37,4.58,False,0,0,70.0,0,-1.0845334968529765,-0.8804374131664883,1.3796361775979256,-0.29545403099240036,-0.8808306392891657,-1.0068830724945885,2.646182894746421,3.3175656848640256
2021,Elijah Sullivan,LB,Kansas St.,6-0,214.0,4.69,33.5,13.0,115.0,7.12,4.31,False,0,0,72.0,1,-1.7568741755098722,-0.9261394794985457,0.14532666141443362,-0.2079770689788551,-1.9449435461714841,-0.7963430163272912,0.014058450644287816,-0.12789438000448422
2021,Chazz Surratt,LB,North Carolina,6-2,229.0,4.58,31.0,25.0,121.0,7.02,4.16,True,3,78,74.0,1,-0.5433222619522632,0.31683719035477004,-0.5761623390589865,-0.9936682184545275,1.0570878542243505,0.17838083565731244,-0.480411192706514,-1.1523886282079003
2021,Patrick Surtain,DB,Alabama,6-2,208.0,4.42,39.0,18.0,131.0,7.02,4.31,True,1,9,74.0,2,1.159730361263086,1.40634464030324,-0.9749975284261887,0.8393752449706271,0.8740854700545675,1.2307353461845687,-0.1096041443127341,0.07970083135963063
2021,Jovan Swann,DL,Indiana,6-2,291.0,4.9,30.5,34.0,109.0,7.74,4.75,False,0,0,74.0,0,0.15554918628061914,-0.8102958370689184,-0.32617880780088815,-0.09559950645903299,1.721415107024837,-0.33344783729918426,0.520818887969097,0.5855809693973971
2021,Tim Tanner-Blair,OL,Bowling Green,6-3,288.0,5.59,21.0,32.0,93.0,8.06,4.95,False,0,0,75.0,0,-1.1925264913116316,-0.7837953901630159,2.1395554083424324,-2.4634282253700674,1.273906213683958,-1.9031379292050916,0.8784107507977165,1.031941067342567
2021,Keith Taylor,DB,Washington,6-2,187.0,4.54,33.5,12.0,127.0,6.85,4.26,True,5,166,74.0,0,-0.9032252931248999,1.40634464030324,0.03628442182618666,-0.6412153875833514,-0.6546794006481579,0.5606941747268078,-1.0678575203040477,-0.3422447464266611
2021,Tamorrion Terry,WR,Florida St.,6-2,207.0,4.44,32.5,15.0,126.0,7.0,4.53,False,0,0,74.0,0,0.3070117068577555,0.5590530483189408,-0.7092308802134022,-0.9328395593329678,0.20019538637096299,0.7901405573798559,0.17499692407348816,1.9358130489159413
2021,Kiondre Thomas,DB,Kansas St.,5-11,186.0,4.44,37.5,10.0,122.0,6.94,4.35,False,0,0,71.0,0,-1.0014612766671849,-0.457277705129277,-0.8064505367174557,0.435577799728633,-1.1642676908823997,-0.2768572895953932,-0.5605469094851125,0.41725729358866553
2021,Ambry Thomas,DB,Michigan,5-11,191.0,4.37,38.0,15.0,122.0,7.02,4.31,True,3,102,71.0,2,-0.5102813589557597,-0.457277705129277,-1.3963650076980099,0.570176948142631,0.10970303470320478,-0.2768572895953932,-0.1096041443127341,0.07970083135963063
2021,Zac Thomas,QB,Appalachian St.,6-0,205.0,4.59,30.0,16.0,115.0,7.06,4.28,False,0,0,72.0,1,-1.6065013408470687,-1.6571668772219534,-1.3494242984908897,-0.5004389522433812,-0.061313606531362225,0.3640639243770481,-0.17238966697300745,-0.35721805158005376
2021,Tyree Thompson,LB,Buffalo,6-1,229.0,5.0,31.0,18.0,109.0,7.87,4.96,False,0,0,73.0,0,-0.5433222619522632,-0.3046511445718878,2.178613844566791,-0.9936682184545275,-0.6940971293398863,-1.7710668683118949,3.7225807757752816,4.311580695543671
2021,Kevin Thomson,QB,Washington,6-0,198.0,4.75,35.5,21.0,126.0,6.98,4.23,False,0,0,72.0,0,-2.2699863946169088,-1.6571668772219534,-0.35214621568133914,1.4100603419092907,8.982443356844115,2.0557881744059587,-0.5833387720803714,-0.6942521407573967
2021,Tommy Togiai,DT,Ohio St.,6-1,296.0,4.97,32.0,40.0,105.0,7.2,4.49,True,4,132,73.0,0,-0.7307604352619762,-1.362903695698221,-0.7602604785648867,0.9748884469394545,2.583025763258597,0.018061042162581573,-1.7293863631333999,-0.9752937560911213
2021,Kadarius Toney,WR,Florida,5-11,193.0,4.39,39.5,9.0,136.0,6.88,4.25,True,1,20,71.0,0,-0.6349263384377422,-0.7576191462736855,-1.2335689555936944,1.3447673566137652,-1.4024049863914088,2.5306127004535317,-0.4398302452125564,-0.03554458988122652
2021,Shaka Toney,DE,Penn St.,6-2,242.0,4.51,39.0,24.0,128.0,6.95,4.28,True,7,246,74.0,0,-1.7997993079929149,-1.2721115294224987,-2.1293044601296667,2.0212823948932592,0.09430265629668967,2.049542418288112,-1.3665960304052613,-0.9954706139339387
2021,Kyle Trask,QB,Florida,6-5,236.0,5.1,31.5,16.0,113.0,7.08,4.6,True,2,64,77.0,1,1.3317896115622216,1.2585243481089123,1.8293995904645488,0.020606309798256655,-0.061313606531362225,0.05647769709906435,-0.06965239069616301,1.7998001191549446
2021,Tommy Tremble,TE,Notre Dame,6-3,241.0,4.6,36.5,20.0,122.0,7.14,4.38,True,3,83,75.0,2,-1.150594975858449,-0.8267770300636582,-0.9500421733600789,1.006065448316826,0.05937581912089951,0.8562956557065168,-0.08661580714145264,-0.04269761775232858
2021,Harry Trotter,RB,Kansas St.,5-8,207.0,4.63,32.5,22.0,112.0,7.07,4.28,False,0,0,68.0,2,-0.4529650134948113,-1.1822063817024666,0.6137323181462994,-0.6742260976562952,0.6712903602133796,-1.2579091742527864,0.04887238355426378,-0.07290972958950806
2021,Joe Tryon,OLB,Washington,6-5,259.0,4.69,35.0,22.0,116.0,7.18,4.36,True,1,32,77.0,0,1.5991369857287974,2.1067651993001912,0.013930356988386591,0.22688932377878182,-0.09975334144153167,-0.3947932323247379,0.3130103323660574,0.2767080391755893
2021,Israel Tucker,RB,Louisiana Tech,5-7,194.0,4.6,38.5,20.0,123.0,7.25,4.52,False,0,0,67.0,0,-1.436560501869053,-1.7215210754700585,0.328728996649348,1.2376638694066293,0.2192732168812936,0.7520832629130405,1.1466834455418442,1.7306729327476302
2021,Ethan Tucky,LB,Cincinnati,6-1,231.0,4.62,31.5,21.0,115.0,7.08,4.3,False,0,0,73.0,0,-0.38151534014458194,-0.3046511445718878,-0.3138027025231979,-0.836529988559393,0.0564107207590723,-0.7963430163272912,-0.18372940669603202,-0.1961939965513774
2021,Jay Tufele,DL,USC,6-2,305.0,5.0,30.0,30.0,105.0,7.8,4.88,True,4,106,74.0,0,0.7757769543615674,-0.8102958370689184,0.14578409737724557,-0.23527411005177448,0.8828367057678123,-0.8442615455021893,0.6972569052233692,1.1328091915978393
2021,Syrus Tuitele,OL,Fresno St.,6-5,311.0,5.21,26.0,36.0,94.0,8.25,4.89,False,0,0,77.0,0,0.12216671762496907,0.4752145278941075,0.038487062070511856,-0.8710981937620389,2.057848499027932,-1.753122420102372,1.4842328273265297,0.7005937781433781
2021,Payton Turner,DL,Houston,6-5,268.0,4.97,35.5,23.0,112.0,6.98,4.33,True,1,28,77.0,2,-0.86339643270951,1.2733220296797205,0.0041952258238037885,1.3011465294683817,-0.5846754964319809,0.04966244385306953,-1.7140626639183658,-1.1823871330963405
2021,Christian Tutt,DB,Auburn,5-10,180.0,4.73,29.5,14.0,110.0,7.22,4.25,False,0,0,70.0,1,-1.590877177920895,-1.0784851536067828,1.6374808430591161,-1.7180085748953358,-0.14509111041391612,-2.286980803968676,1.0177527686182246,-0.42663386198391795
2021,Jaylen Twyman,DL,Pittsburgh,6-1,301.0,5.4,32.5,40.0,104.0,8.0,4.62,True,6,199,73.0,1,0.5985690206241536,-1.5048351259851314,2.033635718089789,0.4630989079119329,2.979282708910374,-0.9719649725529406,1.2853836294042813,0.03835274719695487
2021,Evan Tyler,S,Boise St.,6-1,199.0,4.58,33.0,13.0,117.0,7.14,4.32,False,0,0,73.0,0,-0.8318207265776351,0.5108267420072936,0.21466735631649933,-0.8086011567080311,-0.9871250715548503,-0.7538265631080413,1.004075429689907,0.9000408812965243
2021,Tyler Vaughns,WR,USC,6-1,190.0,4.62,31.5,7.0,120.0,7.13,4.36,False,0,0,73.0,0,-0.8367702052867774,0.1201623167880653,1.1783861911556204,-1.258211975896787,-1.9366051106455326,-0.25414272846434943,0.8410596908000353,0.7389173396462339
2021,Alijah Vera-Tucker,OL,USC,6-4,308.0,5.05,32.0,36.0,106.0,7.67,4.7,True,1,14,76.0,0,-0.049315005279804924,-0.1542904311344542,-0.8461732942545083,1.0396978441675955,2.057848499027932,0.047063689130264846,-0.36511877470879994,-0.34867263765404255
2021,Gunnar Vogel,OL,Northwestern,6-6,306.0,5.47,26.0,23.0,105.0,7.67,4.92,False,0,0,78.0,0,-0.16363615388298758,1.104719486922669,1.4760601410986671,-0.8710981937620389,-0.4899639283399838,-0.10295181997245488,-0.36511877470879994,0.8662674227429726
2021,Lamont Wade,S,Penn St.,5-9,190.0,4.47,35.5,16.0,118.0,7.14,4.34,False,0,0,69.0,0,-1.8467661653495986,-2.0639762581681804,-0.8600138972262377,0.06751739280663596,-0.213048576594572,-0.5845843481157107,1.004075429689907,1.0755408026942317
2021,Tre Walker,WR,San Jose St.,5-10,178.0,4.58,28.0,14.0,113.0,7.75,4.47,False,0,0,70.0,1,-1.6441456726829182,-1.196509877804561,0.7589157308513921,-2.3970154338701533,-0.06690467575609896,-1.4724732286159223,4.017666732111263,1.5133792691736878
2021,Tylan Wallace,WR,Oklahoma St.,5-11,194.0,4.48,33.0,11.0,112.0,6.97,4.25,True,4,131,71.0,0,-0.5676450494880637,-0.7576191462736855,-0.2897604199091739,-0.7701533510510583,-0.8682048621372848,-1.64652044292329,0.02129013175197588,-0.03554458988122652
2021,Garret Wallow,LB,TCU,,234.0,4.65,32.5,22.0,122.0,6.87,4.12,True,5,170,74.0,2,-0.1388049574330601,0.31683719035477004,-0.117032975121355,-0.522253528769124,0.3065800041253919,0.3408348109880797,-1.2221156577327101,-1.4255870943954791
2021,Ar'Darius Washington,S,TCU,5-7,178.0,4.61,37.5,17.0,127.0,7.06,4.1,False,0,0,67.0,0,-3.2000267503788833,-3.3513777582559174,0.5077622436463383,0.7684122324183696,0.04497692172552077,0.9385955868152648,0.5397138414164521,-1.0304582540783043
2021,Jamar Watson,OLB,Kentucky,6-1,241.0,4.78,30.0,19.0,118.0,7.31,4.58,False,0,0,73.0,1,-0.2227971864438446,-0.6598547605355265,0.7930353228388015,-1.327391870611298,-0.7849012918688923,-0.08183641034521849,0.9457443554331122,1.9796636243269172
2021,Rashad Weaver,DL,Pittsburgh,6-4,259.0,4.88,32.0,20.0,114.0,6.97,4.26,True,4,135,76.0,0,-1.2621142836186912,0.5787827407635076,-0.4205713888365174,0.32342430431919145,-1.2136092973747494,0.30506929795457205,-1.7434690001274136,-1.4770484835119648
2021,Mark Webb,DB,Georgia,6-1,207.0,4.61,36.5,14.0,136.0,7.3,4.52,True,7,241,73.0,1,1.061494377720801,0.7851371918257344,0.6261988928067408,0.16637950290063688,-0.14509111041391612,2.0682868105067698,1.468695533790608,1.851872258062062
2021,Connor Wedington,WR,Stanford,6-0,196.0,4.47,38.5,13.0,117.0,6.66,4.07,False,0,0,72.0,0,-0.43308247158870694,-0.3187284147428101,-0.39462803498523796,1.0193949400499462,-0.33400473788316093,-0.7762843713864521,-1.567013388903636,-1.3028459291079741
2021,Pete Werner,LB,Ohio St.,6-2,238.0,4.58,39.5,20.0,122.0,6.95,4.38,True,2,60,74.0,0,0.18480888618230235,0.31683719035477004,-0.5761623390589865,1.6776816897627587,-0.19375856260724725,0.3408348109880797,-0.8265399430520705,0.3502029358237803
2021,Devon Wharton,DE,Western Kentucky,6-2,215.0,5.1,30.5,4.0,115.0,8.12,4.7,False,0,0,74.0,0,-3.673892657187861,-1.2721115294224987,1.9486930386685402,-0.7663239409909207,-4.2954584204380915,-0.07813263633120728,3.9479948124084396,1.6450065016674145
2021,Jarell White,LB,Cincinnati,5-8,202.0,4.58,35.0,22.0,125.0,7.21,4.35,False,0,0,68.0,0,-2.72771570635596,-3.412092819205177,-0.5761623390589865,0.2634376207065483,0.3065800041253919,0.8281967369803815,0.45908112966000636,0.14530408618309465
2021,Brendon White,DB,Rutgers,6-1,215.0,4.66,34.5,19.0,112.0,6.82,4.33,False,0,0,73.0,0,1.8473822460590814,0.7851371918257344,1.047566372078562,-0.3720170907553553,1.1288796151716884,-1.9519602182397953,-1.2369610572436878,0.24847906247415183
2021,Brady White,QB,Memphis,6-1,210.0,4.84,29.0,16.0,113.0,6.97,4.33,False,0,0,73.0,2,-1.1325834452971832,-1.0740286321557804,0.20882270589903176,-0.8478024602711397,-0.061313606531362225,0.05647769709906435,-0.634707410218796,-0.020183962402710812
2021,James Wiggins,S,Cincinnati,5-11,209.0,4.4,38.0,22.0,127.0,6.975,4.21,True,7,243,71.0,2,0.29589642761343554,-0.7765747580804434,-1.543901967662517,0.943635942321303,1.3351044133259846,0.9385955868152648,0.04632965387590674,-0.06520868639088993
2021,Rachad Wildgoose,CB,Wisconsin,5-11,197.0,4.53,36.0,11.0,120.0,7.09,4.18,True,6,213,71.0,0,0.41544767569092456,-0.25656352291434187,0.37704342741806895,0.07034619785533391,-0.8808306392891657,-0.4767795234242289,1.0217764008837933,0.09255216319580274
2021,Drew Wiley,DT,Kansas St.,6-4,294.0,5.24,34.0,24.0,112.0,7.34,4.45,False,0,0,76.0,0,-0.8569743777728054,0.7477277133506463,0.7534893663582255,1.6343718081043799,-0.6772567550007298,1.1559066984051884,-1.1988727947666613,-1.2130512211414524
2021,Carson Williams,OL,Arkansas St.,6-4,254.0,4.79,38.0,18.0,115.0,7.76,4.765,False,0,0,76.0,2,-3.135986017565737,-0.1542904311344542,-2.2837463732826637,2.9504938820972297,-1.4698917850199515,1.3972032710547424,-0.07815042266883548,0.010286925645073232
2021,Avery Williams,CB,Boise St.,5-8,187.0,4.43,33.5,19.0,121.0,6.88,4.0,True,5,183,68.0,0,-0.7383839954966916,-2.128185193670781,-0.7369485172262239,-0.8441543742640018,1.2533683290243682,-0.30007834040077574,-0.19652846951317607,-1.358703921554894
2021,Javonte Williams,RB,North Carolina,5-9,212.0,4.55,36.0,22.0,123.0,6.97,4.09,True,2,35,69.0,0,-0.07465905642779525,-0.6428916879348747,-0.14627653917889855,0.4410430497970774,0.6712903602133796,0.7520832629130405,-0.5610226508832851,-1.5007460039397493
2021,Marlon Williams,WR,Central Florida,5-11,209.0,4.63,33.5,14.0,119.0,6.96,4.57,False,0,0,71.0,1,0.4415742847571123,-0.7576191462736855,1.2832538062316752,-0.6074671427691488,-0.06690467575609896,-0.428189942771717,-0.029945465688526695,2.217435568744108
2021,Milton Williams,DL,Louisiana Tech,6-3,284.0,4.67,38.5,34.0,121.0,6.96,4.33,True,3,73,75.0,0,-0.15456469775985496,-0.11575654815270545,-1.4116934897106015,2.1391941510248307,1.721415107024837,1.1989932873098308,-1.7728753363364584,-1.1823871330963405
2021,Pooka Williams,RB,Kansas,5-9,170.0,4.46,31.5,4.0,118.0,7.03,4.26,False,0,0,69.0,0,-3.2524290957907303,-0.6428916879348747,-1.001286503669744,-0.9928744255001158,-3.396863929775395,-0.16154966307142618,-0.1950856302207547,-0.22320828478427346
2021,Rodarius Williams,CB,Oklahoma St.,5-11,189.0,4.5,36.5,14.0,123.0,6.98,4.15,True,6,201,71.0,0,-0.5076176612591684,-0.25656352291434187,0.042845844024780116,0.2532463122792011,-0.08050602617159051,0.053324025646130604,0.3836167068663363,-0.1493238509293086
2021,Seth Williams,WR,Auburn,6-3,211.0,4.49,37.0,12.0,124.0,7.2,4.43,True,6,219,75.0,0,0.5761368626564691,0.9979437798498162,-0.18489280483311918,0.5313363152042178,-0.6011048000102228,0.4420461287651208,1.1997088728835625,1.231756749345521
2021,Marco Wilson,CB,Florida,5-11,191.0,4.37,43.5,26.0,136.0,6.8,4.13,True,4,136,71.0,0,-0.27685132702164517,-0.25656352291434187,-1.4053436840127917,2.813847914213341,3.1207924262987103,2.3504394049510218,-0.6606446106167839,-0.3105745270127233
2021,Marvin Wilson,DT,Florida St.,6-3,303.0,5.12,25.5,23.0,107.0,7.64,4.91,False,0,0,75.0,0,-0.28901163647407413,0.04418391033435714,0.08071165750350953,-1.1684324768465528,-0.8810244123919377,0.34315980108904065,-0.06205800540936236,1.521159626937352
2021,Brock Wright,TE,Notre Dame,6-4,257.0,4.62,31.5,26.0,118.0,7.27,4.25,False,0,0,76.0,0,0.6967270615059827,-0.14819588274726075,-0.8133680616075717,-0.6208433621583402,1.7812745736269782,0.16729938244439435,0.5730641785621367,-0.9625262973311252
2021,Nahshon Wright,DB,Oregon St.,6-4,183.0,4.46,31.0,6.0,126.0,7.24,4.57,True,3,99,76.0,0,-1.29616922729404,2.6487595372582513,-0.6379035450087303,-1.3142111296533416,-2.1834442713508833,0.39318388186236763,1.130488459911323,2.273817835848361
2021,Devonte Young,DB,Iowa,5-11,195.0,4.7,32.0,14.0,118.0,7.41,4.38,False,0,0,71.0,1,-0.11733742478661949,-0.457277705129277,1.3846603554960204,-1.0450128328253454,-0.14509111041391612,-0.946898461053154,2.0887418359026366,0.6704246402604436
2021,Landon Young,OT,Kentucky,6-6,310.0,5.0,30.5,34.0,108.0,7.7,4.89,True,6,206,78.0,0,-0.3150645940281254,0.3164807866594626,-1.2221467260465606,0.7762319622841136,2.3979527202517272,0.5800399412636269,-0.39014646882610166,0.6483235004172845
2022,Cal Adomitis,LS,Pittsburgh,6-2,235.0,4.97,29.5,18.0,107.0,7.53,4.62,False,0,0,74.0,0,0.062926013899991,0.18997167906070936,-0.5844111040581469,0.028444006199428308,1.7801819061679112,-0.3588385460981082,0.2657366832867105,0.4170913967450134
2022,Austin Allen,TE,Nebraska,6-8,253.0,4.83,34.0,19.0,121.0,7.0,4.26,False,0,0,80.0,1,0.2348965521648748,2.5661287065183287,0.6217101117937202,0.19261104307924293,-0.22760730663011358,0.6840465873909862,-0.7970404071299324,-0.8917702450558346
2022,Chase Allen,TE,Iowa St.,6-6,251.0,4.73,33.5,19.0,117.0,7.03,4.43,False,0,0,78.0,2,0.003981297494320801,1.208966411885534,-0.0616604469687975,0.029920162031726295,-0.22760730663011358,-0.004949685871136246,-0.6448065642752566,0.3110826436241307
2022,Tycen Anderson,S,Toledo,6-2,209.0,4.36,35.5,17.0,123.0,6.64,4.28,True,5,166,74.0,1,0.29589642761343554,1.1545274920511621,-1.934695150768966,0.06751739280663596,0.04497692172552077,0.26162672684594235,-1.8981844970191841,0.5490410385011016
2022,Blaise Andries,OG,Minnesota,6-6,308.0,5.1,30.5,26.0,106.0,7.84,4.68,False,0,0,78.0,1,-0.5930378105636872,1.5518127424325245,-0.9245173874157339,1.1616862617973907,-0.006573798768079143,0.6610766253379748,0.008113712580749333,-0.570528906568238
2022,Calvin Austin,WR,Memphis,5-8,170.0,4.32,39.0,14.0,135.0,6.65,4.07,True,4,138,68.0,1,-2.1823959842803453,-2.0742913408663117,-1.967642261126087,1.1820811483318556,-0.06690467575609896,2.356565486146164,-1.6182489863441385,-1.3028459291079741
2022,Amaré Barno,EDGE,Virginia Tech,6-5,246.0,4.36,37.0,23.0,131.0,7.14,4.45,True,6,189,77.0,2,-0.7271688793451445,0.9699687619205832,-2.2815093067359187,1.03393045753563,0.09550469143656996,2.0793694651421566,-0.01435998564640853,0.7800206928649455
2022,Markquese Bell,S,Florida A&M,6-2,212.0,4.41,36.5,17.0,123.0,6.975,4.46,False,0,0,74.0,2,0.6342115738707568,1.1545274920511621,-1.4462036718859068,0.4179648126125028,0.04497692172552077,0.26162672684594235,0.04632965387590674,2.1285403310804996
2022,David Bell,WR,Purdue,6-1,212.0,4.65,33.0,14.0,118.0,7.14,4.57,True,3,99,73.0,1,0.6434181516061475,0.1201623167880653,1.4929890363837939,-0.7701533510510583,-0.06690467575609896,-0.6022371570790845,0.8922952882405379,2.217435568744108
2022,Daniel Bellinger,TE,San Diego St.,6-5,253.0,4.63,34.5,22.0,125.0,7.05,4.47,True,4,112,77.0,0,0.2348965521648748,0.5303852645691367,-0.7450310057313212,0.3553019241267596,0.6333420706229257,1.3730428606531087,-0.5433173357054757,0.5941068527252993
2022,Dane Belton,S,Iowa,6-1,205.0,4.43,36.5,17.0,123.0,7.01,4.24,True,4,114,73.0,1,-0.1551904340629927,0.5108267420072936,-1.2508070803326867,0.4179648126125028,0.04497692172552077,0.26162672684594235,0.24948784874554394,0.19804119570567902
2022,Terrel Bernard,LB,Baylor,6-1,224.0,4.65,35.5,22.0,123.0,7.03,4.25,True,3,89,73.0,1,-0.9478395664714662,-0.3046511445718878,-0.117032975121355,0.4205758506016828,0.3065800041253919,0.503288786318847,-0.4309642283714307,-0.5376920792858495
2022,Nik Bonitto,EDGE,Oklahoma,6-3,248.0,4.54,35.5,23.0,120.0,7.07,4.23,True,2,64,75.0,1,-0.4905162854754233,-0.4526520888962762,-0.9974307315974549,0.5658960940421348,0.09550469143656996,0.17038839319829546,-0.5169594832705349,-1.3553300726703028
2022,Thomas Booker,DT,Stanford,6-3,301.0,4.94,29.0,27.0,110.0,7.33,4.41,True,5,150,75.0,2,-0.4152255789849033,0.04418391033435714,-0.9284549057785618,-0.014336594807933516,-0.06595378282710605,0.8308079394787293,-1.2367666210785704,-1.4508086861917835
2022,Jaquan Brisker,S,Penn St.,6-1,199.0,4.49,34.5,22.0,124.0,6.975,4.21,True,2,48,73.0,2,-0.8318207265776351,0.5108267420072936,-0.6646173056730088,-0.28293002699923087,1.3351044133259846,0.4308689418382729,0.04632965387590674,-0.06520868639088993
2022,Logan Bruss,OG,Wisconsin,6-5,309.0,5.32,31.0,26.0,112.0,7.57,4.55,True,3,104,77.0,1,-0.5051225561906494,0.7139330188826921,0.2803040799560502,1.327221656606631,-0.006573798768079143,1.5501107076890432,-0.9411906593669975,-1.2365501646609138
2022,Spencer Burford,OG,Texas-San Antonio,6-4,304.0,5.19,27.5,26.0,105.0,7.83,4.73,True,4,134,76.0,2,-0.9446988280558384,-0.12394670466714025,-0.43163587803636494,0.16847389294194884,-0.006573798768079143,0.5129042782794634,-0.027045708602499857,-0.3143668842248972
2022,Treylon Burks,WR,Arkansas,6-2,225.0,4.55,33.0,14.0,122.0,7.28,4.25,True,1,18,74.0,2,1.5180749079519666,0.5590530483189408,0.4443128856232186,-0.7701533510510583,-0.06690467575609896,0.09395170015038568,1.6095936524075922,-0.03554458988122652
2022,Matthew Butler,DT,Tennessee,6-4,297.0,5.0,32.0,17.0,112.0,7.89,4.81,True,5,175,76.0,0,-0.6676534640065617,0.7477277133506463,-0.5920660513512064,0.9748884469394545,-2.103630356739185,1.1559066984051884,0.8852876523883872,0.9267659643115217
2022,Ja'Tyre Carter,OG,Southern,6-3,311.0,5.13,30.0,26.0,108.0,7.84,4.9,True,7,226,75.0,1,-0.3292920474445738,-0.9618264282169726,-0.7602235509559442,0.9961508669881504,-0.006573798768079143,0.9574213194549976,0.008113712580749333,0.5565839917424484
2022,Zachary Carter,DE,Florida,6-4,282.0,4.99,27.5,19.0,110.0,7.24,4.43,True,3,95,76.0,2,0.9766352834070057,0.08526216685136973,1.1883884202485393,-1.750185000714749,-1.0031376128870055,-0.8964691958001761,-0.049304283041180265,-0.05244307264774429
2022,Damone Clark,LB,LSU,6-3,239.0,4.57,36.5,21.0,127.0,7.12,4.32,True,5,176,75.0,2,0.26571234708614294,0.9383255252814279,-0.6417522481929322,0.7348523103919518,0.0564107207590723,1.153104687641916,0.014058450644287816,-0.059594763457584944
2022,Jack Coan,QB,Notre Dame,6-3,218.0,4.9,33.0,16.0,115.0,6.95,4.39,False,0,0,75.0,1,-0.3743148124173663,0.09224785797656607,0.5828019869526161,0.5416515718398944,-0.061313606531362225,0.3640639243770481,-0.7374446864956359,0.3842569446100995
2022,Snoop Conner,RB,Mississippi,5-10,222.0,4.59,29.5,25.0,118.0,7.07,4.28,True,5,154,70.0,2,0.6819528577062368,-0.10357699416728292,0.23372788948370038,-1.6301710811877572,1.3493160752115088,-0.16154966307142618,0.04887238355426378,-0.07290972958950806
2022,Charles Cross,OT,Mississippi St.,6-5,307.0,4.95,26.0,24.0,112.0,7.88,4.61,True,1,9,77.0,1,-0.5934266371812452,-0.5626325096168238,-1.5022272041077502,-0.6724958935917664,0.0010652833053096855,1.1828528132466103,0.2431574184467281,-0.8140603351104256
2022,Dustin Crum,QB,Kent St.,6-1,210.0,4.75,32.5,16.0,120.0,7.09,4.36,False,0,0,73.0,2,-1.1325834452971832,-1.0740286321557804,-0.35214621568133914,0.3679698178260152,-0.061313606531362225,1.1330294925720075,-0.018283752557743074,0.18203649110369735
2022,Myron Cunningham,OT,Arkansas,6-5,320.0,5.38,20.0,24.0,98.0,8.5,5.16,False,0,0,77.0,1,0.6128088831489403,-0.5626325096168238,0.9064649072184875,-2.6041330347596063,0.0010652833053096855,-0.9269922386938314,2.424537474608701,2.0584793418190106
2022,DJ Davidson,DT,Arizona St.,6-3,327.0,5.08,28.0,23.0,105.0,7.85,4.72,True,5,147,75.0,2,1.225555673655876,0.04418391033435714,-0.14354757878139576,-0.3440782753903962,-0.8810244123919377,0.018061042162581573,0.7337123471407472,0.39181166794827815
2022,Dawson Deaton,C,Texas Tech,6-6,306.0,5.12,29.0,24.0,108.0,7.52,4.49,True,7,246,78.0,0,0.20771553419459,2.1859463858197903,-0.8285369188651345,0.6341622013544801,-0.49874742217065404,0.9587867346480847,-0.7295704520632953,-1.145098561159279
2022,Austin Deculus,OT,LSU,6-5,321.0,5.08,28.5,24.0,109.0,7.81,4.99,True,6,205,77.0,2,0.7055962308666469,-0.5626325096168238,-0.7740179611486553,0.13235291522816692,0.0010652833053096855,0.7307431592593727,-0.0031274266038181873,1.1706034416771849
2022,Kellen Diesch,OT,Arizona St.,6-7,301.0,4.89,32.5,24.0,110.0,7.77,4.43,False,0,0,79.0,1,-1.1501507234874846,1.195594082935749,-1.8383237777811818,1.4201110093400602,0.0010652833053096855,0.8814463772551185,-0.14386162377555847,-1.7541642293782447
2022,Dai'Jean Dixon,WR,Nicholls St.,6-3,205.0,4.62,34.0,14.0,125.0,7.28,4.42,False,0,0,75.0,1,0.1724491289583987,0.9979437798498162,1.1783861911556204,-0.4447809344872393,-0.06690467575609896,0.6160933430724883,1.6095936524075922,1.161351119388481
2022,Jahan Dotson,WR,Penn St.,5-11,178.0,4.43,36.0,14.0,121.0,7.28,4.25,True,1,16,71.0,2,-1.6441456726829182,-0.7576191462736855,-0.8140984952894662,0.2059638986403987,-0.06690467575609896,-0.08009551415698189,1.6095936524075922,-0.03554458988122652
2022,Greg Dulcich,TE,UCLA,6-4,243.0,4.69,34.0,16.0,122.0,7.05,4.37,True,3,80,76.0,0,-0.9196797211878951,-0.14819588274726075,-0.3350086704738058,0.19261104307924293,-1.0885566838831529,0.8562956557065168,-0.5433173357054757,-0.11345367002761918
2022,William Dunkle,OG,San Diego St.,6-5,328.0,5.44,26.0,25.0,95.0,7.97,4.91,False,0,0,77.0,0,1.1652672768970687,0.7139330188826921,0.9374794257952038,-0.3281322914857721,-0.22876819712914473,-0.9688191923056507,0.46518618796299815,0.6078163962111147
2022,Ikem Ekwonu,OT,North Carolina St.,6-4,310.0,4.93,29.0,24.0,108.0,7.82,4.73,True,1,6,76.0,1,-0.3150645940281254,-1.44174580589311,-1.614259395332229,0.2933226769921536,0.0010652833053096855,0.5800399412636269,0.03205612268911923,-0.1873244055985479
2022,Obinna Eze,OT,TCU,6-7,321.0,5.17,27.5,18.0,104.0,8.2,5.08,False,0,0,79.0,0,0.7055962308666469,1.195594082935749,-0.26987310063851294,-0.18958660829980642,-1.4370671788625409,-0.022772930719356425,1.3690309958206472,1.6406553888110922
2022,Joshua Ezeudu,OG,North Carolina,6-4,308.0,5.19,28.5,26.0,105.0,7.83,4.56,True,3,67,76.0,1,-0.5930378105636872,-0.12394670466714025,-0.43163587803636494,0.4995446825604295,-0.006573798768079143,0.5129042782794634,-0.027045708602499857,-1.1853177601922475
2022,Jake Ferguson,TE,Wisconsin,6-5,250.0,4.81,31.5,15.0,118.0,7.03,4.48,True,4,129,77.0,0,-0.11147632984095619,0.5303852645691367,0.48503600004121294,-0.6208433621583402,-1.375539809634166,0.16729938244439435,-0.6448065642752566,0.6648629050005962
2022,Luke Fortner,C,Kentucky,6-4,307.0,5.21,24.0,25.5,102.0,7.75,4.95,True,3,65,76.0,1,0.3674967143442732,0.46666271157950695,-0.21154134098684452,-1.2958966723330687,-0.10793787494738041,-0.013895459922436544,0.18737601774303023,1.6890423819098104
2022,Kenyon Green,OG,Texas A&M,6-4,323.0,5.24,26.0,20.0,102.0,7.83,5.12,True,1,15,76.0,1,0.7256910050318798,-0.12394670466714025,-0.15781281727005217,-0.3281322914857721,-1.3397401889344727,0.06838723710392916,-0.027045708602499857,1.6836968900531302
2022,Jeffrey Gunter,EDGE,Coastal Carolina,6-4,258.0,4.7,35.5,23.0,122.0,7.21,4.35,True,7,252,76.0,1,0.6927466838731827,0.2586583365121535,0.14397244630340458,0.5658960940421348,0.09550469143656996,0.5174758608244521,0.4882395119777242,-0.19059329146926457
2022,Jeremiah Hall,TE,Oklahoma,6-2,239.0,4.96,29.0,19.0,111.0,7.43,4.62,False,0,0,74.0,0,-1.381510230529003,-1.5053581773800555,1.5100918381849955,-1.4342977673959234,-0.22760730663011358,-1.03844409576432,1.3849780071204019,1.6554476368546833
2022,Logan Hall,DE,Houston,6-6,283.0,4.88,30.0,23.5,115.0,7.25,4.44,True,2,33,78.0,2,1.0460461481920036,1.4426358631252383,0.4280838018285321,-0.9303007842782254,-0.01544137062167986,-0.07813263633120728,-0.0038804296837991353,0.010425430104673134
2022,Kyle Hamilton,S,Notre Dame,6-4,220.0,4.59,38.0,17.0,131.0,6.9,4.32,True,1,14,76.0,1,1.5363852972236134,2.441928992138899,0.3123656520931094,0.943635942321303,0.04497692172552077,1.615564446784587,-0.3890093351304528,0.9000408812965243
2022,Peyton Hendershot,TE,Indiana,6-4,250.0,4.8,32.5,19.0,117.0,7.14,4.25,False,0,0,76.0,2,-0.11147632984095619,-0.14819588274726075,0.4166989441649624,-0.29546160006330696,-0.22760730663011358,-0.004949685871136246,-0.08661580714145264,-0.9625262973311252
2022,Daxton Hill,S,Michigan,6-0,191.0,4.38,33.5,17.0,121.0,6.57,4.06,True,1,31,72.0,1,-1.7339944499304916,-0.13287400803657493,-1.7392985592157457,-0.6333774468050977,0.04497692172552077,-0.07685770313871888,-2.3045008867584533,-1.381458096873727
2022,Curtis Hodges,TE,Arizona St.,6-8,257.0,4.85,34.5,19.0,117.0,7.14,4.28,False,0,0,80.0,1,0.6967270615059827,2.5661287065183287,0.7583842235462213,0.3553019241267596,-0.22760730663011358,-0.004949685871136246,-0.08661580714145264,-0.7502581405052471
2022,Aidan Hutchinson,DE,Michigan,6-7,260.0,4.74,36.0,23.5,117.0,6.73,4.15,True,1,2,79.0,1,-0.5504037418629506,2.1213227112621724,-0.5395766216151082,1.037421335169431,-0.01544137062167986,0.24920198745638025,-2.3659208042676663,-1.8127611497153093
2022,Johnny Johnson III,WR,Oregon,6-0,197.0,4.6,32.0,14.0,121.0,7.21,4.54,False,0,0,72.0,1,-0.3658011826390285,-0.3187284147428101,0.9686509610035016,-1.0955257676148773,-0.06690467575609896,-0.08009551415698189,1.250944470324065,2.0062186788729814
2022,Ed Ingram,OG,LSU,6-3,307.0,5.02,20.5,26.0,102.0,7.81,4.76,True,2,59,75.0,1,-0.680953064936725,-0.9618264282169726,-1.3626342846418362,-2.1490216343874153,-0.006573798768079143,0.06838723710392916,-0.09736455096900136,-0.16066967081889827
2022,Zion Johnson,OG,Boston Col.,6-3,312.0,5.18,32.0,32.0,112.0,7.38,4.46,True,1,17,75.0,0,-0.24137679307153603,-0.9618264282169726,-0.4864004901896314,1.6582924462251116,1.3265925913983143,1.5501107076890432,-1.6092196618487478,-1.6976418048789197
2022,Braxton Jones,OT,Southern Utah St.,6-5,310.0,4.97,25.5,24.0,108.0,7.81,4.84,True,5,168,77.0,2,-0.3150645940281254,-0.5626325096168238,-1.3901950128832763,-0.8334656553557531,0.0010652833053096855,0.5800399412636269,-0.0031274266038181873,0.3871835297873366
2022,Travis Jones,DT,Connecticut,6-4,325.0,4.92,28.5,27.0,110.0,7.33,4.58,True,3,76,76.0,1,1.0993417311450469,0.7477277133506463,-1.040584523921017,-0.17920743509916484,-0.06595378282710605,0.8308079394787293,-1.2367666210785704,-0.44033945972787786
2022,Kevin Austin Jr.,WR,Notre Dame,6-2,200.0,4.43,39.0,14.0,132.0,6.71,4.15,False,0,0,74.0,1,-0.1639573157899933,0.5590530483189408,-0.8140984952894662,1.1820811483318556,-0.06690467575609896,1.8344238432240614,-1.3108354017011183,-0.7396008894516405
2022,George Karlaftis,EDGE,Purdue,6-4,266.0,4.67,38.0,21.0,121.0,7.14,4.36,True,1,30,76.0,2,1.6393570593520677,0.2586583365121535,-0.07004064955300815,1.3459533665312935,-0.48813508956468954,0.34393212701137377,-0.01435998564640853,-0.09353189303583753
2022,Darian Kinnard,OG,Kentucky,6-5,322.0,5.31,25.0,26.0,99.0,8.11,4.96,True,5,145,77.0,1,0.637775750658842,0.7139330188826921,0.2255394678027838,-0.6592030811042527,-0.006573798768079143,-0.3761298040716051,0.9574180845284962,0.8639784185544509
2022,DeMarvin Leal,DT,Texas A&M,6-4,283.0,5.0,27.5,27.0,106.0,7.65,4.49,True,3,84,76.0,2,-1.5511510615823658,0.7477277133506463,-0.5920660513512064,-0.5089491156816275,-0.06595378282710605,0.18061042162581112,-0.02416417909744982,-0.9752937560911213
2022,Alec Lindstrom,C,Boston Col.,6-3,296.0,5.18,29.0,25.0,111.0,7.5,4.66,False,0,0,75.0,0,-1.3900962673022421,-0.39297912554063485,-0.4172065336129432,0.6341622013544801,-0.23820772402180496,1.4451278319333454,-0.809304927698626,-0.09769864741635505
2022,Devin Lloyd,LB,Utah,6-3,237.0,4.66,35.0,25.0,126.0,7.09,4.32,True,1,27,75.0,2,0.10390542527846174,0.9383255252814279,-0.0514430659874093,0.2634376207065483,1.0570878542243505,0.9906507123111488,-0.13428244236095316,-0.059594763457584944
2022,Vederian Lowe,OT,Illinois,6-5,314.0,5.22,25.5,24.0,99.0,7.83,4.71,True,6,184,77.0,1,0.05608479684270086,-0.5626325096168238,0.010207377422676696,-0.8334656553557531,0.0010652833053096855,-0.7762890206980856,0.06723967198205352,-0.29178039385052984
2022,Abraham Lucas,OT,Washington St.,6-6,315.0,4.92,27.0,24.0,107.0,7.25,4.4,True,3,72,78.0,0,0.14887214456040743,0.3164807866594626,-1.670275490944466,-0.3505563700637931,0.0010652833053096855,0.4293367232678811,-1.9734061870081792,-1.9108482117562107
2022,Cade Mays,OG,Tennessee,6-5,311.0,5.24,26.0,26.0,102.0,7.57,4.71,True,6,199,77.0,1,-0.3292920474445738,0.7139330188826921,-0.15781281727005217,-0.3281322914857721,-0.006573798768079143,0.06838723710392916,-0.9411906593669975,-0.41683169316223445
2022,Zyon McCollum,CB,Sam Houston St.,6-2,199.0,4.33,39.5,14.0,132.0,6.48,3.94,True,5,157,74.0,1,0.6462140099284478,1.6150581478420973,-1.850940461870507,1.350646998822404,-0.08050602617159051,1.643634672857209,-2.5171091750312105,-1.8424559498051274
2022,Marcus McKethan,OG,North Carolina,6-7,340.0,5.31,27.5,27.0,110.0,7.81,4.99,True,5,173,79.0,0,2.2202503293735223,2.389692465982357,0.2255394678027838,0.16847389294194884,0.21562059959298643,1.2537660135720206,-0.09736455096900136,1.0176756319604543
2022,Bo Melton,WR,Rutgers,5-11,189.0,4.34,38.0,14.0,121.0,6.98,4.25,True,7,229,71.0,2,-0.9040514942364557,-0.7576191462736855,-1.7579070309739775,0.8567087317680367,-0.06690467575609896,-0.08009551415698189,0.07252572919248301,-0.03554458988122652
2022,Max Mitchell,OT,Louisiana,6-6,307.0,5.32,25.0,24.0,106.0,8.09,4.65,True,4,111,78.0,1,-0.5934266371812452,0.3164807866594626,0.5703683335450609,-0.9944354171197397,0.0010652833053096855,0.27863350527213526,0.9820119535983639,-0.6051483586064664
2022,Jeremiah Moon,LB,Florida,6-5,249.0,4.76,40.5,21.0,133.0,7.09,4.55,False,0,0,77.0,1,1.074746956124549,2.1813021951347435,0.6044560253520593,1.9919581495530274,0.0564107207590723,2.1278285396265195,-0.13428244236095316,1.5112964171209888
2022,Skyy Moore,WR,Western Michigan,5-10,195.0,4.41,34.5,14.0,125.0,7.13,4.32,True,2,54,70.0,1,-0.5003637605383853,-1.196509877804561,-1.0238337254415757,-0.2820947262053298,-0.06690467575609896,0.6160933430724883,0.8410596908000353,0.45729481981806697
2022,Chad Muma,LB,Wyoming,6-3,239.0,4.63,40.0,27.0,129.0,7.06,4.28,True,3,70,75.0,0,0.26571234708614294,0.9383255252814279,-0.24821279338925223,1.834819919657893,1.5574264209569897,1.4780126383034506,-0.28262333536619416,-0.3327932296451638
2022,Jalen Nailor,WR,Michigan St.,5-11,186.0,4.5,38.0,14.0,128.0,7.03,4.28,True,6,191,71.0,1,-1.105895361085491,-0.7576191462736855,-0.08002518975706442,0.8567087317680367,-0.06690467575609896,1.138234985994591,0.32870371639500046,0.17567229998990017
2022,Leon O'Neal,S,Texas A&M,6-1,204.0,4.56,35.0,15.0,125.0,6.89,4.21,False,0,0,73.0,2,-0.2679621494820998,0.5108267420072936,0.01927076476327049,-0.10770631709629744,-0.47107407491466474,0.6001111568306036,-0.44705453366463854,-0.06520868639088993
2022,David Ojabo,EDGE,Michigan,6-4,250.0,4.55,35.0,23.0,122.0,7.14,4.45,True,2,45,76.0,2,-0.2538636916057021,0.2586583365121535,-0.9260930329786528,0.4098846395443031,0.09550469143656996,0.5174758608244521,-0.01435998564640853,0.7800206928649455
2022,Dylan Parham,OG,Memphis,6-3,311.0,4.93,26.5,26.0,108.0,7.78,4.7,True,3,90,75.0,1,-0.3292920474445738,-0.9618264282169726,-1.8555157940212001,-0.1625968966765318,-0.006573798768079143,0.9574213194549976,-0.20284281451874892,-0.46806409763090073
2022,Chris Paul,OG,Tulsa,6-4,323.0,4.89,27.0,26.0,109.0,7.74,4.83,True,7,230,76.0,1,0.7256910050318798,-0.12394670466714025,-2.0745742426342515,0.0029384981327085333,-0.006573798768079143,1.105593666513509,-0.3434804992517488,0.19795716046177506
2022,Trevor Penning,OT,Northern Iowa,6-7,325.0,4.89,28.0,24.0,111.0,7.25,4.62,True,1,19,79.0,1,1.0767456217374731,1.195594082935749,-1.8383237777811818,-0.02861684653581975,0.0010652833053096855,1.0321495952508644,-1.9734061870081792,-0.761832340984437
2022,EJ Perry,QB,Brown,6-2,211.0,4.65,34.5,16.0,123.0,6.85,4.18,False,0,0,74.0,1,-1.037799866187206,-0.4908903870896071,-0.9754450174373055,1.0626968338815324,-0.061313606531362225,1.5944088334889832,-1.2511310678798488,-1.0312862299347456
2022,Kenny Pickett,QB,Pittsburgh,6-3,217.0,4.73,33.5,16.0,121.0,7.09,4.29,True,1,20,75.0,2,-0.46909839152734345,0.09224785797656607,-0.47680597603253017,0.7153333258537737,-0.061313606531362225,1.2868226062109995,-0.018283752557743074,-0.28981123374458634
2022,Alec Pierce,WR,Cincinnati,6-3,211.0,4.41,40.5,14.0,129.0,7.13,4.28,True,2,53,75.0,1,0.5761368626564691,0.9979437798498162,-1.0238337254415757,1.6701397731775842,-0.06690467575609896,1.3122822003019585,0.8410596908000353,0.17567229998990017
2022,Dameon Pierce,RB,Florida,5-10,218.0,4.59,34.5,21.0,119.0,7.07,4.28,True,4,107,70.0,2,0.379308092052624,-0.10357699416728292,0.23372788948370038,-0.03692944196865367,0.44528178854733663,0.02117692212546717,0.04887238355426378,-0.07290972958950806
2022,Jalen Pitre,S,Baylor,5-11,198.0,4.56,35.0,16.0,121.0,6.74,4.18,True,2,37,71.0,2,-0.9445924419967422,-0.7765747580804434,0.01927076476327049,-0.10770631709629744,-0.213048576594572,-0.07685770313871888,-1.3177325116773628,-0.32845856848745886
2022,Makai Polk,WR,Mississippi St.,6-3,195.0,4.59,31.0,14.0,119.0,6.96,4.36,False,0,0,75.0,2,-0.5003637605383853,0.9979437798498162,0.8637833459274469,-1.4208981841786963,-0.06690467575609896,-0.428189942771717,-0.029945465688526695,0.7389173396462339
2022,Brock Purdy,QB,Iowa St.,6-1,212.0,4.84,27.0,16.0,113.0,7.21,4.45,True,7,262,73.0,2,-0.9430162870772291,-1.0740286321557804,0.20882270589903176,-1.5425294763266568,-0.061313606531362225,0.05647769709906435,0.5981399051033098,0.7886978516229158
2022,Bernhard Raimann,OT,Central Michigan,6-6,303.0,5.05,30.5,30.0,117.0,7.46,4.49,True,3,77,78.0,0,-0.9645760280520714,0.3164807866594626,-0.942066247985371,0.7762319622841136,1.4391977454731602,1.9363689032253395,-1.2345516518565434,-1.4407962646223034
2022,Sean Rhyan,OG,UCLA,6-5,321.0,5.25,33.5,26.0,110.0,7.55,4.81,True,3,92,77.0,1,0.5498604962858041,0.7139330188826921,-0.10304820511679058,2.154898630652833,-0.006573798768079143,1.2537660135720206,-1.011509501733499,0.09549235152443787
2022,Desmond Ridder,QB,Cincinnati,6-3,211.0,4.52,36.0,16.0,127.0,7.15,4.29,True,3,74,75.0,1,-1.037799866187206,0.09224785797656607,-1.7857334597200696,1.58374209592317,-0.061313606531362225,2.2095812880449506,0.28992807627278566,-0.28981123374458634
2022,Dominique Robinson,EDGE,Miami (Ohio),6-5,253.0,4.72,41.0,25.0,121.0,7.14,4.37,True,5,174,77.0,2,0.10111519919887972,0.9699687619205832,0.28664784354100886,2.282022093518284,0.6791444724378295,0.34393212701137377,-0.01435998564640853,0.0035295053975808893
2022,Tyrese Robinson,OG,Oklahoma,6-3,317.0,5.25,22.5,26.0,100.0,8.35,4.94,False,0,0,75.0,1,0.19819947879365296,-0.9618264282169726,-0.10304820511679058,-1.4868800551504542,-0.006573798768079143,-0.22795745701309367,1.8012441929264953,0.7615136096171182
2022,Jack Sanborn,LB,Wisconsin,6-2,234.0,4.73,34.5,20.0,114.0,7.09,4.32,False,0,0,74.0,2,-0.1388049574330601,0.31683719035477004,0.4076862979502222,0.10629939081141385,-0.19375856260724725,-0.9587969916580584,-0.13428244236095316,-0.059594763457584944
2022,Myjai Sanders,EDGE,Cincinnati,6-5,228.0,4.67,33.0,23.0,120.0,7.14,4.37,True,3,100,77.0,2,-2.8570422241726354,0.9699687619205832,-0.07004064955300815,-0.2141611784470239,0.09550469143656996,0.17038839319829546,-0.01435998564640853,0.0035295053975808893
2022,Nephi Sewell,LB,Utah,6-0,226.0,4.67,32.0,21.0,120.0,7.01,4.33,False,0,0,72.0,1,-0.786032644663785,-0.9261394794985457,0.014146843146536393,-0.6793917586642585,0.0564107207590723,0.015926860326545177,-0.5298581570415929,0.008704853089308252
2022,Khalil Shakir,WR,Boise St.,6-0,196.0,4.43,34.5,14.0,124.0,7.28,4.21,True,5,148,72.0,1,-0.43308247158870694,-0.3187284147428101,-0.8140984952894662,-0.2820947262053298,-0.06690467575609896,0.4420461287651208,1.6095936524075922,-0.3171671097093933
2022,Lecitus Smith,OG,Virginia Tech,6-3,314.0,5.18,27.0,23.0,99.0,7.88,4.78,True,6,215,75.0,1,-0.06554628432546043,-0.9618264282169726,-0.4864004901896314,0.0029384981327085333,-0.6731569938512758,-0.3761298040716051,0.1487513973137492,-0.05820486188156109
2022,Tyler Smith,OT,Tulsa,6-5,324.0,5.02,27.5,24.0,105.0,7.78,4.65,True,1,24,77.0,1,0.9839582740197667,-0.5626325096168238,-1.1101145348220869,-0.18958660829980642,0.0010652833053096855,0.12793028727638941,-0.10867807448262107,-0.6051483586064664
2022,Cole Strange,OG,Tennessee-Chattanooga,6-5,307.0,5.03,28.0,31.0,120.0,7.44,4.5,True,1,29,77.0,0,-0.680953064936725,0.7139330188826921,-1.3078696724885697,0.33400928775118915,1.1043981930372486,2.7354894841571347,-1.3982631347492462,-1.49271218700425
2022,Andrew Stueber,OT,Michigan,6-7,325.0,5.22,24.5,24.0,101.0,7.94,4.9,True,7,245,79.0,2,1.0767456217374731,1.195594082935749,0.010207377422676696,-1.1554051788837265,0.0010652833053096855,-0.47488258470659395,0.4542587142043401,0.7005514945432778
2022,Luke Tenuta,OT,Virginia Tech,6-8,319.0,5.41,26.0,24.0,104.0,7.81,4.77,True,6,209,80.0,2,0.5200215354312338,2.074707379212035,1.0745131940552033,-0.6724958935917664,0.0010652833053096855,-0.022772930719356425,-0.0031274266038181873,0.021587570905406726
2022,Zach Thomas,OG,San Diego St.,6-5,308.0,4.96,22.5,21.0,107.0,7.4,4.65,False,0,0,77.0,0,-0.5930378105636872,0.7139330188826921,-1.6912219575614107,-1.4868800551504542,-1.117545790573407,0.8092489723964863,-1.5389008194822462,-0.7242261199742369
2022,Juanyeh Thomas,S,Georgia Tech,6-1,212.0,4.55,34.0,17.0,122.0,6.975,4.21,False,0,0,73.0,2,0.6342115738707568,0.5108267420072936,-0.0784275310133396,-0.45815373690216427,0.04497692172552077,0.09238451185361173,0.04632965387590674,-0.06520868639088993
2022,Skylar Thompson,QB,Kansas St.,6-2,217.0,4.91,31.0,16.0,112.0,7.0,4.28,True,7,247,74.0,1,-0.46909839152734345,-0.4908903870896071,0.6451318671282116,-0.1530754442156226,-0.061313606531362225,-0.09731541653992754,-0.4806014958035316,-0.35721805158005376
2022,Jalen Tolbert,WR,South Alabama,6-1,194.0,4.49,36.0,14.0,123.0,7.08,4.25,True,3,88,73.0,2,-0.5676450494880637,0.1201623167880653,-0.18489280483311918,0.2059638986403987,-0.06690467575609896,0.26799891445775326,0.5848817035975179,-0.03554458988122652
2022,Zach Tom,C,Wake Forest,6-4,304.0,4.94,33.0,25.5,118.0,7.32,4.47,True,4,140,76.0,1,-0.11184682610477643,0.46666271157950695,-2.062528074621714,2.178209300304519,-0.10793787494738041,2.5799237255989533,-1.5269152084166175,-1.2683220804231554
2022,Cole Turner,TE,Nevada,6-6,246.0,4.76,27.0,17.0,120.0,7.06,4.41,True,5,149,78.0,0,-0.5733068391820642,1.208966411885534,0.14335072065995413,-2.08506129158599,-0.8015735581321398,0.5117975190754556,-0.4925727214205852,0.1695705390735495
2022,Tré Turner,WR,Virginia Tech,6-1,184.0,4.51,27.0,14.0,113.0,7.45,4.53,False,0,0,73.0,1,-1.2404579389848478,0.1201623167880653,0.02484242531899031,-2.7223878504339725,-0.06690467575609896,-1.4724732286159223,2.480598808896154,1.9358130489159413
2022,Cordell Volson,OG,North Dakota St.,6-6,315.0,5.27,25.0,25.0,104.0,8.31,4.93,True,4,136,78.0,0,0.022368970047577368,1.5518127424325245,0.006481019189732594,-0.6592030811042527,-0.22876819712914473,0.364731931220952,1.6606065081934986,0.7102812051484474
2022,Travon Walker,DE,Georgia,6-5,272.0,4.51,35.5,23.5,123.0,6.89,4.32,True,1,1,77.0,1,0.2825266355570255,0.7639490149883039,-2.1293044601296667,0.8734444918821264,-0.01544137062167986,1.2312058588191428,-1.639139150549556,-0.7439966029242857
2022,Luke Wattenberg,C,Washington,6-4,299.0,5.2,29.5,25.5,113.0,7.45,4.57,True,5,171,76.0,1,-0.9107527268531925,0.46666271157950695,-0.280096405195542,0.827168088723235,-0.10793787494738041,1.7693552301235191,-1.0086411167869567,-0.6522044841037847
2022,Isaiah Weston,WR,Northern Iowa,6-4,214.0,4.42,40.0,20.0,135.0,6.96,4.25,False,0,0,76.0,2,0.7779807295055043,1.4368345113806915,-0.918966110365521,1.5074535648956748,1.5356956970062727,2.356565486146164,-0.029945465688526695,-0.03554458988122652
2022,Tre Williams,EDGE,Arkansas,6-4,253.0,5.08,26.5,23.0,104.0,7.2,4.24,False,0,0,76.0,1,0.10111519919887972,0.2586583365121535,2.8548049938179427,-2.2423100869188364,0.09550469143656996,-2.606311347810957,0.41643958374570705,-1.2582686742368845
2022,Garrett Wilson,WR,Ohio St.,6-0,183.0,4.38,36.0,14.0,123.0,6.96,4.36,True,1,10,72.0,2,-1.3077392279345261,-0.3187284147428101,-1.3384365706697492,0.2059638986403987,-0.06690467575609896,0.26799891445775326,-0.029945465688526695,0.7389173396462339
2022,Nick Zakelj,OT,Fordham,6-6,316.0,5.13,28.5,27.0,110.0,7.75,4.71,True,6,187,78.0,0,0.241659492278114,0.3164807866594626,-0.4939374830874656,0.13235291522816692,0.720131514389235,0.8814463772551185,-0.21422872236142707,-0.29178039385052984
2022,Bailey Zappe,QB,Western Kentucky,6-1,215.0,4.88,30.0,16.0,109.0,7.19,4.4,True,4,137,73.0,1,-0.6586655497472976,-1.0740286321557804,0.45814222660141946,-0.5004389522433812,-0.061313606531362225,-0.5586947574569032,0.49540262882646996,0.4516637624455729
2023,Adetomiwa Adebawore,DE,Northwestern,6-2,282.0,4.49,37.5,27.0,125.0,7.24,4.43,True,4,110,74.0,2,0.9766352834070057,-1.2721115294224987,-2.267541663478756,1.5293518650313451,0.7527668178069068,1.5585404826067304,-0.049304283041180265,-0.05244307264774429
2023,Jake Andrews,C,Troy,6-3,305.0,5.15,26.0,25.5,102.0,7.67,4.73,True,4,107,75.0,2,0.04793435404490678,-0.39297912554063485,-0.6228717262390358,-0.5238731228580491,-0.10793787494738041,-0.013895459922436544,-0.13156188479830008,0.33358367000720385
2023,Malaesala Aumavae-Laulu,OT,Oregon,6-6,317.0,5.23,28.5,24.0,106.0,7.65,4.75,True,6,199,78.0,1,0.3344468399958206,0.3164807866594626,0.0662234730349186,0.13235291522816692,0.0010652833053096855,0.27863350527213526,-0.5660642152907762,-0.08286841734657058
2023,Alex Austin,CB,Oregon St.,6-1,195.0,4.55,33.0,14.0,122.0,6.92,4.33,True,7,252,73.0,2,0.18468134145340132,0.991184257589951,0.5998418163469216,-1.027054488687869,-0.08050602617159051,-0.12337715737732258,0.03552960103862786,1.3019322338213881
2023,Steve Avila,OG,TCU,6-4,332.0,5.21,29.5,26.0,98.0,7.85,4.74,False,0,0,76.0,1,1.51692829438922,-0.12394670466714025,-0.32210665372984176,0.8306154721789101,-0.006573798768079143,-0.5243021511301165,0.04327313376399852,-0.26313447975623094
2023,Tyson Bagent,QB,Shepherd,6-3,213.0,4.79,36.0,16.0,120.0,6.95,4.36,False,0,0,75.0,1,-0.8482327079672519,0.09224785797656607,-0.10282669497895144,1.58374209592317,-0.061313606531362225,1.1330294925720075,-0.7374446864956359,0.18203649110369735
2023,Henry Bainivalu,OG,Washington,6-6,306.0,5.5,28.0,26.0,101.0,8.34,4.97,False,0,0,78.0,1,-0.7688683193097628,1.5518127424325245,1.2660670987147782,0.33400928775118915,-0.006573798768079143,-0.07978510995458227,1.7660847717432462,0.9152108230231172
2023,Habakkuk Baldonado,EDGE,Pittsburgh,6-4,251.0,4.78,35.0,21.0,120.0,7.11,4.44,False,0,0,76.0,0,-0.1355373946708415,0.2586583365121535,0.7146740352538343,0.4098846395443031,-0.48813508956468954,0.17038839319829546,-0.22975977034245995,0.682959294431527
2023,Jeremy Banks,LB,Tennessee,6-1,232.0,4.53,37.5,25.0,127.0,7.27,4.38,False,0,0,73.0,0,-0.30061187924074134,-0.3046511445718878,-0.9041118847287208,1.0491287701822207,1.0570878542243505,1.153104687641916,0.7557629156704839,0.3502029358237803
2023,Ronnie Bell,WR,Michigan,6-0,191.0,4.54,38.5,14.0,120.0,6.98,4.15,True,7,253,72.0,0,-0.7694889163370989,-0.3187284147428101,0.33944527054716384,1.0193949400499462,-0.06690467575609896,-0.25414272846434943,0.07252572919248301,-0.7396008894516405
2023,Jakorian Bennett,CB,Maryland,5-11,188.0,4.3,40.5,13.0,133.0,6.92,4.16,True,4,104,71.0,2,-0.62300082837793,-0.25656352291434187,-2.1851380452637956,1.7164472276701381,-0.34728089721078226,1.8203358558806624,0.03552960103862786,-0.06869851288760483
2023,Stetson Bennett,QB,Georgia,5-11,192.0,4.67,33.5,16.0,118.0,7.09,4.2,True,4,128,71.0,2,-2.838687869276771,-2.2403051222881265,-0.8507852570861145,0.7153333258537737,-0.061313606531362225,0.8254432652940238,-0.018283752557743074,-0.8964725942638049
2023,Keeanu Benton,DT,Wisconsin,6-4,309.0,5.08,29.5,25.0,111.0,7.34,4.65,True,2,49,76.0,0,0.08963019105841341,0.7477277133506463,-0.14354757878139576,0.15053424548329783,-0.4734890976095219,0.9933573189419589,-1.1988727947666613,-0.024263895889797226
2023,Mekhi Blackmon,CB,USC,5-11,178.0,4.47,36.0,11.0,125.0,6.92,4.16,True,3,102,71.0,2,-1.7768324995655462,-0.25656352291434187,-0.2913517393685087,0.07034619785533391,-0.8808306392891657,0.406726391693037,0.03552960103862786,-0.06869851288760483
2023,Kayshon Boutte,WR,LSU,5-11,195.0,4.5,29.0,14.0,118.0,6.96,4.25,True,6,187,71.0,2,-0.5003637605383853,-0.7576191462736855,-0.08002518975706442,-2.0716430173063345,-0.06690467575609896,-0.6022371570790845,-0.029945465688526695,-0.03554458988122652
2023,Anthony Bradford,OG,LSU,6-4,332.0,5.08,30.0,26.0,106.0,7.84,4.8,True,4,108,76.0,1,1.51692829438922,-0.12394670466714025,-1.0340466117222569,0.9961508669881504,-0.006573798768079143,0.6610766253379748,0.008113712580749333,0.04425994705577155
2023,Brian Branch,CB,Alabama,6-0,190.0,4.58,34.5,14.0,125.0,6.92,4.16,True,2,45,72.0,2,-0.3922344941404068,0.36731036733780453,0.9340393997402104,-0.47835414541626753,-0.08050602617159051,0.406726391693037,0.03552960103862786,-0.06869851288760483
2023,Julius Brents,CB,Kansas St.,6-3,198.0,4.53,41.5,14.0,138.0,6.63,4.05,True,2,44,75.0,1,0.5308308428096862,2.238932038094244,0.37704342741806895,2.0822474565178726,-0.08050602617159051,2.7038417709979283,-1.6468914104619494,-0.955577231346368
2023,Jalen Brooks,WR,South Carolina,6-1,201.0,4.69,35.0,14.0,130.0,7.15,4.31,True,7,244,73.0,1,-0.09667602684031491,0.1201623167880653,1.9124594966880222,-0.11940851792342029,-0.06690467575609896,1.4863294146093262,0.943530885681045,0.3868891898610206
2023,Ji'Ayir Brown,DB,Penn St.,5-11,203.0,4.65,32.5,18.0,119.0,7.02,4.31,True,3,87,71.0,2,0.6685504435516608,-0.457277705129277,0.9632928762241992,-0.9104136844113474,0.8740854700545675,-0.7793881681887138,-0.1096041443127341,0.07970083135963063
2023,Sydney Brown,DB,Illinois,5-10,211.0,4.47,40.5,23.0,130.0,7.02,4.31,True,3,66,70.0,2,1.454438311889941,-1.0784851536067828,-0.5536300491543675,1.2431726902126212,2.148056195640172,1.0632250533201284,-0.1096041443127341,0.07970083135963063
2023,Jason Brownlee,WR,Southern Mississippi,6-2,198.0,4.59,39.5,16.0,131.0,6.96,4.25,False,0,0,74.0,2,-0.2985198936893501,0.5590530483189408,0.8637833459274469,1.3447673566137652,0.46729544849802496,1.6603766289166937,-0.029945465688526695,-0.03554458988122652
2023,Jack Campbell,LB,Iowa,6-5,249.0,4.65,37.5,21.0,128.0,6.74,4.24,True,1,18,77.0,1,1.074746956124549,2.1813021951347435,-0.117032975121355,1.0491287701822207,0.0564107207590723,1.3155586629726834,-1.8649261940887485,-0.6059916958327426
2023,Kei'Trel Clark,CB,Louisville,5-10,181.0,4.42,34.5,14.0,122.0,6.92,4.21,False,0,0,70.0,2,-1.4306829982092613,-0.8804374131664883,-0.8483477116906503,-0.47835414541626753,-0.08050602617159051,-0.12337715737732258,0.03552960103862786,0.3344281773209212
2023,Jerrod Clark,DT,Coastal Carolina,6-4,334.0,5.25,27.5,27.0,102.0,7.6,4.83,False,0,0,76.0,1,1.6673044724437782,0.7477277133506463,0.8095541754294505,-0.5089491156816275,-0.06595378282710605,-0.46958709622710704,-0.21363331065700245,1.04564469683669
2023,Keondre Coburn,DT,Texas,6-2,332.0,5.22,27.5,24.0,101.0,7.65,4.645,True,6,194,74.0,2,1.541090529932949,-0.659359892681932,0.6413597482157704,-0.5089491156816275,-0.6772567550007298,-0.6321364756903366,-0.02416417909744982,-0.05398357902109323
2023,Chamarri Conner,DB,Virginia Tech,6-0,202.0,4.51,40.5,20.0,125.0,7.02,4.31,True,4,119,72.0,2,0.5703144600093758,0.1639297433482287,-0.21653606573690903,1.2431726902126212,1.3836737602888092,0.22567358899792744,-0.1096041443127341,0.07970083135963063
2023,Jacob Copeland,WR,Maryland,5-11,201.0,4.42,33.0,20.0,127.0,7.01,4.47,False,0,0,71.0,0,-0.09667602684031491,-0.7576191462736855,-0.918966110365521,-0.7701533510510583,1.5356956970062727,0.9641877716872235,0.22623252151399073,1.5133792691736878
2023,Brenton Cox,EDGE,Florida,6-4,250.0,4.82,33.0,24.0,115.0,7.14,4.37,False,0,0,76.0,2,-0.2538636916057021,0.2586583365121535,1.0000248297290493,-0.2141611784470239,0.3873245819371997,-0.6973302758670961,-0.01435998564640853,0.0035295053975808893
2023,McClendon Curtis,OG,Tennessee-Chattanooga,6-6,324.0,5.24,26.5,26.0,105.0,7.7,4.97,False,0,0,78.0,1,0.8136062594049175,1.5518127424325245,-0.15781281727005217,-0.1625968966765318,-0.006573798768079143,0.5129042782794634,-0.48411818398474865,0.9152108230231172
2023,DJ Dale,DT,Alabama,6-1,302.0,5.26,25.5,27.0,98.0,7.69,4.8,False,0,0,73.0,1,-0.3521186077294887,-1.362903695698221,0.8656189845006756,-1.1684324768465528,-0.06595378282710605,-1.1197846140800252,0.12741112615019026,0.8673265980489402
2023,Braeden Daniels,OT,Utah,6-4,294.0,4.99,30.5,24.0,109.0,7.53,4.6,False,0,0,76.0,1,-1.7996621575114307,-1.44174580589311,-1.2781628216587975,0.7762319622841136,0.0010652833053096855,0.7307431592593727,-0.9882668068059971,-0.866288329236419
2023,Gervon Dexter,DT,Florida,6-6,310.0,4.88,31.0,22.0,110.0,7.5,4.645,True,2,53,78.0,1,0.152737162313828,2.1548153193832245,-1.2648437602059224,0.6451467663569919,-1.0847920697831457,0.8308079394787293,-0.5925715737761009,-0.05398357902109323
2023,Demario Douglas,WR,Liberty,5-8,179.0,4.44,39.5,14.0,134.0,6.96,4.29,False,0,0,68.0,2,-1.5768643837332397,-2.0742913408663117,-0.7092308802134022,1.3447673566137652,-0.06690467575609896,2.1825182718387963,-0.029945465688526695,0.2460779299469403
2023,Grant DuBose,WR,Charlotte,6-2,201.0,4.57,35.0,14.0,125.0,6.89,4.32,False,0,0,74.0,1,-0.09667602684031491,0.5590530483189408,0.6540481157753374,-0.11940851792342029,-0.06690467575609896,0.6160933430724883,-0.3885946477720538,0.45729481981806697
2023,Max Duggan,QB,TCU,6-2,207.0,4.52,30.5,16.0,116.0,7.26,4.45,True,7,239,74.0,1,-1.4169341826271147,-0.4908903870896071,-1.7857334597200696,-0.3267571982295019,-0.061313606531362225,0.51785703801604,0.8549830957954141,0.7886978516229158
2023,Bryce Ford-Wheaton,WR,West Virginia,6-4,221.0,4.38,41.0,14.0,129.0,6.97,4.15,False,0,0,76.0,1,1.248949752153253,1.4368345113806915,-1.3384365706697492,1.8328259814594938,-0.06690467575609896,1.3122822003019585,0.02129013175197588,-0.7396008894516405
2023,Isaiah Foskey,EDGE,Notre Dame,6-5,264.0,4.58,34.0,22.0,125.0,7.28,4.41,True,2,40,77.0,0,1.4027044654823464,0.9699687619205832,-0.71207993712224,0.09786173054863959,-0.19631519906405978,1.038107062263687,0.9908390096018569,0.3917750991312632
2023,Blake Freeland,OT,BYU,6-8,302.0,4.98,37.0,24.0,120.0,7.46,4.71,True,4,106,80.0,1,-1.057363375769778,2.074707379212035,-1.3341789172710345,2.8688388652159404,0.0010652833053096855,2.388478557212577,-1.2345516518565434,-0.29178039385052984
2023,Jon Gaines,OG,UCLA,6-4,303.0,5.01,32.5,26.0,114.0,7.31,4.45,False,0,0,76.0,1,-1.032614082428876,-0.12394670466714025,-1.417398896795098,1.823827841034352,-0.006573798768079143,1.8464554018060662,-1.8553356101314982,-1.748874209347586
2023,Connor Galvin,OT,Baylor,6-7,293.0,5.48,30.5,24.0,104.0,8.0,4.92,False,0,0,79.0,1,-1.8924495052291372,1.195594082935749,1.4666258633408717,0.7762319622841136,0.0010652833053096855,-0.022772930719356425,0.665360009961949,0.8050074827952551
2023,Christian Gonzalez,CB,Oregon,6-1,197.0,4.38,41.5,14.0,133.0,6.92,4.16,True,1,17,73.0,2,0.41544767569092456,0.991184257589951,-1.2939444895483654,2.0822474565178726,-0.08050602617159051,1.8203358558806624,0.03552960103862786,-0.06869851288760483
2023,Antoine Green,WR,North Carolina,6-2,199.0,4.47,33.5,14.0,123.0,6.99,4.27,True,7,219,74.0,1,-0.23123860473967173,0.5590530483189408,-0.39462803498523796,-0.6074671427691488,-0.06690467575609896,0.26799891445775326,0.12376132663298559,0.10526667003285377
2023,Jovaughn Gwyn,OG,South Carolina,6-2,297.0,5.12,27.5,26.0,109.0,7.9,4.8,False,0,0,74.0,1,-1.560105608667103,-1.799706151766805,-0.8149881631092057,0.16847389294194884,-0.006573798768079143,1.105593666513509,0.21907023968025072,0.04425994705577155
2023,Jadon Haselwood,WR,Arkansas,6-2,215.0,4.66,37.0,14.0,123.0,6.98,4.31,False,0,0,74.0,1,0.8452620184551827,0.5590530483189408,1.5978566514598487,0.5313363152042178,-0.06690467575609896,0.26799891445775326,0.07252572919248301,0.3868891898610206
2023,Ryan Hayes,OT,Michigan,6-6,298.0,5.18,30.0,24.0,103.0,7.39,4.75,True,7,238,78.0,2,-1.4285127666406043,0.3164807866594626,-0.213857005026276,0.6152622005201269,0.0010652833053096855,-0.17347614871510225,-1.4808364969070897,-0.08286841734657058
2023,Malik Heath,WR,Mississippi,6-2,213.0,4.64,34.0,14.0,124.0,6.96,4.46,False,0,0,74.0,1,0.7106994405558259,0.5590530483189408,1.3881214213077298,-0.4447809344872393,-0.06690467575609896,0.4420461287651208,-0.029945465688526695,1.4429736392166477
2023,Shaka Heyward,LB,Duke,6-3,235.0,4.53,31.0,22.0,116.0,7.32,4.4,False,0,0,75.0,0,-0.057901496529219484,0.9383255252814279,-0.9041118847287208,-0.9936682184545275,0.3065800041253919,-0.6338890409965239,1.002997737345887,0.4868021689175728
2023,Elijah Higgins,WR,Stanford,6-3,235.0,4.54,35.0,14.0,126.0,7.01,4.25,True,6,197,75.0,2,2.1908877974487506,0.9979437798498162,0.33944527054716384,-0.11940851792342029,-0.06690467575609896,0.7901405573798559,0.22623252151399073,-0.03554458988122652
2023,Brandon Hill,DB,Pittsburgh,5-10,193.0,4.43,35.5,15.0,123.0,7.02,4.31,True,7,248,70.0,2,-0.31380939187118956,-1.0784851536067828,-0.8907240325718259,-0.1028187939273592,0.10970303470320478,-0.10934699673095297,-0.1096041443127341,0.07970083135963063
2023,Tre'Vius Hodges-Tomlinson,CB,TCU,5-8,178.0,4.41,39.0,12.0,132.0,6.92,4.16,True,6,182,68.0,2,-1.7768324995655462,-2.128185193670781,-0.9597469061550765,1.1677468843985368,-0.614055768249974,1.643634672857209,0.03552960103862786,-0.06869851288760483
2023,Jordan Howden,DB,Minnesota,6-0,203.0,4.49,33.5,14.0,119.0,7.02,4.31,True,5,146,72.0,2,0.6685504435516608,0.1639297433482287,-0.38508305744563454,-0.6412153875833514,-0.14509111041391612,-0.7793881681887138,-0.1096041443127341,0.07970083135963063
2023,Evan Hull,RB,Northwestern,5-10,209.0,4.47,37.0,19.0,123.0,6.9,4.38,False,0,0,70.0,1,-0.3016426306680049,-0.10357699416728292,-0.9062853965040963,0.7596913776408981,-0.006735354784749435,0.7520832629130405,-0.9879491749895634,0.678583046384299
2023,Xavier Hutchinson,WR,Iowa St.,6-2,203.0,4.53,36.0,14.0,116.0,6.91,4.35,True,6,205,74.0,1,0.037886551059041894,0.5590530483189408,0.2345776554711091,0.2059638986403987,-0.06690467575609896,-0.9503315856938197,-0.2861234528910441,0.6685117096891874
2023,Andre Carter II,EDGE,Army,6-7,256.0,4.67,30.0,11.0,109.0,7.14,4.36,False,0,0,79.0,2,0.45609409000346157,2.3925896127374426,-0.07004064955300815,-1.1502299054340144,-3.406333994570987,-1.738592678745566,-0.01435998564640853,-0.09353189303583753
2023,Jason Taylor II,DB,Oklahoma St.,6-0,204.0,4.5,43.0,14.0,129.0,7.02,4.31,False,0,0,72.0,2,0.7667864270939458,0.1639297433482287,-0.30080956159127176,1.9161684322826114,-0.14509111041391612,0.8957147604556883,-0.1096041443127341,0.07970083135963063
2023,Mark Evans II,OT,University of Arkansas at Pine Bluff,6-3,303.0,5.44,26.5,24.0,101.0,7.75,4.92,False,0,0,75.0,1,-0.9645760280520714,-2.3208591021693965,1.242561480891919,-0.5115261318277797,0.0010652833053096855,-0.47488258470659395,-0.21422872236142707,0.8050074827952551
2023,Rashad Torrence II,DB,Florida,6-0,193.0,4.72,33.5,20.0,119.0,7.02,4.31,False,0,0,72.0,2,-0.31380939187118956,0.1639297433482287,1.5532073472047458,-0.6412153875833514,1.3836737602888092,-0.7793881681887138,-0.1096041443127341,0.07970083135963063
2023,Trey Dean III,DB,Florida,6-2,200.0,4.75,36.5,25.0,124.0,7.02,4.31,False,0,0,74.0,2,0.3738424929248057,1.40634464030324,1.8060278347678416,0.16637950290063688,2.657644485874414,0.05816329613348724,-0.1096041443127341,0.07970083135963063
2023,Clark Phillips III,CB,Utah,5-9,184.0,4.51,33.0,18.0,122.0,6.92,4.32,True,4,113,69.0,2,-1.0845334968529765,-1.5043113034186348,0.15424503848920643,-1.027054488687869,0.9865934579851764,-0.12337715737732258,0.03552960103862786,1.2213068957796844
2023,Thomas Incoom,EDGE,Central Michigan,6-2,262.0,4.66,30.5,23.0,118.0,7.14,4.37,False,0,0,74.0,2,1.1660518716126251,-1.1639625143047059,-0.14137834817181028,-0.9942184509361826,0.09550469143656996,-0.17669907442786115,-0.01435998564640853,0.0035295053975808893
2023,Andrei Iosivas,WR,Princeton,6-3,205.0,4.43,39.0,19.0,128.0,6.85,4.12,False,0,0,75.0,0,0.1724491289583987,0.9979437798498162,-0.8140984952894662,1.1820811483318556,1.2685956348792107,1.138234985994591,-0.5935370375340687,-0.9508177793227671
2023,Rakim Jarrett,WR,Maryland,6-0,192.0,4.44,35.5,13.0,123.0,6.96,4.25,False,0,0,72.0,2,-0.7022076273874205,-0.3187284147428101,-0.7092308802134022,0.043277690358489204,-0.33400473788316093,0.26799891445775326,-0.029945465688526695,-0.03554458988122652
2023,Michael Jefferson,WR,Louisiana,6-4,199.0,4.56,37.0,16.0,133.0,7.03,4.56,False,0,0,76.0,0,-0.23123860473967173,1.4368345113806915,0.5491805006992733,0.5313363152042178,0.46729544849802496,2.0084710575314286,0.32870371639500046,2.1470299387870617
2023,DJ Johnson,EDGE,Oregon,6-4,260.0,4.49,32.0,28.0,110.0,7.14,4.37,False,0,0,76.0,2,0.929399277742904,0.2586583365121535,-1.354119224691472,-0.5261840874426874,1.5546041439397187,-1.5650489449324876,-0.01435998564640853,0.0035295053975808893
2023,Anthony Johnson,CB,Virginia,6-2,205.0,4.63,30.5,15.0,116.0,6.92,4.16,False,0,0,74.0,2,1.3385130126410174,1.6150581478420973,1.491035372062352,-1.9415550608072045,0.1862688448676012,-1.1835842555180416,0.03552960103862786,-0.06869851288760483
2023,Antonio Johnson,DB,Texas A&M,6-2,198.0,4.52,31.0,8.0,118.0,7.02,4.31,True,5,160,74.0,2,0.17737052584023563,1.40634464030324,-0.1322625698825463,-1.3142111296533416,-1.6738559811166416,-0.946898461053154,-0.1096041443127341,0.07970083135963063
2023,Charlie Jones,WR,Purdue,5-11,175.0,4.43,36.5,13.0,124.0,6.96,4.25,True,4,131,71.0,2,-1.8459895395319534,-0.7576191462736855,-0.8140984952894662,0.3686501069223082,-0.33400473788316093,0.4420461287651208,-0.029945465688526695,-0.03554458988122652
2023,Jaylon Jones,CB,Texas A&M,6-2,200.0,4.57,38.0,14.0,122.0,6.88,4.3,True,7,221,74.0,0,0.7615971770472094,1.6150581478420973,0.8226402052757842,0.8019466555508025,-0.08050602617159051,-0.12337715737732258,-0.19652846951317607,1.0600562196962695
2023,Nic Jones,CB,Ball St.,6-0,189.0,4.51,34.5,14.0,122.0,6.92,4.34,True,7,250,72.0,2,-0.5076176612591684,0.36731036733780453,0.15424503848920643,-0.47835414541626753,-0.08050602617159051,-0.12337715737732258,0.03552960103862786,1.3825575718630918
2023,Tyreque Jones,DB,Boise St.,6-2,195.0,4.52,32.0,14.0,119.0,7.02,4.48,False,0,0,74.0,2,-0.11733742478661949,1.40634464030324,-0.1322625698825463,-1.0450128328253454,-0.14509111041391612,-0.7793881681887138,-0.1096041443127341,1.5143157958330344
2023,Brandon Joseph,DB,Notre Dame,6-0,202.0,4.62,30.5,17.0,118.0,7.08,4.23,False,0,0,72.0,0,0.5703144600093758,0.1639297433482287,0.7104723886611035,-1.4488102780673395,0.6192913249374465,-0.946898461053154,0.22860292956655598,-0.5954120930984317
2023,Dontay Demus Jr.,WR,Maryland,6-3,212.0,4.57,35.5,14.0,123.0,6.96,4.39,False,0,0,75.0,2,0.6434181516061475,0.9979437798498162,0.6540481157753374,0.043277690358489204,-0.06690467575609896,0.26799891445775326,-0.029945465688526695,0.9501342295173543
2023,Darrell Luter Jr.,CB,South Alabama,6-0,189.0,4.46,40.5,14.0,123.0,6.9,4.43,True,5,155,72.0,1,-0.5076176612591684,0.36731036733780453,-0.40275093383293503,1.7164472276701381,-0.08050602617159051,0.053324025646130604,-0.08049943423727153,2.1081856142384403
2023,Joey Porter Jr.,CB,Penn St.,6-3,193.0,4.46,35.0,17.0,129.0,6.92,4.16,True,2,32,75.0,2,-0.04608499278412191,2.238932038094244,-0.40275093383293503,-0.29545403099240036,0.7198185869459847,1.1135311237868497,0.03552960103862786,-0.06869851288760483
2023,Tucker Kraft,TE,South Dakota St.,6-5,254.0,4.73,34.0,23.0,122.0,7.08,4.29,False,0,0,77.0,1,0.3503541795001518,0.5303852645691367,-0.0616604469687975,0.19261104307924293,0.9203251963739388,0.8562956557065168,-0.39108349285079985,-0.6795020882299565
2023,Zack Kuntz,TE,Old Dominion,6-7,255.0,4.73,40.0,23.0,128.0,6.87,4.12,False,0,0,79.0,1,0.4658118068354288,1.8875475592019315,-0.0616604469687975,2.1449016156494425,0.9203251963739388,1.8897900655997004,-1.4567203928335217,-1.8823549769099217
2023,Tyler Lacy,DE,Oklahoma St.,6-4,279.0,5.11,28.5,30.0,116.0,7.6,4.43,True,4,130,76.0,1,0.7684026890520116,0.08526216685136973,2.0178116403430906,-1.4222313141401395,1.411230979317124,0.0855346755625865,1.5859544378245727,-0.05244307264774429
2023,Isaiah Land,EDGE,Florida A&M,6-4,236.0,4.62,34.5,21.0,126.0,7.2,4.56,False,0,0,76.0,0,-1.9104318486937506,0.2586583365121535,-0.42672914264702516,0.25387318504647133,-0.48813508956468954,1.2116507960767653,0.41643958374570705,1.8476960756325653
2023,Sam LaPorta,TE,Iowa,6-3,245.0,4.73,35.0,19.0,123.0,6.91,4.25,True,2,34,75.0,2,-0.6887644665173411,-0.8267770300636582,-0.0616604469687975,0.5179928051742763,-0.22760730663011358,1.0285447240220473,-1.2537419356939554,-0.9625262973311252
2023,Tashawn Manning,OG,Kentucky,6-3,327.0,5.34,27.5,26.0,102.0,7.9,4.8,False,0,0,75.0,1,1.077352022524031,-0.9618264282169726,0.3898333042625734,0.16847389294194884,-0.006573798768079143,0.06838723710392916,0.21907023968025072,0.04425994705577155
2023,Jartavius Martin,DB,Illinois,5-11,194.0,4.46,44.0,15.0,133.0,7.02,4.31,True,2,47,71.0,2,-0.2155734083289045,-0.457277705129277,-0.6379035450087303,2.1853667291106076,0.10970303470320478,1.565755931913449,-0.1096041443127341,0.07970083135963063
2023,Ochaun Mathis,EDGE,Nebraska,6-5,250.0,4.74,33.5,21.0,118.0,7.14,4.38,True,6,189,77.0,1,-0.2538636916057021,0.9699687619205832,0.42932324077861944,-0.058149723949192156,-0.48813508956468954,-0.17669907442786115,-0.01435998564640853,0.1005909038309993
2023,Cody Mauch,OT,North Dakota St.,6-5,302.0,5.08,29.0,24.0,108.0,7.33,4.55,False,0,0,77.0,1,-1.057363375769778,-0.5626325096168238,-0.7740179611486553,0.2933226769921536,0.0010652833053096855,0.5800399412636269,-1.6919377926646986,-1.127428299866367
2023,Jordan McFadden,OG,Clemson,6-2,303.0,4.99,28.5,26.0,102.0,7.7,4.81,True,5,156,74.0,2,-1.032614082428876,-1.799706151766805,-1.526928121101621,0.4995446825604295,-0.006573798768079143,0.06838723710392916,-0.48411818398474865,0.09549235152443787
2023,Isaiah McGuire,DE,Missouri,6-4,268.0,4.76,36.5,23.5,122.0,7.39,4.43,True,4,126,76.0,2,0.00488317641703347,0.08526216685136973,-0.4013394182660194,1.2013981784567358,-0.01544137062167986,1.067538546925349,0.6320535173195487,-0.05244307264774429
2023,Tanner McKee,QB,Stanford,6-6,231.0,4.81,33.0,16.0,114.0,7.22,4.41,True,6,188,78.0,2,0.8578717160123361,1.8416625931750856,0.021833065372239627,0.5416515718398944,-0.061313606531362225,0.21027081073805623,0.6495085432417298,0.5190705802810403
2023,Marvin Mims,WR,Oklahoma,5-11,183.0,4.38,39.5,14.0,129.0,6.9,4.25,True,2,63,71.0,2,-1.3077392279345261,-0.7576191462736855,-1.3384365706697492,1.3447673566137652,-0.06690467575609896,1.3122822003019585,-0.33735905033154673,-0.03554458988122652
2023,Jonathan Mingo,WR,Mississippi,6-2,220.0,4.46,39.5,22.0,129.0,6.96,4.25,True,2,39,74.0,2,1.1816684632035748,0.5590530483189408,-0.4994956500612927,1.3447673566137652,2.0698958212603964,1.3122822003019585,-0.029945465688526695,-0.03554458988122652
2023,Mike Morris,DE,Michigan,6-5,275.0,4.95,28.5,22.0,110.0,7.24,4.43,True,5,151,77.0,2,0.49075922991201953,0.7639490149883039,0.9119140135503554,-1.4222313141401395,-0.34467345137678845,-0.8964691958001761,-0.049304283041180265,-0.05244307264774429
2023,Caleb Murphy,EDGE,Ferris St.,6-3,254.0,4.81,28.5,23.0,119.0,7.28,4.45,False,0,0,75.0,1,0.21944149613374034,-0.4526520888962762,0.9286871311102407,-1.6182642689275095,0.09550469143656996,-0.0031553406147828383,0.9908390096018569,0.7800206928649455
2023,PJ Mustipher,DT,Penn St.,6-4,320.0,5.41,27.5,19.0,96.0,8.01,5.03,False,0,0,76.0,0,0.7838068748679738,0.7477277133506463,1.7065911205690718,-0.5089491156816275,-1.6960950419567695,-1.4448833730064843,1.3400135681313075,2.234432022088345
2023,Lukas Van Ness,EDGE,Iowa,6-5,272.0,4.58,31.0,17.0,118.0,7.02,4.32,False,0,0,77.0,0,2.3493148409612314,0.9699687619205832,-0.71207993712224,-0.8382069964383508,-1.6554146515672086,-0.17669907442786115,-0.8759591244306333,-0.4817774867695198
2023,Moro Ojomo,DT,Texas,6-3,292.0,5.04,33.0,29.0,112.0,7.65,4.645,True,7,249,75.0,2,-0.9831883202836346,0.04418391033435714,-0.3678068150663011,1.3046301275219172,0.34158153195530977,1.1559066984051884,-0.02416417909744982,-0.05398357902109323
2023,John Ojukwu,OT,Boise St.,6-6,309.0,5.24,28.5,24.0,104.0,7.52,4.52,False,0,0,78.0,1,-0.407851941745832,0.3164807866594626,0.12223956864715553,0.13235291522816692,0.0010652833053096855,-0.022772930719356425,-1.0234503560989345,-1.2841122822443374
2023,Anfernee Orji,LB,Vanderbilt,6-1,230.0,4.53,38.5,21.0,122.0,7.0,4.43,False,0,0,73.0,1,-0.46241880104842253,-0.3046511445718878,-0.9041118847287208,1.3634052299724897,0.0564107207590723,0.3408348109880797,-0.5793051213766717,0.6917010185582524
2023,Owen Pappoe,LB,Auburn,6-0,225.0,4.39,35.5,29.0,126.0,7.09,4.32,True,5,168,72.0,2,-0.8669361055676256,-0.9261394794985457,-1.822370612603984,0.4205758506016828,2.057764987689629,0.9906507123111488,-0.13428244236095316,-0.059594763457584944
2023,Jarrett Patterson,C,Notre Dame,6-5,306.0,5.33,29.5,25.5,106.0,7.96,4.73,True,6,201,77.0,1,0.20771553419459,1.3263045486996488,0.611119429517544,0.827168088723235,-0.10793787494738041,0.634559336457911,1.0245880119140214,0.33358367000720385
2023,Zacch Pickens,DT,South Carolina,6-4,291.0,4.89,30.5,22.0,116.0,7.45,4.62,True,3,64,76.0,0,-1.046295291539049,0.7477277133506463,-1.2087789511346971,0.4802759260657605,-1.0847920697831457,1.8061042162581065,-0.7820407053356502,-0.20258199467754684
2023,Jose Ramirez,EDGE,Eastern Michigan,6-2,242.0,4.73,34.5,21.0,118.0,6.95,4.3,False,0,0,74.0,0,-1.200474067084587,-1.1639625143047059,0.3579855421598173,0.25387318504647133,-0.48813508956468954,-0.17669907442786115,-1.3785586220547597,-0.6759002836363653
2023,Jalen Redmond,DT,Oklahoma,6-2,291.0,4.81,34.5,27.0,116.0,7.3,4.51,False,0,0,74.0,0,-1.046295291539049,-0.659359892681932,-1.6572974237045077,1.7992426483956112,-0.06595378282710605,1.8061042162581065,-1.3504481000143014,-0.8564150235659586
2023,Jayden Reed,WR,Michigan St.,5-11,187.0,4.45,33.5,14.0,121.0,6.96,4.29,True,2,50,71.0,2,-1.0386140721358126,-0.7576191462736855,-0.6043632651373474,-0.6074671427691488,-0.06690467575609896,-0.08009551415698189,-0.029945465688526695,0.2460779299469403
2023,Tavius Robinson,EDGE,Mississippi,6-6,257.0,4.66,33.5,23.0,120.0,7.14,4.62,False,0,0,78.0,1,0.5744203869383222,1.681279187329013,-0.14137834817181028,-0.058149723949192156,0.09550469143656996,0.17038839319829546,-0.01435998564640853,2.4300644662330932
2023,Jammie Robinson,DB,Florida St.,5-11,191.0,4.59,33.5,23.0,116.0,7.02,4.31,True,5,145,71.0,2,-0.5102813589557597,-0.457277705129277,0.45765190109800785,-0.6412153875833514,2.148056195640172,-1.2819190467820345,-0.1096041443127341,0.07970083135963063
2023,Nick Saldiveri,OG,Old Dominion,6-6,318.0,5.21,31.0,26.0,111.0,7.83,4.69,False,0,0,78.0,2,0.2861147331666908,1.5518127424325245,-0.32210665372984176,1.327221656606631,-0.006573798768079143,1.401938360630532,-0.027045708602499857,-0.5192965020995671
2023,John Michael Schmitz,C,Minnesota,6-4,301.0,5.35,29.5,25.5,104.0,7.67,4.56,False,0,0,76.0,2,-0.5911903665538261,0.46666271157950695,0.7482295579349391,0.827168088723235,-0.10793787494738041,0.3103319382677372,-0.13156188479830008,-0.7138162437357256
2023,Daniel Scott,DB,California,6-1,208.0,4.45,39.5,22.0,128.0,6.75,4.17,True,5,158,73.0,0,1.159730361263086,0.7851371918257344,-0.722177040863093,0.9739743933846251,1.893262050523051,0.728204467591248,-1.6315359767695246,-1.1017467864419876
2023,Juice Scruggs,C,Penn St.,6-3,301.0,5.22,32.0,25.5,102.0,7.75,4.82,True,2,62,75.0,1,-0.5911903665538261,-0.39297912554063485,-0.142986276778147,1.7921975255670093,-0.10793787494738041,-0.013895459922436544,0.18737601774303023,0.8880895066946336
2023,Noah Sewell,LB,Oregon,6-2,246.0,4.64,33.0,27.0,115.0,7.09,4.32,True,5,148,74.0,2,0.8320365734130273,0.31683719035477004,-0.18262288425530654,-0.3651152988739896,1.5574264209569897,-0.7963430163272912,-0.13428244236095316,-0.059594763457584944
2023,Justin Shorter,WR,Florida,6-4,229.0,4.55,35.5,18.0,126.0,6.96,4.25,True,5,150,76.0,2,1.7872000637506804,1.4368345113806915,0.4443128856232186,0.043277690358489204,1.0014955727521488,0.7901405573798559,-0.029945465688526695,-0.03554458988122652
2023,Peter Skoronski,OT,Northwestern,6-4,313.0,5.16,34.5,24.0,115.0,7.8,4.75,True,1,11,76.0,2,-0.036702550875005714,-1.44174580589311,-0.32588919625074986,2.063990056396007,0.0010652833053096855,1.6349624672338479,-0.03831097589675248,-0.08286841734657058
2023,Terell Smith,CB,Minnesota,6-1,204.0,4.41,34.0,14.0,120.0,7.02,4.3,False,0,0,73.0,0,1.223129845522256,0.991184257589951,-0.9597469061550765,-0.6612542598401346,-0.08050602617159051,-0.4767795234242289,0.6156747774181351,1.0600562196962695
2023,Christopher Smith,DB,Georgia,5-11,192.0,4.62,33.0,15.0,116.0,7.02,4.31,True,5,170,71.0,2,-0.4120453754134746,-0.457277705129277,0.7104723886611035,-0.7758145359973494,0.10970303470320478,-1.2819190467820345,-0.1096041443127341,0.07970083135963063
2023,Jaxon Smith-Njigba,WR,Ohio St.,6-1,196.0,4.51,35.0,14.0,125.0,6.57,3.93,True,1,20,73.0,2,-0.43308247158870694,0.1201623167880653,0.02484242531899031,-0.11940851792342029,-0.06690467575609896,0.6160933430724883,-2.0281337658681684,-2.288524748506558
2023,Sidy Sow,OG,Eastern Michigan,6-5,323.0,5.07,32.0,26.0,110.0,7.62,4.69,False,0,0,77.0,1,0.7256910050318798,0.7139330188826921,-1.0888112238755185,1.6582924462251116,-0.006573798768079143,1.2537660135720206,-0.7653935534507484,-0.5192965020995671
2023,Tyrique Stevenson,CB,Miami,6-0,198.0,4.45,38.5,14.0,125.0,7.09,4.41,True,2,56,72.0,1,0.5308308428096862,0.36731036733780453,-0.5141501282973614,0.9848467699746696,-0.08050602617159051,0.406726391693037,1.0217764008837933,1.9469349381550327
2023,Dante Stills,DT,West Virginia,6-4,286.0,4.85,28.5,20.0,113.0,7.38,4.61,True,6,213,76.0,0,-1.361830147816122,0.7477277133506463,-1.4330381874196025,-0.17920743509916484,-1.4923273845655616,1.318456077868418,-1.0472974895190212,-0.2620213609401283
2023,Brenton Strange,TE,Penn St.,6-4,253.0,4.73,36.0,23.0,124.0,7.25,4.46,True,2,61,76.0,1,0.2348965521648748,-0.14819588274726075,-0.0616604469687975,0.8433745672693095,0.9203251963739388,1.200793792337578,0.4715749499923558,0.5233508004500087
2023,Charlie Thomas,LB,Georgia Tech,6-3,216.0,4.52,32.5,18.0,124.0,7.09,4.34,False,0,0,75.0,0,-1.595067253702191,0.9383255252814279,-0.9697017938626724,-0.522253528769124,-0.6940971293398863,0.6657427616496142,-0.13428244236095316,0.07700446963620144
2023,SaRodorick Thompson,RB,Texas Tech,6-0,207.0,4.67,32.5,19.0,120.0,7.25,4.7,False,0,0,72.0,1,-0.4529650134948113,0.9750523933679008,0.9937367468088982,-0.6742260976562952,-0.006735354784749435,0.2039035073223605,1.1466834455418442,3.0833599295004923
2023,Dorian Thompson-Robinson,QB,UCLA,6-2,203.0,4.56,32.5,16.0,121.0,7.28,4.44,True,5,140,74.0,1,-1.796068499067023,-0.4908903870896071,-1.5364139390176819,0.3679698178260152,-0.061313606531362225,1.2868226062109995,0.9577203720722585,0.7212910337874484
2023,Mitchell Tinsley,WR,Penn St.,6-0,199.0,4.6,35.5,14.0,120.0,6.96,4.21,False,0,0,72.0,1,-0.23123860473967173,-0.3187284147428101,0.9686509610035016,0.043277690358489204,-0.06690467575609896,-0.25414272846434943,-0.029945465688526695,-0.3171671097093933
2023,Henry To'oTo'o,LB,Alabama,6-1,227.0,4.62,32.0,21.0,116.0,7.09,4.4,True,5,167,73.0,2,-0.7051291837599444,-0.3046511445718878,-0.3138027025231979,-0.6793917586642585,0.0564107207590723,-0.6338890409965239,-0.13428244236095316,0.4868021689175728
2023,O'Cyrus Torrence,OG,Florida,6-5,330.0,5.31,23.5,26.0,101.0,7.83,4.81,True,2,59,77.0,2,1.3410977856431443,0.7139330188826921,0.2255394678027838,-1.1558092655319736,-0.006573798768079143,-0.07978510995458227,-0.027045708602499857,0.09549235152443787
2023,Cory Trice,CB,Purdue,6-3,206.0,4.47,35.5,17.0,132.0,6.92,4.16,True,7,241,75.0,2,1.4538961797597791,2.238932038094244,-0.2913517393685087,-0.11255391656853322,0.7198185869459847,1.643634672857209,0.03552960103862786,-0.06869851288760483
2023,Clayton Tune,QB,Houston,6-3,220.0,4.64,37.5,16.0,122.0,6.89,4.25,True,5,139,75.0,1,-0.1847476541974121,0.09224785797656607,-1.0377748976129066,2.104787357964808,-0.061313606531362225,1.4406157198499914,-1.0456565153261645,-0.5594385050864619
2023,Alex Ward,LS,Central Florida,6-4,240.0,5.06,30.0,12.0,114.0,7.51,4.46,False,0,0,76.0,1,0.5348711181499303,1.101835738552104,-0.11688222081163306,0.19910804339600058,-1.1328430311977622,0.6805558632895136,0.17955181303155898,-0.4258722682554361
2023,Jay Ward,CB,LSU,6-1,188.0,4.55,34.5,16.0,132.0,6.92,4.16,True,4,134,73.0,2,-0.62300082837793,0.991184257589951,0.5998418163469216,-0.47835414541626753,0.45304371590679293,1.643634672857209,0.03552960103862786,-0.06869851288760483
2023,Darnell Washington,TE,Georgia,6-7,264.0,4.73,31.0,21.0,122.0,7.14,4.08,True,3,93,79.0,2,1.5049304528529217,1.8875475592019315,-0.0616604469687975,-0.783534243205857,0.3463589448719126,0.8562956557065168,-0.08661580714145264,-2.1653791860110903
2023,Tyrus Wheat,EDGE,Mississippi St.,6-2,263.0,4.65,28.5,23.0,113.0,7.14,4.54,False,0,0,74.0,2,1.2843781685474858,-1.1639625143047059,-0.2127160467906124,-1.6182642689275095,0.09550469143656996,-1.0444177434932527,-0.01435998564640853,1.6535732787657285
2023,Brayden Willis,TE,Oklahoma,6-4,241.0,4.73,32.0,20.0,117.0,7.3,4.36,True,7,247,76.0,1,-1.150594975858449,-0.14819588274726075,-0.0616604469687975,-0.45815248111082363,0.05937581912089951,-0.004949685871136246,0.7252980214168125,-0.18420972230290977
2023,Michael Wilson,WR,Stanford,6-2,213.0,4.58,37.5,23.0,125.0,6.96,4.27,True,3,94,74.0,1,0.7106994405558259,0.5590530483189408,0.7589157308513921,0.6940225234861273,2.3369958833874587,0.6160933430724883,-0.029945465688526695,0.10526667003285377
2023,Colby Wooden,DE,Auburn,6-4,273.0,4.79,32.5,23.0,115.0,7.24,4.52,True,4,116,76.0,2,0.35193750034202353,0.08526216685136973,-0.19398361324237998,-0.11041656784170187,-0.1251853975400494,-0.07813263633120728,-0.049304283041180265,0.5133734521239735
2023,Luke Wypler,C,Ohio St.,6-3,303.0,5.14,30.5,25.5,106.0,7.64,4.53,True,6,190,75.0,1,-0.27162800625445965,-0.39297912554063485,-0.6914267904477394,1.2131798634607447,-0.10793787494738041,0.634559336457911,-0.2511635982512998,-0.8986515226315319
2023,Byron Young,DT,Alabama,6-3,294.0,5.08,26.0,24.0,108.0,7.68,4.645,True,3,70,75.0,2,-0.8569743777728054,0.04418391033435714,-0.14354757878139576,-1.0035616365553215,-0.6772567550007298,0.5057091805522702,0.08951729983827772,-0.05398357902109323
2023,Byron Young,EDGE,Tennessee,6-2,250.0,4.43,38.0,22.0,132.0,7.19,4.37,True,3,77,74.0,1,-0.2538636916057021,-1.1639625143047059,-1.7821454164042974,1.3459533665312935,-0.19631519906405978,2.252913198955235,0.3446396555136899,0.0035295053975808893
